bfs_nr,commune_ofs,canton,join_key,premium_region,log_pop_density,pop_density_2024,is_urban,pct_hh_1p,pct_hh_2p,pct_hh_3p,pct_hh_4p,pct_hh_5p_plus,pct_large_hh,pct_small_hh,social_assistance_rate,social_assistance_count,avg_premium_2025,avg_premium_2026,median_premium_2026,std_premium_2026,p10_premium_2026,p90_premium_2026,iqr_premium_2026,n_insurers_2026,premium_increase_pct,n_insurers_change,sa_estimated,sa_count_est
1,Aeugst am Albis,ZH,ZH_H3,3,5.534179690270021,252.2,0.0,28.9,38.2,13.2,13.9,5.8,19.7,67.1,1.2,23.0,506.2,526.8,525.2,38.5,472.8,573.6,57.5,27.0,4.07,-2.0,0,0
2,Affoltern am Albis,ZH,ZH_H3,3,7.104472716059824,1216.4,1.0,36.3,32.9,12.6,12.4,5.8,18.2,69.19999999999999,2.4,314.0,506.2,526.8,525.2,38.5,472.8,573.6,57.5,27.0,4.07,-2.0,0,0
3,Bonstetten,ZH,ZH_H3,3,6.646130740849646,768.8,0.0,30.0,33.5,14.6,17.3,4.6,21.9,63.5,1.0,57.0,506.2,526.8,525.2,38.5,472.8,573.6,57.5,27.0,4.07,-2.0,0,0
4,Hausen am Albis,ZH,ZH_H3,3,5.675040005790547,290.5,0.0,30.8,35.2,12.9,14.4,6.6,21.0,66.0,1.3,51.0,506.2,526.8,525.2,38.5,472.8,573.6,57.5,27.0,4.07,-2.0,0,0
5,Hedingen,ZH,ZH_H3,3,6.419832048433451,612.9,0.0,28.9,35.1,14.2,15.6,6.1,21.7,64.0,1.2,47.0,506.2,526.8,525.2,38.5,472.8,573.6,57.5,27.0,4.07,-2.0,0,0
6,Kappel am Albis,ZH,ZH_H3,3,5.167639042905921,174.5,0.0,27.0,34.3,12.5,18.0,8.3,26.3,61.3,0.8,10.0,506.2,526.8,525.2,38.5,472.8,573.6,57.5,27.0,4.07,-2.0,0,0
7,Knonau,ZH,ZH_H3,3,5.945682354452854,381.1,0.0,25.5,34.8,14.1,17.8,7.8,25.6,60.3,0.9,23.0,506.2,526.8,525.2,38.5,472.8,573.6,57.5,27.0,4.07,-2.0,0,0
8,Maschwanden,ZH,ZH_H3,3,4.9788005705762375,144.3,0.0,28.4,39.4,12.8,12.8,6.6,19.4,67.8,1.5,0.0,506.2,526.8,525.2,38.5,472.8,573.6,57.5,27.0,4.07,-2.0,0,0
9,Mettmenstetten,ZH,ZH_H3,3,6.094246741751008,442.3,0.0,27.3,34.6,13.7,16.9,7.6,24.5,61.900000000000006,1.5,83.0,506.2,526.8,525.2,38.5,472.8,573.6,57.5,27.0,4.07,-2.0,0,0
10,Obfelden,ZH,ZH_H3,3,6.67405621372841,790.6,0.0,29.3,34.7,13.0,16.5,6.4,22.9,64.0,2.1,126.0,506.2,526.8,525.2,38.5,472.8,573.6,57.5,27.0,4.07,-2.0,0,0
11,Ottenbach,ZH,ZH_H3,3,6.385531610263777,592.2,0.0,28.8,36.9,13.8,15.0,5.5,20.5,65.7,2.1,61.0,506.2,526.8,525.2,38.5,472.8,573.6,57.5,27.0,4.07,-2.0,0,0
12,Rifferswil,ZH,ZH_H3,3,5.205653681684617,181.3,0.0,28.4,33.8,12.9,17.4,7.5,24.9,62.199999999999996,1.0,11.0,506.2,526.8,525.2,38.5,472.8,573.6,57.5,27.0,4.07,-2.0,0,0
13,Stallikon,ZH,ZH_H3,3,5.787510690186913,325.2,0.0,26.1,37.1,14.4,17.2,5.2,22.4,63.2,0.7,29.0,506.2,526.8,525.2,38.5,472.8,573.6,57.5,27.0,4.07,-2.0,0,0
14,Wettswil am Albis,ZH,ZH_H3,3,7.256014913319522,1415.6,1.0,26.8,34.6,15.6,18.1,5.0,23.1,61.400000000000006,1.3,68.0,506.2,526.8,525.2,38.5,472.8,573.6,57.5,27.0,4.07,-2.0,0,0
22,Benken (ZH),ZH,ZH_H3,3,5.056245805348308,156.0,0.0,32.3,36.2,10.6,13.5,7.4,20.9,68.5,1.0,8.0,506.2,526.8,525.2,38.5,472.8,573.6,57.5,27.0,4.07,-2.0,1,1
23,Berg am Irchel,ZH,ZH_H3,3,4.442651256490317,84.0,0.0,28.9,43.7,11.0,10.6,5.7,16.3,72.6,2.2,13.0,506.2,526.8,525.2,38.5,472.8,573.6,57.5,27.0,4.07,-2.0,1,1
24,Buch am Irchel,ZH,ZH_H3,3,4.657762636107262,104.4,0.0,24.2,38.2,15.4,15.2,6.9,22.1,62.400000000000006,1.5,0.0,506.2,526.8,525.2,38.5,472.8,573.6,57.5,27.0,4.07,-2.0,1,1
25,Dachsen,ZH,ZH_H3,3,6.571303042160927,713.3,0.0,27.9,39.5,11.9,14.9,5.8,20.7,67.4,1.6,32.0,506.2,526.8,525.2,38.5,472.8,573.6,57.5,27.0,4.07,-2.0,1,1
26,Dorf,ZH,ZH_H3,3,4.882044059723269,130.9,0.0,25.7,35.6,15.8,19.1,3.6,22.700000000000003,61.3,1.5,0.0,506.2,526.8,525.2,38.5,472.8,573.6,57.5,27.0,4.07,-2.0,1,1
27,Feuerthalen,ZH,ZH_H3,3,7.34768622397158,1551.6,1.0,36.5,33.1,13.6,11.8,5.0,16.8,69.6,1.9,72.0,506.2,526.8,525.2,38.5,472.8,573.6,57.5,27.0,4.07,-2.0,1,1
28,Flaach,ZH,ZH_H3,3,4.996536369716754,146.9,0.0,32.7,36.0,14.0,10.4,6.9,17.3,68.7,2.3,34.0,506.2,526.8,525.2,38.5,472.8,573.6,57.5,27.0,4.07,-2.0,1,1
29,Flurlingen,ZH,ZH_H3,3,6.444290226575984,628.1,0.0,29.1,37.2,13.6,14.3,5.7,20.0,66.30000000000001,0.7,11.0,506.2,526.8,525.2,38.5,472.8,573.6,57.5,27.0,4.07,-2.0,1,1
31,Henggart,ZH,ZH_H3,3,6.651959395392677,773.3,0.0,27.1,36.1,15.7,14.8,6.3,21.1,63.2,1.2,28.0,506.2,526.8,525.2,38.5,472.8,573.6,57.5,27.0,4.07,-2.0,1,1
33,Kleinandelfingen,ZH,ZH_H3,3,5.3867860145356445,217.5,0.0,29.5,38.2,13.0,13.3,6.1,19.4,67.7,1.7,38.0,506.2,526.8,525.2,38.5,472.8,573.6,57.5,27.0,4.07,-2.0,1,1
34,Laufen-Uhwiesen,ZH,ZH_H3,3,5.677096209393695,291.1,0.0,35.1,38.1,10.7,12.2,3.9,16.099999999999998,73.2,1.8,33.0,506.2,526.8,525.2,38.5,472.8,573.6,57.5,27.0,4.07,-2.0,1,1
35,Marthalen,ZH,ZH_H3,3,4.954417614098027,140.8,0.0,32.7,35.9,11.5,13.3,6.6,19.9,68.6,1.3,25.0,506.2,526.8,525.2,38.5,472.8,573.6,57.5,27.0,4.07,-2.0,1,1
37,Ossingen,ZH,ZH_H3,3,4.950177325059141,140.2,0.0,30.6,35.5,13.1,14.0,6.8,20.8,66.1,1.3,23.0,506.2,526.8,525.2,38.5,472.8,573.6,57.5,27.0,4.07,-2.0,1,1
38,Rheinau,ZH,ZH_H3,3,5.001258132283659,147.6,0.0,37.3,34.9,10.8,10.6,6.3,16.9,72.19999999999999,1.8,24.0,506.2,526.8,525.2,38.5,472.8,573.6,57.5,27.0,4.07,-2.0,1,1
39,Thalheim an der Thur,ZH,ZH_H3,3,5.055608659738987,155.9,0.0,27.1,39.4,10.4,15.5,7.7,23.2,66.5,1.4,14.0,506.2,526.8,525.2,38.5,472.8,573.6,57.5,27.0,4.07,-2.0,0,0
40,Trüllikon,ZH,ZH_H3,3,4.757891273005756,115.5,0.0,29.8,42.2,10.9,10.3,6.8,17.1,72.0,1.0,11.0,506.2,526.8,525.2,38.5,472.8,573.6,57.5,27.0,4.07,-2.0,0,0
41,Truttikon,ZH,ZH_H3,3,4.653007515402251,103.9,0.0,24.1,40.6,11.2,18.2,5.9,24.1,64.7,1.5,0.0,506.2,526.8,525.2,38.5,472.8,573.6,57.5,27.0,4.07,-2.0,0,0
43,Volken,ZH,ZH_H3,3,4.79081953287472,119.4,0.0,31.5,33.3,16.0,11.1,8.0,19.1,64.8,3.1,12.0,506.2,526.8,525.2,38.5,472.8,573.6,57.5,27.0,4.07,-2.0,1,1
51,Bachenbülach,ZH,ZH_H3,3,6.903144666424454,994.4,0.0,31.4,34.3,13.5,13.9,7.0,20.9,65.69999999999999,3.0,128.0,506.2,526.8,525.2,38.5,472.8,573.6,57.5,27.0,4.07,-2.0,0,0
52,Bassersdorf,ZH,ZH_H3,3,7.217590156075051,1362.2,1.0,30.2,34.5,14.7,14.4,6.1,20.5,64.7,1.8,224.0,506.2,526.8,525.2,38.5,472.8,573.6,57.5,27.0,4.07,-2.0,0,0
53,Bülach,ZH,ZH_H3,3,7.3292249612320175,1523.2,1.0,33.0,33.6,13.8,13.6,6.0,19.6,66.6,1.3,323.0,506.2,526.8,525.2,38.5,472.8,573.6,57.5,27.0,4.07,-2.0,0,0
54,Dietlikon,ZH,ZH_H2,2,7.544173365295993,1888.7,1.0,34.5,34.3,12.7,13.1,5.4,18.5,68.8,2.1,171.0,543.3,563.9,565.2,33.9,517.7,611.5,46.1,27.0,3.79,-2.0,0,0
55,Eglisau,ZH,ZH_H3,3,6.454726753942363,634.7,0.0,27.9,35.9,14.1,16.5,5.6,22.1,63.8,1.6,90.0,506.2,526.8,525.2,38.5,472.8,573.6,57.5,27.0,4.07,-2.0,0,0
56,Embrach,ZH,ZH_H3,3,6.705761486390662,816.1,0.0,31.8,32.7,14.4,13.7,7.3,21.0,64.5,1.9,197.0,506.2,526.8,525.2,38.5,472.8,573.6,57.5,27.0,4.07,-2.0,0,0
57,Freienstein-Teufen,ZH,ZH_H3,3,5.64685932725658,282.4,0.0,27.0,41.8,12.6,12.4,6.2,18.6,68.8,1.1,26.0,506.2,526.8,525.2,38.5,472.8,573.6,57.5,27.0,4.07,-2.0,1,1
58,Glattfelden,ZH,ZH_H3,3,6.094697801749634,442.5,0.0,30.9,33.9,15.2,14.1,5.9,20.0,64.8,1.6,84.0,506.2,526.8,525.2,38.5,472.8,573.6,57.5,27.0,4.07,-2.0,0,0
59,Hochfelden,ZH,ZH_H3,3,5.791793351978915,326.6,0.0,27.1,36.1,14.7,14.8,7.2,22.0,63.2,0.7,13.0,506.2,526.8,525.2,38.5,472.8,573.6,57.5,27.0,4.07,-2.0,0,0
60,Höri,ZH,ZH_H3,3,6.613518437559682,744.1,0.0,27.4,33.0,15.4,15.8,8.4,24.200000000000003,60.4,1.8,62.0,506.2,526.8,525.2,38.5,472.8,573.6,57.5,27.0,4.07,-2.0,0,0
61,Hüntwangen,ZH,ZH_H3,3,5.4107527958778245,222.8,0.0,27.9,38.0,13.7,15.2,5.2,20.4,65.9,0.6,7.0,506.2,526.8,525.2,38.5,472.8,573.6,57.5,27.0,4.07,-2.0,0,0
62,Kloten,ZH,ZH_H2,2,7.03852034886169,1138.7,1.0,39.7,31.6,13.3,10.7,4.7,15.399999999999999,71.30000000000001,3.5,738.0,543.3,563.9,565.2,33.9,517.7,611.5,46.1,27.0,3.79,-2.0,0,0
63,Lufingen,ZH,ZH_H3,3,6.308644740348575,548.3,0.0,26.3,33.8,16.9,17.0,6.0,23.0,60.099999999999994,0.5,14.0,506.2,526.8,525.2,38.5,472.8,573.6,57.5,27.0,4.07,-2.0,0,0
64,Nürensdorf,ZH,ZH_H3,3,6.361475174231744,578.1,0.0,32.1,36.3,13.8,13.3,4.5,17.8,68.4,1.1,63.0,506.2,526.8,525.2,38.5,472.8,573.6,57.5,27.0,4.07,-2.0,0,0
65,Oberembrach,ZH,ZH_H3,3,4.7104306966455844,110.1,0.0,33.8,38.7,10.5,13.2,3.8,17.0,72.5,0.7,8.0,506.2,526.8,525.2,38.5,472.8,573.6,57.5,27.0,4.07,-2.0,0,0
66,Opfikon,ZH,ZH_H2,2,8.257593103091413,3855.8,1.0,39.5,28.8,13.3,11.9,6.5,18.4,68.3,3.5,763.0,543.3,563.9,565.2,33.9,517.7,611.5,46.1,27.0,3.79,-2.0,1,1
67,Rafz,ZH,ZH_H3,3,6.10367653771491,446.5,0.0,31.6,35.9,12.8,13.7,5.8,19.5,67.5,0.9,43.0,506.2,526.8,525.2,38.5,472.8,573.6,57.5,27.0,4.07,-2.0,0,0
68,Rorbas,ZH,ZH_H3,3,6.519884479274924,677.5,0.0,29.2,30.7,14.9,16.0,9.1,25.1,59.9,2.9,86.0,506.2,526.8,525.2,38.5,472.8,573.6,57.5,27.0,4.07,-2.0,0,0
69,Wallisellen,ZH,ZH_H2,2,7.9259164432526195,2767.1,1.0,36.3,33.4,13.2,12.4,4.7,17.1,69.69999999999999,1.6,276.0,543.3,563.9,565.2,33.9,517.7,611.5,46.1,27.0,3.79,-2.0,0,0
70,Wasterkingen,ZH,ZH_H3,3,5.017279836814924,150.0,0.0,33.0,40.2,11.2,10.1,5.4,15.5,73.2,0.0,0.0,506.2,526.8,525.2,38.5,472.8,573.6,57.5,27.0,4.07,-2.0,0,0
71,Wil (ZH),ZH,ZH_H3,3,5.175019150203543,175.8,0.0,27.5,36.3,14.0,14.2,8.0,22.2,63.8,0.5,8.0,506.2,526.8,525.2,38.5,472.8,573.6,57.5,27.0,4.07,-2.0,0,0
72,Winkel,ZH,ZH_H3,3,6.442699389460335,627.1,0.0,30.3,39.7,14.1,12.1,3.8,15.899999999999999,70.0,1.0,48.0,506.2,526.8,525.2,38.5,472.8,573.6,57.5,27.0,4.07,-2.0,0,0
81,Bachs,ZH,ZH_H3,3,4.321480134805848,74.3,0.0,27.1,36.1,18.4,13.5,4.9,18.4,63.2,1.5,0.0,506.2,526.8,525.2,38.5,472.8,573.6,57.5,27.0,4.07,-2.0,1,1
82,Boppelsen,ZH,ZH_H3,3,5.888323788188469,359.8,0.0,27.5,35.5,16.2,16.5,4.3,20.8,63.0,0.5,7.0,506.2,526.8,525.2,38.5,472.8,573.6,57.5,27.0,4.07,-2.0,0,0
83,Buchs (ZH),ZH,ZH_H3,3,7.062020237993567,1165.8,1.0,32.4,33.1,13.5,15.4,5.6,21.0,65.5,1.6,106.0,506.2,526.8,525.2,38.5,472.8,573.6,57.5,27.0,4.07,-2.0,0,0
84,Dällikon,ZH,ZH_H3,3,6.898916330314933,990.2,0.0,29.7,33.9,15.6,14.5,6.2,20.7,63.599999999999994,2.8,125.0,506.2,526.8,525.2,38.5,472.8,573.6,57.5,27.0,4.07,-2.0,0,0
85,Dänikon,ZH,ZH_H3,3,6.47881681468833,650.2,0.0,29.0,34.5,15.6,16.4,4.5,20.9,63.5,1.0,18.0,506.2,526.8,525.2,38.5,472.8,573.6,57.5,27.0,4.07,-2.0,0,0
86,Dielsdorf,ZH,ZH_H3,3,7.044643531044259,1145.7,1.0,33.9,33.6,13.7,13.2,5.6,18.799999999999997,67.5,1.7,108.0,506.2,526.8,525.2,38.5,472.8,573.6,57.5,27.0,4.07,-2.0,0,0
87,Hüttikon,ZH,ZH_H3,3,6.401751345495359,601.9,0.0,23.8,33.6,14.6,19.2,8.7,27.9,57.400000000000006,1.5,0.0,506.2,526.8,525.2,38.5,472.8,573.6,57.5,27.0,4.07,-2.0,0,0
88,Neerach,ZH,ZH_H3,3,6.313548046277095,551.0,0.0,29.3,42.7,12.0,12.1,3.8,15.899999999999999,72.0,1.0,33.0,506.2,526.8,525.2,38.5,472.8,573.6,57.5,27.0,4.07,-2.0,0,0
89,Niederglatt,ZH,ZH_H3,3,7.333480426097662,1529.7,1.0,33.1,33.6,13.7,14.2,5.4,19.6,66.7,1.2,65.0,506.2,526.8,525.2,38.5,472.8,573.6,57.5,27.0,4.07,-2.0,0,0
90,Niederhasli,ZH,ZH_H3,3,6.750867523444993,853.8,0.0,29.3,32.2,15.7,16.4,6.3,22.7,61.5,2.0,191.0,506.2,526.8,525.2,38.5,472.8,573.6,57.5,27.0,4.07,-2.0,0,0
91,Niederweningen,ZH,ZH_H3,3,6.194201288644529,488.9,0.0,27.6,32.7,17.3,16.1,6.2,22.3,60.300000000000004,0.9,28.0,506.2,526.8,525.2,38.5,472.8,573.6,57.5,27.0,4.07,-2.0,0,0
92,Oberglatt,ZH,ZH_H3,3,6.8491723215498395,942.1,0.0,34.8,29.3,13.9,13.7,8.3,22.0,64.1,2.2,168.0,506.2,526.8,525.2,38.5,472.8,573.6,57.5,27.0,4.07,-2.0,0,0
93,Oberweningen,ZH,ZH_H3,3,5.95739056677423,385.6,0.0,26.5,38.3,15.7,14.7,4.7,19.4,64.8,1.2,23.0,506.2,526.8,525.2,38.5,472.8,573.6,57.5,27.0,4.07,-2.0,1,1
94,Otelfingen,ZH,ZH_H3,3,6.016157159698354,409.0,0.0,26.0,35.4,15.8,16.6,6.3,22.900000000000002,61.4,0.6,18.0,506.2,526.8,525.2,38.5,472.8,573.6,57.5,27.0,4.07,-2.0,0,0
95,Regensberg,ZH,ZH_H3,3,5.311727053457954,201.7,0.0,40.6,34.1,10.5,9.2,5.7,14.899999999999999,74.7,1.5,0.0,506.2,526.8,525.2,38.5,472.8,573.6,57.5,27.0,4.07,-2.0,1,1
96,Regensdorf,ZH,ZH_H2,2,7.235835256040756,1387.3,1.0,34.8,32.8,13.3,12.9,6.2,19.1,67.6,2.5,494.0,543.3,563.9,565.2,33.9,517.7,611.5,46.1,27.0,3.79,-2.0,0,0
97,Rümlang,ZH,ZH_H2,2,6.500087747318773,664.2,0.0,34.9,31.4,12.8,14.4,6.5,20.9,66.3,1.6,131.0,543.3,563.9,565.2,33.9,517.7,611.5,46.1,27.0,3.79,-2.0,0,0
98,Schleinikon,ZH,ZH_H3,3,5.035653057071544,152.8,0.0,27.1,40.8,11.1,18.0,2.9,20.9,67.9,1.5,0.0,506.2,526.8,525.2,38.5,472.8,573.6,57.5,27.0,4.07,-2.0,1,1
99,Schöfflisdorf,ZH,ZH_H3,3,5.8667513029343406,352.1,0.0,35.4,36.3,12.0,12.2,4.2,16.4,71.69999999999999,1.1,15.0,506.2,526.8,525.2,38.5,472.8,573.6,57.5,27.0,4.07,-2.0,0,0
100,Stadel,ZH,ZH_H3,3,5.2548878086207,190.5,0.0,32.5,36.0,13.0,13.5,5.0,18.5,68.5,1.0,24.0,506.2,526.8,525.2,38.5,472.8,573.6,57.5,27.0,4.07,-2.0,0,0
101,Steinmaur,ZH,ZH_H3,3,5.983180327520285,395.7,0.0,32.8,35.5,12.8,13.0,6.0,19.0,68.3,0.9,32.0,506.2,526.8,525.2,38.5,472.8,573.6,57.5,27.0,4.07,-2.0,1,1
102,Weiach,ZH,ZH_H3,3,5.4053764388414445,221.6,0.0,32.4,35.1,13.4,12.6,6.4,19.0,67.5,2.1,44.0,506.2,526.8,525.2,38.5,472.8,573.6,57.5,27.0,4.07,-2.0,0,0
111,Bäretswil,ZH,ZH_H3,3,5.4510384535657,232.0,0.0,29.6,37.2,12.6,13.8,6.8,20.6,66.80000000000001,1.2,60.0,506.2,526.8,525.2,38.5,472.8,573.6,57.5,27.0,4.07,-2.0,0,0
112,Bubikon,ZH,ZH_H3,3,6.493602542476407,659.9,0.0,28.7,36.9,12.6,15.7,6.0,21.7,65.6,1.2,90.0,506.2,526.8,525.2,38.5,472.8,573.6,57.5,27.0,4.07,-2.0,0,0
113,Dürnten,ZH,ZH_H3,3,6.670132406403093,787.5,0.0,31.2,35.3,12.2,14.2,7.0,21.2,66.5,2.9,228.0,506.2,526.8,525.2,38.5,472.8,573.6,57.5,27.0,4.07,-2.0,0,0
114,Fischenthal,ZH,ZH_H3,3,4.490881039585964,88.2,0.0,30.6,35.4,13.4,13.7,6.8,20.5,66.0,1.3,33.0,506.2,526.8,525.2,38.5,472.8,573.6,57.5,27.0,4.07,-2.0,0,0
115,Gossau (ZH),ZH,ZH_H3,3,6.366126746061101,580.8,0.0,32.5,35.0,12.8,13.8,5.9,19.700000000000003,67.5,1.5,162.0,506.2,526.8,525.2,38.5,472.8,573.6,57.5,27.0,4.07,-2.0,0,0
116,Grüningen,ZH,ZH_H3,3,6.093795478205444,442.1,0.0,32.6,35.9,12.0,14.2,5.3,19.5,68.5,0.8,30.0,506.2,526.8,525.2,38.5,472.8,573.6,57.5,27.0,4.07,-2.0,0,0
117,Hinwil,ZH,ZH_H3,3,6.287486743834764,536.8,0.0,32.7,36.1,12.9,12.6,5.7,18.3,68.80000000000001,2.1,249.0,506.2,526.8,525.2,38.5,472.8,573.6,57.5,27.0,4.07,-2.0,0,0
118,Rüti (ZH),ZH,ZH_H3,3,7.162707526810999,1289.4,1.0,38.5,32.0,11.2,12.4,5.9,18.3,70.5,3.1,397.0,506.2,526.8,525.2,38.5,472.8,573.6,57.5,27.0,4.07,-2.0,0,0
119,Seegräben,ZH,ZH_H3,3,5.961778236737621,387.3,0.0,30.5,36.7,13.5,13.2,6.2,19.4,67.2,1.6,23.0,506.2,526.8,525.2,38.5,472.8,573.6,57.5,27.0,4.07,-2.0,0,0
120,Wald (ZH),ZH,ZH_H3,3,6.043345168984971,420.3,0.0,35.7,33.4,12.0,12.3,6.7,19.0,69.1,2.1,220.0,506.2,526.8,525.2,38.5,472.8,573.6,57.5,27.0,4.07,-2.0,0,0
121,Wetzikon (ZH),ZH,ZH_H3,3,7.381377353750584,1604.8,1.0,35.7,32.5,13.0,13.0,5.7,18.7,68.2,2.8,753.0,506.2,526.8,525.2,38.5,472.8,573.6,57.5,27.0,4.07,-2.0,1,1
131,Adliswil,ZH,ZH_H2,2,7.848231177644647,2560.2,1.0,37.5,31.6,13.7,13.1,4.1,17.2,69.1,2.7,540.0,543.3,563.9,565.2,33.9,517.7,611.5,46.1,27.0,3.79,-2.0,1,1
135,Kilchberg (ZH),ZH,ZH_H2,2,8.209743691048772,3675.6,1.0,35.6,30.7,15.4,13.6,4.6,18.2,66.3,1.2,116.0,543.3,563.9,565.2,33.9,517.7,611.5,46.1,27.0,3.79,-2.0,0,0
136,Langnau am Albis,ZH,ZH_H3,3,6.8560408432954585,948.6,0.0,32.2,31.9,14.2,16.1,5.7,21.8,64.1,1.6,131.0,506.2,526.8,525.2,38.5,472.8,573.6,57.5,27.0,4.07,-2.0,0,0
137,Oberrieden,ZH,ZH_H3,3,7.567138829389274,1932.6,1.0,34.6,33.9,13.9,13.1,4.5,17.6,68.5,1.0,53.0,506.2,526.8,525.2,38.5,472.8,573.6,57.5,27.0,4.07,-2.0,0,0
138,Richterswil,ZH,ZH_H2,2,7.555067923198283,1909.4,1.0,33.5,33.9,12.6,14.8,5.2,20.0,67.4,2.3,325.0,543.3,563.9,565.2,33.9,517.7,611.5,46.1,27.0,3.79,-2.0,0,0
139,Rüschlikon,ZH,ZH_H3,3,7.690423185480494,2186.3,1.0,30.2,32.4,15.3,16.3,5.8,22.1,62.599999999999994,0.8,53.0,506.2,526.8,525.2,38.5,472.8,573.6,57.5,27.0,4.07,-2.0,0,0
141,Thalwil,ZH,ZH_H2,2,8.119964074232787,3359.9,1.0,37.1,32.4,13.3,13.5,3.7,17.2,69.5,1.3,240.0,543.3,563.9,565.2,33.9,517.7,611.5,46.1,27.0,3.79,-2.0,0,0
151,Erlenbach (ZH),ZH,ZH_H2,2,7.552657146914088,1904.8,1.0,32.5,34.2,14.0,13.8,5.5,19.3,66.7,1.1,61.0,543.3,563.9,565.2,33.9,517.7,611.5,46.1,27.0,3.79,-2.0,0,0
152,Herrliberg,ZH,ZH_H2,2,6.626982614831291,754.2,0.0,31.8,33.1,14.2,15.6,5.3,20.9,64.9,0.7,44.0,543.3,563.9,565.2,33.9,517.7,611.5,46.1,27.0,3.79,-2.0,0,0
153,Hombrechtikon,ZH,ZH_H2,2,6.624994410849424,752.7,0.0,33.7,34.4,12.6,14.2,5.1,19.299999999999997,68.1,1.8,158.0,543.3,563.9,565.2,33.9,517.7,611.5,46.1,27.0,3.79,-2.0,0,0
154,Küsnacht (ZH),ZH,ZH_H2,2,7.113304961895299,1227.2,1.0,35.0,31.6,13.7,14.5,5.2,19.7,66.6,1.2,180.0,543.3,563.9,565.2,33.9,517.7,611.5,46.1,27.0,3.79,-2.0,0,0
155,Männedorf,ZH,ZH_H2,2,7.811122865565802,2466.9,1.0,33.4,34.0,14.2,14.0,4.4,18.4,67.4,1.6,189.0,543.3,563.9,565.2,33.9,517.7,611.5,46.1,27.0,3.79,-2.0,0,0
156,Meilen,ZH,ZH_H2,2,7.126569472135118,1243.6,1.0,33.5,33.2,13.6,14.9,4.7,19.6,66.7,1.1,159.0,543.3,563.9,565.2,33.9,517.7,611.5,46.1,27.0,3.79,-2.0,0,0
157,Oetwil am See,ZH,ZH_H2,2,6.738034004163921,842.9,0.0,34.5,32.1,13.2,13.9,6.2,20.1,66.6,1.6,83.0,543.3,563.9,565.2,33.9,517.7,611.5,46.1,27.0,3.79,-2.0,0,0
158,Stäfa,ZH,ZH_H2,2,7.47584931053852,1763.9,1.0,35.1,35.5,12.5,12.7,4.2,16.9,70.6,1.5,220.0,543.3,563.9,565.2,33.9,517.7,611.5,46.1,27.0,3.79,-2.0,0,0
159,Uetikon am See,ZH,ZH_H2,2,7.563563973886715,1925.7,1.0,29.6,34.4,14.4,15.7,5.8,21.5,64.0,1.2,75.0,543.3,563.9,565.2,33.9,517.7,611.5,46.1,27.0,3.79,-2.0,0,0
160,Zumikon,ZH,ZH_H2,2,6.957497370876951,1050.0,1.0,32.8,31.2,15.1,15.1,5.9,21.0,64.0,1.2,72.0,543.3,563.9,565.2,33.9,517.7,611.5,46.1,27.0,3.79,-2.0,0,0
161,Zollikon,ZH,ZH_H2,2,7.456685608781673,1730.4,1.0,36.9,31.4,13.4,13.3,5.0,18.3,68.3,1.2,166.0,543.3,563.9,565.2,33.9,517.7,611.5,46.1,27.0,3.79,-2.0,0,0
172,Fehraltorf,ZH,ZH_H3,3,6.59002628517806,726.8,0.0,29.4,35.3,14.0,16.0,5.3,21.3,64.69999999999999,1.4,93.0,506.2,526.8,525.2,38.5,472.8,573.6,57.5,27.0,4.07,-2.0,0,0
173,Hittnau,ZH,ZH_H3,3,5.728800237631489,306.6,0.0,30.9,35.5,12.6,14.9,6.1,21.0,66.4,1.0,38.0,506.2,526.8,525.2,38.5,472.8,573.6,57.5,27.0,4.07,-2.0,0,0
176,Lindau,ZH,ZH_H3,3,6.195832943095858,489.7,0.0,26.1,37.0,14.7,15.5,6.6,22.1,63.1,1.3,79.0,506.2,526.8,525.2,38.5,472.8,573.6,57.5,27.0,4.07,-2.0,0,0
177,Pfäffikon,ZH,ZH_H3,3,6.483413115104284,653.2,0.0,35.5,35.2,12.3,12.2,4.7,16.9,70.7,1.5,188.0,506.2,526.8,525.2,38.5,472.8,573.6,57.5,27.0,4.07,-2.0,0,0
178,Russikon,ZH,ZH_H3,3,5.790265934544339,326.1,0.0,26.7,37.3,14.0,15.7,6.3,22.0,64.0,1.0,44.0,506.2,526.8,525.2,38.5,472.8,573.6,57.5,27.0,4.07,-2.0,0,0
180,Weisslingen,ZH,ZH_H3,3,5.612763076269032,272.9,0.0,28.8,34.8,15.0,16.2,5.2,21.4,63.599999999999994,1.7,60.0,506.2,526.8,525.2,38.5,472.8,573.6,57.5,27.0,4.07,-2.0,0,0
181,Wila,ZH,ZH_H3,3,5.44198471636045,229.9,0.0,34.7,32.8,14.5,10.9,7.1,18.0,67.5,1.7,35.0,506.2,526.8,525.2,38.5,472.8,573.6,57.5,27.0,4.07,-2.0,0,0
182,Wildberg,ZH,ZH_H3,3,4.572646994282532,95.8,0.0,28.7,35.9,12.8,15.0,7.6,22.6,64.6,1.0,10.0,506.2,526.8,525.2,38.5,472.8,573.6,57.5,27.0,4.07,-2.0,0,0
191,Dübendorf,ZH,ZH_H2,2,7.780052325170402,2391.4,1.0,38.6,32.8,13.4,11.3,4.1,15.4,71.4,1.7,521.0,543.3,563.9,565.2,33.9,517.7,611.5,46.1,27.0,3.79,-2.0,0,0
192,Egg,ZH,ZH_H2,2,6.40968133914131,606.7,0.0,32.7,34.9,12.8,14.5,5.1,19.6,67.6,1.1,97.0,543.3,563.9,565.2,33.9,517.7,611.5,46.1,27.0,3.79,-2.0,0,0
193,Fällanden,ZH,ZH_H2,2,7.320857814219512,1510.5,1.0,32.8,32.2,13.9,15.6,5.4,21.0,65.0,1.9,185.0,543.3,563.9,565.2,33.9,517.7,611.5,46.1,27.0,3.79,-2.0,0,0
194,Greifensee,ZH,ZH_H2,2,7.761233998444422,2346.8,1.0,31.7,32.9,13.5,15.2,6.6,21.799999999999997,64.6,1.6,87.0,543.3,563.9,565.2,33.9,517.7,611.5,46.1,27.0,3.79,-2.0,0,0
195,Maur,ZH,ZH_H2,2,6.603808314064321,736.9,0.0,31.9,34.3,14.1,14.5,5.2,19.7,66.19999999999999,1.2,131.0,543.3,563.9,565.2,33.9,517.7,611.5,46.1,27.0,3.79,-2.0,0,0
196,Mönchaltorf,ZH,ZH_H2,2,6.343704671756601,567.9,0.0,31.2,35.0,13.0,15.2,5.7,20.9,66.2,0.8,32.0,543.3,563.9,565.2,33.9,517.7,611.5,46.1,27.0,3.79,-2.0,0,0
197,Schwerzenbach,ZH,ZH_H2,2,7.59191216770395,1981.1,1.0,34.9,33.5,13.3,13.4,4.9,18.3,68.4,1.9,96.0,543.3,563.9,565.2,33.9,517.7,611.5,46.1,27.0,3.79,-2.0,0,0
198,Uster,ZH,ZH_H2,2,7.158046962215359,1283.4,1.0,35.8,32.7,13.0,13.6,4.8,18.4,68.5,1.9,687.0,543.3,563.9,565.2,33.9,517.7,611.5,46.1,27.0,3.79,-2.0,1,1
199,Volketswil,ZH,ZH_H2,2,7.254955478958325,1414.1,1.0,30.3,33.7,13.7,15.3,7.0,22.3,64.0,1.6,318.0,543.3,563.9,565.2,33.9,517.7,611.5,46.1,27.0,3.79,-2.0,0,0
200,Wangen-Brüttisellen,ZH,ZH_H2,2,6.954638864880987,1047.0,1.0,28.3,35.1,15.3,15.4,5.9,21.3,63.400000000000006,1.9,154.0,543.3,563.9,565.2,33.9,517.7,611.5,46.1,27.0,3.79,-2.0,0,0
211,Altikon,ZH,ZH_H3,3,4.620058798481842,100.5,0.0,27.5,39.2,11.4,15.4,6.5,21.9,66.7,1.5,0.0,506.2,526.8,525.2,38.5,472.8,573.6,57.5,27.0,4.07,-2.0,0,0
213,Brütten,ZH,ZH_H3,3,5.833347679010845,340.5,0.0,28.0,39.0,13.7,14.8,4.6,19.4,67.0,0.4,8.0,506.2,526.8,525.2,38.5,472.8,573.6,57.5,27.0,4.07,-2.0,0,0
214,Dägerlen,ZH,ZH_H3,3,4.9890711161804155,145.8,0.0,21.5,43.0,15.0,13.9,6.5,20.4,64.5,1.5,0.0,506.2,526.8,525.2,38.5,472.8,573.6,57.5,27.0,4.07,-2.0,0,0
215,Dättlikon,ZH,ZH_H3,3,5.6777806721172,291.3,0.0,24.3,40.9,12.8,15.4,6.7,22.1,65.2,0.0,0.0,506.2,526.8,525.2,38.5,472.8,573.6,57.5,27.0,4.07,-2.0,0,0
216,Dinhard,ZH,ZH_H3,3,5.504518197131935,244.8,0.0,27.8,38.9,11.4,16.9,5.0,21.9,66.7,0.4,7.0,506.2,526.8,525.2,38.5,472.8,573.6,57.5,27.0,4.07,-2.0,0,0
218,Ellikon an der Thur,ZH,ZH_H3,3,5.3230099791384085,204.0,0.0,31.3,34.5,14.8,11.6,7.8,19.4,65.8,0.6,7.0,506.2,526.8,525.2,38.5,472.8,573.6,57.5,27.0,4.07,-2.0,1,1
219,Elsau,ZH,ZH_H3,3,6.182084906716632,483.0,0.0,24.8,37.8,14.6,16.2,6.5,22.7,62.599999999999994,1.1,43.0,506.2,526.8,525.2,38.5,472.8,573.6,57.5,27.0,4.07,-2.0,1,1
220,Hagenbuch,ZH,ZH_H3,3,4.974662633637438,143.7,0.0,27.1,38.0,14.5,13.7,6.7,20.4,65.1,0.9,11.0,506.2,526.8,525.2,38.5,472.8,573.6,57.5,27.0,4.07,-2.0,0,0
221,Hettlingen,ZH,ZH_H3,3,6.30609278854437,546.9,0.0,24.6,35.2,16.3,17.5,6.3,23.8,59.800000000000004,1.1,34.0,506.2,526.8,525.2,38.5,472.8,573.6,57.5,27.0,4.07,-2.0,0,0
223,Neftenbach,ZH,ZH_H3,3,5.949339620807311,382.5,0.0,27.9,36.5,14.2,15.2,6.3,21.5,64.4,0.7,40.0,506.2,526.8,525.2,38.5,472.8,573.6,57.5,27.0,4.07,-2.0,0,0
224,Pfungen,ZH,ZH_H3,3,6.724673433241774,831.7,0.0,31.2,33.1,15.8,11.9,7.9,19.8,64.3,1.9,79.0,506.2,526.8,525.2,38.5,472.8,573.6,57.5,27.0,4.07,-2.0,0,0
225,Rickenbach (ZH),ZH,ZH_H3,3,6.162050847683516,473.4,0.0,28.2,32.2,14.4,16.8,8.3,25.1,60.400000000000006,1.5,43.0,506.2,526.8,525.2,38.5,472.8,573.6,57.5,27.0,4.07,-2.0,0,0
226,Schlatt (ZH),ZH,ZH_H3,3,4.483002552013883,87.5,0.0,25.7,33.2,12.5,18.7,9.9,28.6,58.900000000000006,0.9,7.0,506.2,526.8,525.2,38.5,472.8,573.6,57.5,27.0,4.07,-2.0,1,1
227,Seuzach,ZH,ZH_H3,3,6.964041089992729,1056.9,1.0,32.9,37.7,12.1,12.9,4.5,17.4,70.6,1.5,115.0,506.2,526.8,525.2,38.5,472.8,573.6,57.5,27.0,4.07,-2.0,0,0
228,Turbenthal,ZH,ZH_H3,3,5.352805551832106,210.2,0.0,31.6,34.8,13.0,12.9,7.7,20.6,66.4,3.5,181.0,506.2,526.8,525.2,38.5,472.8,573.6,57.5,27.0,4.07,-2.0,0,0
230,Winterthur,ZH,ZH_H2,2,7.478395785049286,1768.4,1.0,38.6,32.0,12.0,11.9,5.5,17.4,70.6,5.2,6197.0,543.3,563.9,565.2,33.9,517.7,611.5,46.1,27.0,3.79,-2.0,1,1
231,Zell (ZH),ZH,ZH_H3,3,6.26530121273771,525.0,0.0,34.4,33.1,12.0,13.7,6.8,20.5,67.5,2.2,150.0,506.2,526.8,525.2,38.5,472.8,573.6,57.5,27.0,4.07,-2.0,1,1
241,Aesch (ZH),ZH,ZH_H3,3,5.760792729372981,316.6,0.0,31.7,35.2,12.0,17.0,4.1,21.1,66.9,0.5,9.0,506.2,526.8,525.2,38.5,472.8,573.6,57.5,27.0,4.07,-2.0,0,0
242,Birmensdorf (ZH),ZH,ZH_H3,3,6.472655365744282,646.2,0.0,32.3,32.7,14.6,14.3,6.2,20.5,65.0,1.9,139.0,506.2,526.8,525.2,38.5,472.8,573.6,57.5,27.0,4.07,-2.0,0,0
243,Dietikon,ZH,ZH_H2,2,8.01644990299176,3029.4,1.0,35.8,31.2,13.8,12.4,6.8,19.2,67.0,3.5,992.0,543.3,563.9,565.2,33.9,517.7,611.5,46.1,27.0,3.79,-2.0,0,0
244,Geroldswil,ZH,ZH_H3,3,7.920555471236099,2752.3,1.0,31.1,32.5,14.6,14.8,7.0,21.8,63.6,2.6,138.0,506.2,526.8,525.2,38.5,472.8,573.6,57.5,27.0,4.07,-2.0,0,0
245,Oberengstringen,ZH,ZH_H3,3,8.076142355583064,3215.8,1.0,38.3,33.7,12.7,10.7,4.6,15.299999999999999,72.0,2.7,186.0,506.2,526.8,525.2,38.5,472.8,573.6,57.5,27.0,4.07,-2.0,0,0
246,Oetwil an der Limmat,ZH,ZH_H3,3,6.835077053484151,928.9,0.0,36.4,38.4,9.5,11.6,4.1,15.7,74.8,1.4,37.0,506.2,526.8,525.2,38.5,472.8,573.6,57.5,27.0,4.07,-2.0,0,0
247,Schlieren,ZH,ZH_H2,2,8.037607803386303,3094.2,1.0,38.0,30.3,14.3,11.4,6.0,17.4,68.3,3.7,768.0,543.3,563.9,565.2,33.9,517.7,611.5,46.1,27.0,3.79,-2.0,0,0
248,Uitikon,ZH,ZH_H3,3,7.171733624734682,1301.1,1.0,29.5,34.8,14.9,15.7,5.1,20.799999999999997,64.3,0.6,32.0,506.2,526.8,525.2,38.5,472.8,573.6,57.5,27.0,4.07,-2.0,0,0
249,Unterengstringen,ZH,ZH_H3,3,7.171580014903351,1300.9,1.0,31.5,35.9,14.8,12.4,5.3,17.7,67.4,2.2,93.0,506.2,526.8,525.2,38.5,472.8,573.6,57.5,27.0,4.07,-2.0,0,0
250,Urdorf,ZH,ZH_H2,2,7.23460998650839,1385.6,1.0,37.8,31.3,12.3,13.4,5.1,18.5,69.1,1.5,155.0,543.3,563.9,565.2,33.9,517.7,611.5,46.1,27.0,3.79,-2.0,0,0
251,Weiningen (ZH),ZH,ZH_H3,3,6.856882948608381,949.4,0.0,31.4,34.7,13.7,12.5,7.6,20.1,66.1,2.0,103.0,506.2,526.8,525.2,38.5,472.8,573.6,57.5,27.0,4.07,-2.0,0,0
261,Zürich,ZH,ZH_H1,1,8.510329691394835,4964.8,1.0,44.9,29.6,12.0,9.7,3.8,13.5,74.5,3.5,14983.0,605.6,626.9,624.6,36.8,582.6,679.6,48.4,27.0,3.52,-2.0,1,1
291,Andelfingen,ZH,ZH_H3,3,5.3831179682405015,216.7,0.0,26.9,37.9,12.7,15.8,6.7,22.5,64.8,1.5,55.0,506.2,526.8,525.2,38.5,472.8,573.6,57.5,27.0,4.07,-2.0,1,1
292,Stammheim,ZH,ZH_H3,3,4.820281565605037,123.0,0.0,28.0,37.9,13.2,13.0,7.9,20.9,65.9,0.5,15.0,506.2,526.8,525.2,38.5,472.8,573.6,57.5,27.0,4.07,-2.0,1,1
293,Wädenswil,ZH,ZH_H2,2,6.582302108843358,721.2,0.0,34.3,34.8,12.5,13.0,5.3,18.3,69.1,1.7,450.0,543.3,563.9,565.2,33.9,517.7,611.5,46.1,27.0,3.79,-2.0,0,0
294,Elgg,ZH,ZH_H3,3,5.362230692291689,212.2,0.0,34.1,34.4,11.4,12.1,8.0,20.1,68.5,1.7,88.0,506.2,526.8,525.2,38.5,472.8,573.6,57.5,27.0,4.07,-2.0,0,0
295,Horgen,ZH,ZH_H2,2,6.6814818346589995,796.5,0.0,32.9,33.2,15.0,14.0,4.9,18.9,66.1,2.0,484.0,543.3,563.9,565.2,33.9,517.7,611.5,46.1,27.0,3.79,-2.0,0,0
296,Illnau-Effretikon,ZH,ZH_H3,3,6.292494637079263,539.5,0.0,36.2,33.1,11.9,12.8,5.9,18.700000000000003,69.30000000000001,2.0,358.0,506.2,526.8,525.2,38.5,472.8,573.6,57.5,27.0,4.07,-2.0,0,0
297,Bauma,ZH,ZH_H3,3,5.159629846774143,173.1,0.0,32.5,36.5,12.3,12.0,6.7,18.7,69.0,1.6,80.0,506.2,526.8,525.2,38.5,472.8,573.6,57.5,27.0,4.07,-2.0,0,0
298,Wiesendangen,ZH,ZH_H3,3,5.8738065036397495,354.6,0.0,26.4,36.9,13.4,17.0,6.3,23.3,63.3,0.8,56.0,506.2,526.8,525.2,38.5,472.8,573.6,57.5,27.0,4.07,-2.0,0,0
301,Aarberg,BE,BE_H2,2,6.369215816648631,582.6,0.0,37.9,35.4,11.5,11.7,3.5,15.2,73.3,1.5,0.0,573.1,590.6,587.2,32.6,549.4,629.6,45.3,26.0,3.05,-2.0,1,1
302,Bargen (BE),BE,BE_H2,2,4.944495491591711,139.4,0.0,30.4,34.5,12.9,16.4,5.8,22.2,64.9,1.5,0.0,573.1,590.6,587.2,32.6,549.4,629.6,45.3,26.0,3.05,-2.0,0,0
303,Grossaffoltern,BE,BE_H2,2,5.321056853517526,203.6,0.0,30.2,41.0,12.2,12.2,4.5,16.7,71.2,1.5,0.0,573.1,590.6,587.2,32.6,549.4,629.6,45.3,26.0,3.05,-2.0,1,1
304,Kallnach,BE,BE_H2,2,4.8307108619020225,124.3,0.0,31.9,37.1,13.6,13.2,4.2,17.4,69.0,1.5,0.0,573.1,590.6,587.2,32.6,549.4,629.6,45.3,26.0,3.05,-2.0,0,0
305,Kappelen,BE,BE_H2,2,4.8629083820668,128.4,0.0,32.0,36.4,15.0,12.7,4.0,16.7,68.4,1.5,0.0,573.1,590.6,587.2,32.6,549.4,629.6,45.3,26.0,3.05,-2.0,0,0
306,Lyss,BE,BE_H2,2,7.018849326487724,1116.5,1.0,35.5,35.3,11.9,12.5,4.7,17.2,70.8,4.5,743.0,573.1,590.6,587.2,32.6,549.4,629.6,45.3,26.0,3.05,-2.0,1,1
307,Meikirch,BE,BE_H2,2,5.542047551470635,254.2,0.0,30.5,40.0,11.0,12.5,6.0,18.5,70.5,1.4,35.0,573.1,590.6,587.2,32.6,549.4,629.6,45.3,26.0,3.05,-2.0,0,0
309,Radelfingen,BE,BE_H2,2,4.481871969643598,87.4,0.0,34.2,38.7,10.4,10.6,6.1,16.7,72.9,1.5,0.0,573.1,590.6,587.2,32.6,549.4,629.6,45.3,26.0,3.05,-2.0,0,0
310,Rapperswil (BE),BE,BE_H2,2,4.794136285500715,119.8,0.0,28.7,38.0,13.4,13.7,6.1,19.799999999999997,66.7,1.5,0.0,573.1,590.6,587.2,32.6,549.4,629.6,45.3,26.0,3.05,-2.0,0,0
311,Schüpfen,BE,BE_H2,2,5.255931650051599,190.7,0.0,33.4,38.0,11.0,12.7,4.9,17.6,71.4,1.5,0.0,573.1,590.6,587.2,32.6,549.4,629.6,45.3,26.0,3.05,-2.0,1,1
312,Seedorf (BE),BE,BE_H2,2,5.049856007249537,155.0,0.0,32.3,40.1,11.1,12.7,3.9,16.599999999999998,72.4,1.5,0.0,573.1,590.6,587.2,32.6,549.4,629.6,45.3,26.0,3.05,-2.0,0,0
321,Aarwangen,BE,BE_H3,3,6.1886747163956874,486.2,0.0,33.9,35.6,12.4,12.3,5.9,18.200000000000003,69.5,1.5,0.0,536.5,554.2,554.3,32.5,520.5,589.1,48.8,26.0,3.3,-2.0,0,0
322,Auswil,BE,BE_H3,3,4.646312129319266,103.2,0.0,31.9,38.6,9.5,14.3,5.7,20.0,70.5,1.5,0.0,536.5,554.2,554.3,32.5,520.5,589.1,48.8,26.0,3.3,-2.0,1,1
323,Bannwil,BE,BE_H3,3,4.9614450499054845,141.8,0.0,34.1,40.1,11.5,8.9,5.4,14.3,74.2,1.5,0.0,536.5,554.2,554.3,32.5,520.5,589.1,48.8,26.0,3.3,-2.0,0,0
324,Bleienbach,BE,BE_H3,3,4.926528784799256,136.9,0.0,29.6,39.3,12.3,13.5,5.3,18.8,68.9,1.4,11.0,536.5,554.2,554.3,32.5,520.5,589.1,48.8,26.0,3.3,-2.0,0,0
325,Busswil bei Melchnau,BE,BE_H3,3,4.07753744390572,58.0,0.0,41.4,41.4,6.9,8.0,2.3,10.3,82.8,1.5,0.0,536.5,554.2,554.3,32.5,520.5,589.1,48.8,26.0,3.3,-2.0,1,1
326,Gondiswil,BE,BE_H3,3,4.365643155423357,77.7,0.0,34.9,35.2,9.6,15.4,4.9,20.3,70.1,1.5,0.0,536.5,554.2,554.3,32.5,520.5,589.1,48.8,26.0,3.3,-2.0,1,1
329,Langenthal,BE,BE_H3,3,6.63974510632782,763.9,0.0,41.3,31.6,11.0,10.3,5.7,16.0,72.9,5.8,938.0,536.5,554.2,554.3,32.5,520.5,589.1,48.8,26.0,3.3,-2.0,1,1
331,Lotzwil,BE,BE_H3,3,6.104346704164654,446.8,0.0,35.6,34.2,11.3,12.8,6.1,18.9,69.80000000000001,4.7,128.0,536.5,554.2,554.3,32.5,520.5,589.1,48.8,26.0,3.3,-2.0,1,1
332,Madiswil,BE,BE_H3,3,4.974662633637438,143.7,0.0,36.9,34.9,10.2,12.7,5.3,18.0,71.8,2.1,70.0,536.5,554.2,554.3,32.5,520.5,589.1,48.8,26.0,3.3,-2.0,0,0
333,Melchnau,BE,BE_H3,3,5.001930853466109,147.7,0.0,37.3,36.0,9.8,10.0,6.8,16.8,73.3,2.7,41.0,536.5,554.2,554.3,32.5,520.5,589.1,48.8,26.0,3.3,-2.0,1,1
335,Oeschenbach,BE,BE_H3,3,4.1059436980654525,59.7,0.0,30.5,43.8,8.6,12.4,4.8,17.2,74.3,1.5,0.0,536.5,554.2,554.3,32.5,520.5,589.1,48.8,26.0,3.3,-2.0,0,0
336,Reisiswil,BE,BE_H3,3,4.4953553199808844,88.6,0.0,36.6,37.8,6.1,13.4,6.1,19.5,74.4,1.5,0.0,536.5,554.2,554.3,32.5,520.5,589.1,48.8,26.0,3.3,-2.0,1,1
337,Roggwil (BE),BE,BE_H3,3,6.339123973119759,565.3,0.0,34.3,35.0,12.1,12.0,6.6,18.6,69.3,4.1,179.0,536.5,554.2,554.3,32.5,520.5,589.1,48.8,26.0,3.3,-2.0,1,1
338,Rohrbach,BE,BE_H3,3,5.973555126564414,391.9,0.0,32.7,39.4,13.1,9.8,5.0,14.8,72.1,4.9,77.0,536.5,554.2,554.3,32.5,520.5,589.1,48.8,26.0,3.3,-2.0,1,1
339,Rohrbachgraben,BE,BE_H3,3,4.07753744390572,58.0,0.0,29.1,35.8,14.6,8.6,11.9,20.5,64.9,1.6,6.0,536.5,554.2,554.3,32.5,520.5,589.1,48.8,26.0,3.3,-2.0,0,0
340,Rütschelen,BE,BE_H3,3,4.991792206294776,146.2,0.0,27.8,41.0,9.4,14.5,7.3,21.8,68.8,1.0,6.0,536.5,554.2,554.3,32.5,520.5,589.1,48.8,26.0,3.3,-2.0,0,0
341,Schwarzhäusern,BE,BE_H3,3,4.926528784799256,136.9,0.0,25.9,42.0,15.6,10.7,5.8,16.5,67.9,1.5,0.0,536.5,554.2,554.3,32.5,520.5,589.1,48.8,26.0,3.3,-2.0,0,0
342,Thunstetten,BE,BE_H3,3,5.919699980878671,371.3,0.0,32.3,37.1,12.9,12.3,5.4,17.700000000000003,69.4,1.5,0.0,536.5,554.2,554.3,32.5,520.5,589.1,48.8,26.0,3.3,-2.0,1,1
344,Ursenbach,BE,BE_H3,3,4.600157644164547,98.5,0.0,33.2,34.9,13.5,11.0,7.4,18.4,68.1,2.7,24.0,536.5,554.2,554.3,32.5,520.5,589.1,48.8,26.0,3.3,-2.0,0,0
345,Wynau,BE,BE_H3,3,5.8185981490847825,335.5,0.0,35.0,35.9,12.0,10.2,6.9,17.1,70.9,1.5,0.0,536.5,554.2,554.3,32.5,520.5,589.1,48.8,26.0,3.3,-2.0,0,0
351,Bern,BE,BE_H1,1,7.891442942842344,2673.3,1.0,46.9,29.5,10.7,8.9,4.0,12.9,76.4,5.0,6871.0,638.1,657.4,657.8,35.7,618.7,698.6,49.1,26.0,3.02,-2.0,1,1
352,Bolligen,BE,BE_H1,1,5.955059865214182,384.7,0.0,32.9,36.7,11.3,13.9,5.1,19.0,69.6,1.8,117.0,638.1,657.4,657.8,35.7,618.7,698.6,49.1,26.0,3.02,-2.0,1,1
353,Bremgarten bei Bern,BE,BE_H1,1,7.753366002668551,2328.4,1.0,31.4,36.3,13.2,14.7,4.4,19.1,67.69999999999999,1.3,57.0,638.1,657.4,657.8,35.7,618.7,698.6,49.1,26.0,3.02,-2.0,0,0
354,Kirchlindach,BE,BE_H1,1,5.635860458170742,279.3,0.0,32.9,39.5,12.2,12.0,3.4,15.4,72.4,1.7,57.0,638.1,657.4,657.8,35.7,618.7,698.6,49.1,26.0,3.02,-2.0,1,1
355,Köniz,BE,BE_H1,1,6.749814090913561,852.9,0.0,39.0,33.0,12.1,11.6,4.3,15.899999999999999,72.0,3.9,1662.0,638.1,657.4,657.8,35.7,618.7,698.6,49.1,26.0,3.02,-2.0,1,1
356,Muri bei Bern,BE,BE_H1,1,7.494485830837592,1797.1,1.0,36.4,35.7,11.4,11.8,4.7,16.5,72.1,2.8,382.0,638.1,657.4,657.8,35.7,618.7,698.6,49.1,26.0,3.02,-2.0,1,1
357,Oberbalm,BE,BE_H1,1,4.259859000699674,69.8,0.0,37.4,35.6,9.3,12.6,5.1,17.7,73.0,1.5,0.0,638.1,657.4,657.8,35.7,618.7,698.6,49.1,26.0,3.02,-2.0,1,1
358,Stettlen,BE,BE_H1,1,6.875128776155043,966.9,0.0,33.3,38.0,11.0,13.2,4.6,17.799999999999997,71.3,4.7,161.0,638.1,657.4,657.8,35.7,618.7,698.6,49.1,26.0,3.02,-2.0,1,1
359,Vechigen,BE,BE_H1,1,5.488937726156687,241.0,0.0,30.5,41.6,11.7,12.3,4.0,16.3,72.1,1.5,89.0,638.1,657.4,657.8,35.7,618.7,698.6,49.1,26.0,3.02,-2.0,0,0
360,Wohlen bei Bern,BE,BE_H1,1,5.547518452181536,255.6,0.0,33.3,38.9,10.4,12.8,4.6,17.4,72.19999999999999,3.8,357.0,638.1,657.4,657.8,35.7,618.7,698.6,49.1,26.0,3.02,-2.0,1,1
361,Zollikofen,BE,BE_H1,1,7.673920552278655,2150.5,1.0,37.9,33.7,11.5,11.7,5.2,16.9,71.6,4.2,478.0,638.1,657.4,657.8,35.7,618.7,698.6,49.1,26.0,3.02,-2.0,1,1
362,Ittigen,BE,BE_H1,1,7.919356190660617,2749.0,1.0,39.6,32.0,12.5,10.8,5.1,15.9,71.6,7.4,859.0,638.1,657.4,657.8,35.7,618.7,698.6,49.1,26.0,3.02,-2.0,1,1
363,Ostermundigen,BE,BE_H1,1,8.031320309005823,3074.8,1.0,42.4,31.4,11.5,10.4,4.3,14.7,73.8,6.3,1148.0,638.1,657.4,657.8,35.7,618.7,698.6,49.1,26.0,3.02,-2.0,0,0
371,Biel/Bienne,BE,BE_H1,1,7.895808377083183,2685.0,1.0,47.1,28.1,11.1,9.1,4.7,13.8,75.2,9.1,5115.0,638.1,657.4,657.8,35.7,618.7,698.6,49.1,26.0,3.02,-2.0,1,1
372,Evilard,BE,BE_H1,1,6.578000430108449,718.1,0.0,28.7,33.8,14.1,15.9,7.5,23.4,62.5,1.3,36.0,638.1,657.4,657.8,35.7,618.7,698.6,49.1,26.0,3.02,-2.0,1,1
381,Arch,BE,BE_H2,2,5.61458689585173,273.4,0.0,34.8,37.4,11.8,12.4,3.7,16.1,72.19999999999999,2.6,44.0,573.1,590.6,587.2,32.6,549.4,629.6,45.3,26.0,3.05,-2.0,1,1
382,Büetigen,BE,BE_H2,2,5.540086381985411,253.7,0.0,25.5,39.7,12.4,16.6,5.8,22.400000000000002,65.2,1.1,11.0,573.1,590.6,587.2,32.6,549.4,629.6,45.3,26.0,3.05,-2.0,1,1
383,Büren an der Aare,BE,BE_H2,2,5.714062784063757,302.1,0.0,37.3,33.2,12.2,12.4,5.0,17.4,70.5,5.0,190.0,573.1,590.6,587.2,32.6,549.4,629.6,45.3,26.0,3.05,-2.0,1,1
385,Diessbach bei Büren,BE,BE_H2,2,5.119190700650601,166.2,0.0,26.9,36.9,12.5,16.5,7.2,23.7,63.8,1.9,20.0,573.1,590.6,587.2,32.6,549.4,629.6,45.3,26.0,3.05,-2.0,1,1
386,Dotzigen,BE,BE_H2,2,5.925591802957274,373.5,0.0,27.9,38.7,11.5,16.2,5.7,21.9,66.6,1.5,0.0,573.1,590.6,587.2,32.6,549.4,629.6,45.3,26.0,3.05,-2.0,1,1
387,Lengnau (BE),BE,BE_H2,2,6.6637710617960755,782.5,0.0,35.6,35.3,11.5,10.8,6.7,17.5,70.9,5.3,301.0,573.1,590.6,587.2,32.6,549.4,629.6,45.3,26.0,3.05,-2.0,1,1
388,Leuzigen,BE,BE_H2,2,4.893352133481524,132.4,0.0,34.4,35.4,12.5,11.5,6.2,17.7,69.8,2.4,32.0,573.1,590.6,587.2,32.6,549.4,629.6,45.3,26.0,3.05,-2.0,1,1
389,Meienried,BE,BE_H2,2,4.485259889315534,87.7,0.0,20.8,45.8,12.5,16.7,4.2,20.9,66.6,0.0,0.0,573.1,590.6,587.2,32.6,549.4,629.6,45.3,26.0,3.05,-2.0,0,0
390,Meinisberg,BE,BE_H2,2,5.805134968916488,331.0,0.0,30.0,34.9,12.1,16.9,6.1,23.0,64.9,2.1,31.0,573.1,590.6,587.2,32.6,549.4,629.6,45.3,26.0,3.05,-2.0,0,0
391,Oberwil bei Büren,BE,BE_H2,2,4.906015244966153,134.1,0.0,31.2,40.1,10.2,13.5,5.0,18.5,71.3,2.3,21.0,573.1,590.6,587.2,32.6,549.4,629.6,45.3,26.0,3.05,-2.0,1,1
392,Pieterlen,BE,BE_H2,2,6.438871023004318,624.7,0.0,34.2,33.8,12.0,11.9,8.1,20.0,68.0,4.5,231.0,573.1,590.6,587.2,32.6,549.4,629.6,45.3,26.0,3.05,-2.0,1,1
393,Rüti bei Büren,BE,BE_H2,2,4.9037921984782065,133.8,0.0,35.2,36.7,11.6,11.1,5.3,16.4,71.9,0.0,0.0,573.1,590.6,587.2,32.6,549.4,629.6,45.3,26.0,3.05,-2.0,0,0
394,Wengi,BE,BE_H2,2,4.504244267398131,89.4,0.0,33.8,39.7,9.1,10.8,6.6,17.4,73.5,1.5,0.0,573.1,590.6,587.2,32.6,549.4,629.6,45.3,26.0,3.05,-2.0,1,1
401,Aefligen,BE,BE_H2,2,6.327579577081353,558.8,0.0,34.5,36.2,13.0,11.2,5.0,16.2,70.7,2.1,24.0,573.1,590.6,587.2,32.6,549.4,629.6,45.3,26.0,3.05,-2.0,1,1
402,Alchenstorf,BE,BE_H2,2,4.579852378003801,96.5,0.0,30.0,40.0,11.4,14.3,4.3,18.6,70.0,1.5,0.0,573.1,590.6,587.2,32.6,549.4,629.6,45.3,26.0,3.05,-2.0,0,0
403,Bäriswil,BE,BE_H2,2,6.018349875889364,409.9,0.0,28.7,40.1,12.8,14.7,3.7,18.4,68.8,2.1,23.0,573.1,590.6,587.2,32.6,549.4,629.6,45.3,26.0,3.05,-2.0,0,0
404,Burgdorf,BE,BE_H2,2,7.014185222597984,1111.3,1.0,40.3,33.3,10.5,10.8,5.0,15.8,73.6,5.4,919.0,573.1,590.6,587.2,32.6,549.4,629.6,45.3,26.0,3.05,-2.0,1,1
405,Ersigen,BE,BE_H2,2,4.885827643502908,131.4,0.0,30.9,39.4,12.0,12.6,5.1,17.7,70.3,0.6,12.0,573.1,590.6,587.2,32.6,549.4,629.6,45.3,26.0,3.05,-2.0,1,1
406,Hasle bei Burgdorf,BE,BE_H2,2,5.052416828111211,155.4,0.0,33.6,37.0,10.2,13.9,5.4,19.3,70.6,3.1,106.0,573.1,590.6,587.2,32.6,549.4,629.6,45.3,26.0,3.05,-2.0,1,1
407,Heimiswil,BE,BE_H2,2,4.258445572902527,69.7,0.0,31.6,37.3,9.4,14.4,7.3,21.7,68.9,1.3,21.0,573.1,590.6,587.2,32.6,549.4,629.6,45.3,26.0,3.05,-2.0,0,0
408,Hellsau,BE,BE_H2,2,4.976043849326636,143.9,0.0,16.3,41.3,16.3,18.8,7.5,26.3,57.599999999999994,1.5,0.0,573.1,590.6,587.2,32.6,549.4,629.6,45.3,26.0,3.05,-2.0,0,0
409,Hindelbank,BE,BE_H2,2,5.6674642119820895,288.3,0.0,33.6,37.3,10.0,13.9,5.2,19.1,70.9,1.5,0.0,573.1,590.6,587.2,32.6,549.4,629.6,45.3,26.0,3.05,-2.0,1,1
410,Höchstetten,BE,BE_H2,2,4.572646994282532,95.8,0.0,33.0,36.6,11.6,13.4,5.4,18.8,69.6,1.5,0.0,573.1,590.6,587.2,32.6,549.4,629.6,45.3,26.0,3.05,-2.0,0,0
411,Kernenried,BE,BE_H2,2,5.083885755835849,160.4,0.0,24.2,44.1,12.3,11.5,7.9,19.4,68.3,0.0,0.0,573.1,590.6,587.2,32.6,549.4,629.6,45.3,26.0,3.05,-2.0,0,0
412,Kirchberg (BE),BE,BE_H2,2,6.485245736264714,654.4,0.0,35.2,37.8,9.5,12.5,4.9,17.4,73.0,3.6,209.0,573.1,590.6,587.2,32.6,549.4,629.6,45.3,26.0,3.05,-2.0,1,1
413,Koppigen,BE,BE_H2,2,5.799395638859147,329.1,0.0,31.5,39.8,11.8,12.0,4.9,16.9,71.3,1.6,37.0,573.1,590.6,587.2,32.6,549.4,629.6,45.3,26.0,3.05,-2.0,1,1
414,Krauchthal,BE,BE_H2,2,4.816241156068032,122.5,0.0,29.5,40.7,11.9,12.8,5.0,17.8,70.2,1.5,0.0,573.1,590.6,587.2,32.6,549.4,629.6,45.3,26.0,3.05,-2.0,1,1
415,Lyssach,BE,BE_H2,2,5.506550305126492,245.3,0.0,32.3,39.1,12.0,12.3,4.3,16.6,71.4,2.1,31.0,573.1,590.6,587.2,32.6,549.4,629.6,45.3,26.0,3.05,-2.0,1,1
418,Oberburg,BE,BE_H2,2,5.358941988364472,211.5,0.0,35.6,35.4,11.4,11.1,6.5,17.6,71.0,8.0,235.0,573.1,590.6,587.2,32.6,549.4,629.6,45.3,26.0,3.05,-2.0,1,1
420,Rüdtligen-Alchenflüh,BE,BE_H2,2,6.82045295057934,915.4,0.0,37.6,33.8,10.4,12.1,6.0,18.1,71.4,4.5,111.0,573.1,590.6,587.2,32.6,549.4,629.6,45.3,26.0,3.05,-2.0,1,1
421,Rumendingen,BE,BE_H2,2,3.6454498961866,37.3,0.0,30.8,41.0,10.3,15.4,2.6,18.0,71.8,0.0,0.0,573.1,590.6,587.2,32.6,549.4,629.6,45.3,26.0,3.05,-2.0,0,0
422,Rüti bei Lyssach,BE,BE_H2,2,4.847331743138063,126.4,0.0,30.6,38.9,15.3,8.3,6.9,15.200000000000001,69.5,1.5,0.0,573.1,590.6,587.2,32.6,549.4,629.6,45.3,26.0,3.05,-2.0,1,1
423,Willadingen,BE,BE_H2,2,4.514150787600923,90.3,0.0,32.7,49.0,8.2,8.2,2.0,10.2,81.7,0.0,0.0,573.1,590.6,587.2,32.6,549.4,629.6,45.3,26.0,3.05,-2.0,0,0
424,Wynigen,BE,BE_H2,2,4.31748811353631,74.0,0.0,31.1,38.6,9.9,12.9,7.5,20.4,69.7,1.0,21.0,573.1,590.6,587.2,32.6,549.4,629.6,45.3,26.0,3.05,-2.0,0,0
431,Corgémont,BE,BE_H2,2,4.6434288981051814,102.9,0.0,32.3,33.2,12.2,16.1,6.2,22.3,65.5,1.8,33.0,573.1,590.6,587.2,32.6,549.4,629.6,45.3,26.0,3.05,-2.0,1,1
432,Cormoret,BE,BE_H2,2,3.6609942506244004,37.9,0.0,30.7,32.1,14.2,17.0,6.1,23.1,62.8,1.8,9.0,573.1,590.6,587.2,32.6,549.4,629.6,45.3,26.0,3.05,-2.0,0,0
433,Cortébert,BE,BE_H2,2,3.822098297900159,44.7,0.0,37.7,34.8,12.1,8.9,6.6,15.5,72.5,3.0,20.0,573.1,590.6,587.2,32.6,549.4,629.6,45.3,26.0,3.05,-2.0,0,0
434,Courtelary,BE,BE_H2,2,4.192680462942962,65.2,0.0,34.8,29.9,12.6,15.8,6.9,22.700000000000003,64.69999999999999,3.3,48.0,573.1,590.6,587.2,32.6,549.4,629.6,45.3,26.0,3.05,-2.0,0,0
435,La Ferrière,BE,BE_H2,2,3.681351187693145,38.7,0.0,33.3,32.9,12.7,15.6,5.5,21.1,66.19999999999999,1.1,6.0,573.1,590.6,587.2,32.6,549.4,629.6,45.3,26.0,3.05,-2.0,0,0
437,Mont-Tramelan,BE,BE_H2,2,3.214867803470662,23.9,0.0,35.6,26.7,11.1,15.6,11.1,26.7,62.3,1.5,0.0,573.1,590.6,587.2,32.6,549.4,629.6,45.3,26.0,3.05,-2.0,1,1
438,Orvin,BE,BE_H2,2,4.084294226368599,58.4,0.0,36.5,32.8,13.1,12.1,5.5,17.6,69.3,1.3,17.0,573.1,590.6,587.2,32.6,549.4,629.6,45.3,26.0,3.05,-2.0,0,0
441,Renan (BE),BE,BE_H2,2,4.341204640153626,75.8,0.0,36.6,33.3,10.6,13.4,6.1,19.5,69.9,1.7,16.0,573.1,590.6,587.2,32.6,549.4,629.6,45.3,26.0,3.05,-2.0,0,0
442,Romont (BE),BE,BE_H2,2,3.5263605246161616,33.0,0.0,23.5,49.0,13.7,11.8,2.0,13.8,72.5,1.5,0.0,573.1,590.6,587.2,32.6,549.4,629.6,45.3,26.0,3.05,-2.0,0,0
443,Saint-Imier,BE,BE_H2,2,5.517854422268135,248.1,0.0,45.9,28.3,11.4,9.6,4.8,14.399999999999999,74.2,7.3,372.0,573.1,590.6,587.2,32.6,549.4,629.6,45.3,26.0,3.05,-2.0,0,0
444,Sonceboz-Sombeval,BE,BE_H2,2,4.855928904335275,127.5,0.0,33.1,31.9,15.2,13.1,6.7,19.8,65.0,2.8,54.0,573.1,590.6,587.2,32.6,549.4,629.6,45.3,26.0,3.05,-2.0,1,1
445,Sonvilier,BE,BE_H2,2,3.9569963710708773,51.3,0.0,39.2,26.6,13.0,14.1,7.2,21.3,65.80000000000001,3.2,38.0,573.1,590.6,587.2,32.6,549.4,629.6,45.3,26.0,3.05,-2.0,1,1
446,Tramelan,BE,BE_H2,2,5.254365479018854,190.4,0.0,40.0,31.3,10.9,11.6,6.3,17.9,71.3,4.4,205.0,573.1,590.6,587.2,32.6,549.4,629.6,45.3,26.0,3.05,-2.0,1,1
448,Villeret,BE,BE_H2,2,4.05871738457895,56.9,0.0,39.4,30.9,11.9,12.4,5.5,17.9,70.3,2.9,27.0,573.1,590.6,587.2,32.6,549.4,629.6,45.3,26.0,3.05,-2.0,0,0
449,Sauge,BE,BE_H2,2,4.136765278106052,61.6,0.0,39.1,34.0,12.7,10.9,3.3,14.2,73.1,3.5,28.0,573.1,590.6,587.2,32.6,549.4,629.6,45.3,26.0,3.05,-2.0,1,1
450,Péry-La Heutte,BE,BE_H2,2,4.432006566978902,83.1,0.0,36.0,35.9,10.8,12.8,4.5,17.3,71.9,4.8,94.0,573.1,590.6,587.2,32.6,549.4,629.6,45.3,26.0,3.05,-2.0,1,1
491,Brüttelen,BE,BE_H2,2,4.584967478670572,97.0,0.0,26.2,45.5,11.5,13.6,3.1,16.7,71.7,1.5,0.0,573.1,590.6,587.2,32.6,549.4,629.6,45.3,26.0,3.05,-2.0,1,1
492,Erlach,BE,BE_H2,2,5.975589197949692,392.7,0.0,37.4,36.3,9.8,13.3,3.2,16.5,73.69999999999999,2.1,30.0,573.1,590.6,587.2,32.6,549.4,629.6,45.3,26.0,3.05,-2.0,1,1
493,Finsterhennen,BE,BE_H2,2,5.0795392727434665,159.7,0.0,32.8,33.2,13.9,13.1,7.0,20.1,66.0,2.7,15.0,573.1,590.6,587.2,32.6,549.4,629.6,45.3,26.0,3.05,-2.0,1,1
494,Gals,BE,BE_H2,2,4.693181063310805,108.2,0.0,34.4,35.9,11.5,14.6,3.6,18.2,70.3,1.4,12.0,573.1,590.6,587.2,32.6,549.4,629.6,45.3,26.0,3.05,-2.0,1,1
495,Gampelen,BE,BE_H2,2,4.550714000192032,93.7,0.0,30.4,42.6,10.9,10.7,5.4,16.1,73.0,1.2,12.0,573.1,590.6,587.2,32.6,549.4,629.6,45.3,26.0,3.05,-2.0,1,1
496,Ins,BE,BE_H2,2,5.0701612734102826,158.2,0.0,31.2,35.6,13.1,14.6,5.5,20.1,66.8,1.6,58.0,573.1,590.6,587.2,32.6,549.4,629.6,45.3,26.0,3.05,-2.0,1,1
497,Lüscherz,BE,BE_H2,2,4.66814498514948,105.5,0.0,40.1,41.8,7.7,8.0,2.3,10.3,81.9,1.5,0.0,573.1,590.6,587.2,32.6,549.4,629.6,45.3,26.0,3.05,-2.0,1,1
498,Müntschemier,BE,BE_H2,2,5.829533679961761,339.2,0.0,26.2,38.5,13.8,14.0,7.6,21.6,64.7,1.5,0.0,573.1,590.6,587.2,32.6,549.4,629.6,45.3,26.0,3.05,-2.0,1,1
499,Siselen,BE,BE_H2,2,4.752727750345706,114.9,0.0,31.2,38.0,13.6,13.3,3.9,17.2,69.2,1.5,0.0,573.1,590.6,587.2,32.6,549.4,629.6,45.3,26.0,3.05,-2.0,1,1
500,Treiten,BE,BE_H2,2,4.514150787600923,90.3,0.0,31.3,42.4,11.6,12.1,2.5,14.6,73.7,1.5,0.0,573.1,590.6,587.2,32.6,549.4,629.6,45.3,26.0,3.05,-2.0,1,1
501,Tschugg,BE,BE_H2,2,5.024538199265247,151.1,0.0,41.1,32.0,11.7,11.7,3.5,15.2,73.1,1.5,7.0,573.1,590.6,587.2,32.6,549.4,629.6,45.3,26.0,3.05,-2.0,1,1
502,Vinelz,BE,BE_H2,2,5.301312875527835,199.6,0.0,33.0,41.7,10.5,10.5,4.2,14.7,74.7,1.5,0.0,573.1,590.6,587.2,32.6,549.4,629.6,45.3,26.0,3.05,-2.0,1,1
533,Bätterkinden,BE,BE_H2,2,5.8057371971791945,331.2,0.0,30.7,40.7,11.3,13.5,3.8,17.3,71.4,2.7,92.0,573.1,590.6,587.2,32.6,549.4,629.6,45.3,26.0,3.05,-2.0,1,1
535,Deisswil bei Münchenbuchsee,BE,BE_H2,2,3.6988297849671046,39.4,0.0,34.9,44.2,14.0,4.7,2.3,7.0,79.1,1.5,0.0,573.1,590.6,587.2,32.6,549.4,629.6,45.3,26.0,3.05,-2.0,0,0
538,Fraubrunnen,BE,BE_H2,2,5.155024196721561,172.3,0.0,29.2,37.9,12.2,15.7,4.9,20.6,67.1,1.4,78.0,573.1,590.6,587.2,32.6,549.4,629.6,45.3,26.0,3.05,-2.0,1,1
540,Jegenstorf,BE,BE_H2,2,6.078330080129564,435.3,0.0,33.0,38.2,11.2,13.5,4.0,17.5,71.2,2.1,126.0,573.1,590.6,587.2,32.6,549.4,629.6,45.3,26.0,3.05,-2.0,1,1
541,Iffwil,BE,BE_H2,2,4.487512142519859,87.9,0.0,26.2,41.2,13.4,14.4,4.8,19.2,67.4,1.6,7.0,573.1,590.6,587.2,32.6,549.4,629.6,45.3,26.0,3.05,-2.0,1,1
543,Mattstetten,BE,BE_H2,2,5.0689042022202315,158.0,0.0,26.2,43.1,10.8,15.0,5.0,20.0,69.3,1.5,0.0,573.1,590.6,587.2,32.6,549.4,629.6,45.3,26.0,3.05,-2.0,0,0
544,Moosseedorf,BE,BE_H2,2,6.4805045788020506,651.3,0.0,34.7,35.6,12.2,12.7,4.8,17.5,70.30000000000001,5.7,237.0,573.1,590.6,587.2,32.6,549.4,629.6,45.3,26.0,3.05,-2.0,1,1
546,Münchenbuchsee,BE,BE_H2,2,6.821652579928726,916.5,0.0,36.8,34.4,11.6,12.0,5.2,17.2,71.19999999999999,3.9,402.0,573.1,590.6,587.2,32.6,549.4,629.6,45.3,26.0,3.05,-2.0,1,1
551,Urtenen-Schönbühl,BE,BE_H2,2,6.814872151502081,910.3,0.0,36.2,34.8,11.8,11.7,5.6,17.299999999999997,71.0,3.6,232.0,573.1,590.6,587.2,32.6,549.4,629.6,45.3,26.0,3.05,-2.0,1,1
552,Utzenstorf,BE,BE_H2,2,5.578974824062853,263.8,0.0,34.0,38.4,11.2,11.7,4.7,16.4,72.4,2.4,107.0,573.1,590.6,587.2,32.6,549.4,629.6,45.3,26.0,3.05,-2.0,1,1
553,Wiggiswil,BE,BE_H2,2,4.215086179918229,66.7,0.0,37.8,31.1,13.3,15.6,2.2,17.8,68.9,1.5,0.0,573.1,590.6,587.2,32.6,549.4,629.6,45.3,26.0,3.05,-2.0,0,0
554,Wiler bei Utzenstorf,BE,BE_H2,2,5.60285655606624,270.2,0.0,32.1,35.7,11.7,13.0,7.4,20.4,67.80000000000001,2.8,29.0,573.1,590.6,587.2,32.6,549.4,629.6,45.3,26.0,3.05,-2.0,1,1
556,Zielebach,BE,BE_H2,2,5.136386499401816,169.1,0.0,27.4,43.8,11.6,15.8,1.4,17.2,71.19999999999999,1.5,0.0,573.1,590.6,587.2,32.6,549.4,629.6,45.3,26.0,3.05,-2.0,1,1
557,Zuzwil (BE),BE,BE_H2,2,5.080783053998338,159.9,0.0,23.9,44.4,11.1,14.5,6.0,20.5,68.3,1.5,0.0,573.1,590.6,587.2,32.6,549.4,629.6,45.3,26.0,3.05,-2.0,1,1
561,Adelboden,BE,BE_H3,3,3.6888794541139363,39.0,0.0,34.9,36.0,11.2,10.9,7.0,17.9,70.9,0.3,11.0,536.5,554.2,554.3,32.5,520.5,589.1,48.8,26.0,3.3,-2.0,1,1
562,Aeschi bei Spiez,BE,BE_H3,3,4.330733340286331,75.0,0.0,39.5,36.0,9.1,9.7,5.7,15.399999999999999,75.5,1.4,32.0,536.5,554.2,554.3,32.5,520.5,589.1,48.8,26.0,3.3,-2.0,1,1
563,Frutigen,BE,BE_H3,3,4.597138014290827,98.2,0.0,35.3,35.3,11.0,11.1,7.4,18.5,70.6,1.7,120.0,536.5,554.2,554.3,32.5,520.5,589.1,48.8,26.0,3.3,-2.0,1,1
564,Kandergrund,BE,BE_H3,3,3.265759410767051,25.2,0.0,38.4,35.2,8.6,12.4,5.4,17.8,73.6,2.6,21.0,536.5,554.2,554.3,32.5,520.5,589.1,48.8,26.0,3.3,-2.0,1,1
565,Kandersteg,BE,BE_H3,3,2.3702437414678603,9.7,0.0,41.9,40.3,8.3,7.1,2.4,9.5,82.19999999999999,1.4,18.0,536.5,554.2,554.3,32.5,520.5,589.1,48.8,26.0,3.3,-2.0,1,1
566,Krattigen,BE,BE_H3,3,5.243333058215277,188.3,0.0,38.3,39.2,9.1,11.5,2.0,13.5,77.5,0.8,10.0,536.5,554.2,554.3,32.5,520.5,589.1,48.8,26.0,3.3,-2.0,1,1
567,Reichenbach im Kandertal,BE,BE_H3,3,3.4404180948154366,30.2,0.0,36.7,34.9,9.3,12.0,7.1,19.1,71.6,0.7,25.0,536.5,554.2,554.3,32.5,520.5,589.1,48.8,26.0,3.3,-2.0,1,1
571,Beatenberg,BE,BE_H3,3,3.7612001156935624,42.0,0.0,49.1,34.6,6.2,6.9,3.3,10.2,83.7,2.7,34.0,536.5,554.2,554.3,32.5,520.5,589.1,48.8,26.0,3.3,-2.0,1,1
572,Bönigen,BE,BE_H3,3,5.22413246835866,184.7,0.0,37.2,36.7,11.0,11.2,4.0,15.2,73.9,1.7,45.0,536.5,554.2,554.3,32.5,520.5,589.1,48.8,26.0,3.3,-2.0,1,1
573,Brienz (BE),BE,BE_H3,3,4.229749199228304,67.7,0.0,40.3,35.8,9.7,9.3,4.9,14.200000000000001,76.1,2.2,72.0,536.5,554.2,554.3,32.5,520.5,589.1,48.8,26.0,3.3,-2.0,1,1
574,Brienzwiler,BE,BE_H3,3,3.407841924380824,29.2,0.0,44.5,34.0,10.2,9.1,2.3,11.399999999999999,78.5,1.6,8.0,536.5,554.2,554.3,32.5,520.5,589.1,48.8,26.0,3.3,-2.0,1,1
575,Därligen,BE,BE_H3,3,4.110873864173311,60.0,0.0,35.4,36.4,14.9,9.2,4.1,13.299999999999999,71.8,3.6,15.0,536.5,554.2,554.3,32.5,520.5,589.1,48.8,26.0,3.3,-2.0,1,1
576,Grindelwald,BE,BE_H3,3,3.173878458937465,22.9,0.0,45.5,34.6,9.4,8.6,1.9,10.5,80.1,0.6,24.0,536.5,554.2,554.3,32.5,520.5,589.1,48.8,26.0,3.3,-2.0,1,1
577,Gsteigwiler,BE,BE_H3,3,4.144720769547168,62.1,0.0,36.4,42.6,6.2,10.0,4.8,14.8,79.0,1.5,0.0,536.5,554.2,554.3,32.5,520.5,589.1,48.8,26.0,3.3,-2.0,1,1
578,Gündlischwand,BE,BE_H3,3,3.0726933146901194,20.6,0.0,36.3,36.9,8.8,13.1,5.0,18.1,73.19999999999999,1.5,0.0,536.5,554.2,554.3,32.5,520.5,589.1,48.8,26.0,3.3,-2.0,1,1
579,Habkern,BE,BE_H3,3,2.5877640352277083,12.3,0.0,38.0,34.1,9.8,12.2,5.9,18.1,72.1,1.5,10.0,536.5,554.2,554.3,32.5,520.5,589.1,48.8,26.0,3.3,-2.0,1,1
580,Hofstetten bei Brienz,BE,BE_H3,3,4.115779842942166,60.3,0.0,34.6,43.3,11.0,7.1,3.9,11.0,77.9,1.3,7.0,536.5,554.2,554.3,32.5,520.5,589.1,48.8,26.0,3.3,-2.0,1,1
581,Interlaken,BE,BE_H3,3,7.268920128193722,1434.0,1.0,45.8,32.3,10.5,7.9,3.5,11.4,78.1,3.9,231.0,536.5,554.2,554.3,32.5,520.5,589.1,48.8,26.0,3.3,-2.0,1,1
582,Iseltwald,BE,BE_H3,3,2.9601050959108397,18.3,0.0,44.9,33.2,9.3,9.8,2.9,12.700000000000001,78.1,1.5,0.0,536.5,554.2,554.3,32.5,520.5,589.1,48.8,26.0,3.3,-2.0,1,1
584,Lauterbrunnen,BE,BE_H3,3,2.7212954278522306,14.2,0.0,51.9,30.5,8.0,7.7,1.9,9.6,82.4,0.6,14.0,536.5,554.2,554.3,32.5,520.5,589.1,48.8,26.0,3.3,-2.0,1,1
585,Leissigen,BE,BE_H3,3,4.763028270603671,116.1,0.0,33.9,37.4,11.0,12.5,5.1,17.6,71.3,0.8,10.0,536.5,554.2,554.3,32.5,520.5,589.1,48.8,26.0,3.3,-2.0,1,1
586,Lütschental,BE,BE_H3,3,3.0204248861443626,19.5,0.0,33.9,36.7,11.9,12.8,4.6,17.4,70.6,1.5,0.0,536.5,554.2,554.3,32.5,520.5,589.1,48.8,26.0,3.3,-2.0,1,1
587,Matten bei Interlaken,BE,BE_H3,3,6.567796973076092,710.8,0.0,37.3,35.9,13.1,10.8,2.8,13.600000000000001,73.19999999999999,2.3,96.0,536.5,554.2,554.3,32.5,520.5,589.1,48.8,26.0,3.3,-2.0,1,1
588,Niederried bei Interlaken,BE,BE_H3,3,4.490881039585964,88.2,0.0,38.9,43.2,7.6,9.7,0.5,10.2,82.1,3.3,12.0,536.5,554.2,554.3,32.5,520.5,589.1,48.8,26.0,3.3,-2.0,1,1
589,Oberried am Brienzersee,BE,BE_H3,3,3.214867803470662,23.9,0.0,41.8,39.4,8.8,8.4,1.6,10.0,81.19999999999999,2.3,11.0,536.5,554.2,554.3,32.5,520.5,589.1,48.8,26.0,3.3,-2.0,1,1
590,Ringgenberg (BE),BE,BE_H3,3,5.703782474656201,299.0,0.0,39.6,36.9,10.7,10.0,2.9,12.9,76.5,2.3,61.0,536.5,554.2,554.3,32.5,520.5,589.1,48.8,26.0,3.3,-2.0,1,1
591,Saxeten,BE,BE_H3,3,1.8082887711792655,5.1,0.0,39.2,45.1,7.8,5.9,2.0,7.9,84.30000000000001,1.5,0.0,536.5,554.2,554.3,32.5,520.5,589.1,48.8,26.0,3.3,-2.0,1,1
592,Schwanden bei Brienz,BE,BE_H3,3,4.560172820057356,94.6,0.0,38.3,38.6,9.7,8.1,5.3,13.399999999999999,76.9,1.5,0.0,536.5,554.2,554.3,32.5,520.5,589.1,48.8,26.0,3.3,-2.0,1,1
593,Unterseen,BE,BE_H3,3,6.013715156042802,408.0,0.0,40.3,37.0,10.6,9.5,2.7,12.2,77.3,1.6,91.0,536.5,554.2,554.3,32.5,520.5,589.1,48.8,26.0,3.3,-2.0,1,1
594,Wilderswil,BE,BE_H3,3,5.351384087484729,209.9,0.0,36.4,36.5,11.7,11.7,3.7,15.399999999999999,72.9,1.7,46.0,536.5,554.2,554.3,32.5,520.5,589.1,48.8,26.0,3.3,-2.0,1,1
602,Arni (BE),BE,BE_H2,2,4.55597994179732,94.2,0.0,30.2,38.9,11.1,13.7,6.1,19.799999999999997,69.1,0.9,9.0,573.1,590.6,587.2,32.6,549.4,629.6,45.3,26.0,3.05,-2.0,1,1
603,Biglen,BE,BE_H2,2,6.249975242259483,517.0,0.0,34.7,38.9,10.3,11.6,4.4,16.0,73.6,2.5,47.0,573.1,590.6,587.2,32.6,549.4,629.6,45.3,26.0,3.05,-2.0,1,1
605,Bowil,BE,BE_H2,2,4.489759334476764,88.1,0.0,34.0,37.8,10.9,13.3,4.1,17.4,71.8,0.9,12.0,573.1,590.6,587.2,32.6,549.4,629.6,45.3,26.0,3.05,-2.0,1,1
606,Brenzikofen,BE,BE_H2,2,5.500441550638171,243.8,0.0,29.9,39.7,10.7,14.1,5.6,19.7,69.6,1.7,9.0,573.1,590.6,587.2,32.6,549.4,629.6,45.3,26.0,3.05,-2.0,1,1
607,Freimettigen,BE,BE_H2,2,5.0369526024136295,153.0,0.0,31.9,38.2,11.3,14.2,4.4,18.6,70.1,1.8,8.0,573.1,590.6,587.2,32.6,549.4,629.6,45.3,26.0,3.05,-2.0,1,1
608,Grosshöchstetten,BE,BE_H2,2,6.377406988727283,587.4,0.0,34.6,38.2,9.7,12.5,5.0,17.5,72.80000000000001,2.6,105.0,573.1,590.6,587.2,32.6,549.4,629.6,45.3,26.0,3.05,-2.0,1,1
609,Häutligen,BE,BE_H2,2,4.480740107609915,87.3,0.0,26.7,44.8,10.3,12.9,5.2,18.1,71.5,1.5,0.0,573.1,590.6,587.2,32.6,549.4,629.6,45.3,26.0,3.05,-2.0,1,1
610,Herbligen,BE,BE_H2,2,5.450609176890295,231.9,0.0,30.4,32.3,14.4,13.3,9.5,22.8,62.699999999999996,1.0,6.0,573.1,590.6,587.2,32.6,549.4,629.6,45.3,26.0,3.05,-2.0,1,1
611,Kiesen,BE,BE_H2,2,5.357057861570636,211.1,0.0,30.7,38.4,10.2,15.3,5.3,20.6,69.1,0.6,6.0,573.1,590.6,587.2,32.6,549.4,629.6,45.3,26.0,3.05,-2.0,1,1
612,Konolfingen,BE,BE_H2,2,6.064947323867785,429.5,0.0,36.4,38.6,10.0,10.4,4.5,14.9,75.0,2.4,131.0,573.1,590.6,587.2,32.6,549.4,629.6,45.3,26.0,3.05,-2.0,1,1
613,Landiswil,BE,BE_H2,2,4.122283930911342,60.7,0.0,28.7,42.9,10.4,10.1,7.8,17.9,71.6,1.5,0.0,573.1,590.6,587.2,32.6,549.4,629.6,45.3,26.0,3.05,-2.0,1,1
614,Linden,BE,BE_H2,2,4.578826210648489,96.4,0.0,33.0,39.2,8.2,10.5,9.1,19.6,72.2,0.8,10.0,573.1,590.6,587.2,32.6,549.4,629.6,45.3,26.0,3.05,-2.0,1,1
615,Mirchel,BE,BE_H2,2,5.483551344789026,239.7,0.0,30.2,39.2,12.2,13.1,5.3,18.4,69.4,2.0,12.0,573.1,590.6,587.2,32.6,549.4,629.6,45.3,26.0,3.05,-2.0,1,1
616,Münsingen,BE,BE_H2,2,6.719616836866618,827.5,0.0,36.0,36.6,10.7,12.0,4.7,16.7,72.6,2.3,306.0,573.1,590.6,587.2,32.6,549.4,629.6,45.3,26.0,3.05,-2.0,1,1
617,Niederhünigen,BE,BE_H2,2,4.882801922586371,131.0,0.0,30.8,41.2,8.8,14.2,5.0,19.2,72.0,1.7,12.0,573.1,590.6,587.2,32.6,549.4,629.6,45.3,26.0,3.05,-2.0,1,1
619,Oberdiessbach,BE,BE_H2,2,5.4258306868469965,226.2,0.0,31.5,40.2,11.3,11.7,5.3,17.0,71.7,2.9,104.0,573.1,590.6,587.2,32.6,549.4,629.6,45.3,26.0,3.05,-2.0,1,1
620,Oberthal,BE,BE_H2,2,4.219507705176107,67.0,0.0,33.8,39.7,9.7,12.8,4.1,16.9,73.5,0.9,7.0,573.1,590.6,587.2,32.6,549.4,629.6,45.3,26.0,3.05,-2.0,1,1
622,Oppligen,BE,BE_H2,2,5.273512247629066,194.1,0.0,36.1,37.1,11.9,7.0,7.9,14.9,73.2,1.8,12.0,573.1,590.6,587.2,32.6,549.4,629.6,45.3,26.0,3.05,-2.0,1,1
623,Rubigen,BE,BE_H2,2,6.038348133006832,418.2,0.0,32.3,40.2,12.0,12.4,3.1,15.5,72.5,1.1,32.0,573.1,590.6,587.2,32.6,549.4,629.6,45.3,26.0,3.05,-2.0,1,1
626,Walkringen,BE,BE_H2,2,4.675628649636653,106.3,0.0,32.3,38.8,9.8,13.8,5.3,19.1,71.1,3.3,60.0,573.1,590.6,587.2,32.6,549.4,629.6,45.3,26.0,3.05,-2.0,1,1
627,Worb,BE,BE_H2,2,6.311734809152915,550.0,0.0,38.2,35.0,11.2,10.6,4.9,15.5,73.2,4.8,553.0,573.1,590.6,587.2,32.6,549.4,629.6,45.3,26.0,3.05,-2.0,1,1
628,Zäziwil,BE,BE_H2,2,5.734311679691024,308.3,0.0,35.5,37.9,9.3,13.0,4.3,17.3,73.4,2.7,44.0,573.1,590.6,587.2,32.6,549.4,629.6,45.3,26.0,3.05,-2.0,1,1
629,Oberhünigen,BE,BE_H2,2,4.030694535145645,55.3,0.0,22.1,42.7,11.5,12.2,11.5,23.7,64.80000000000001,0.0,0.0,573.1,590.6,587.2,32.6,549.4,629.6,45.3,26.0,3.05,-2.0,0,0
630,Allmendingen,BE,BE_H2,2,4.9459189793765646,139.6,0.0,29.4,44.1,14.3,7.8,4.5,12.3,73.5,0.0,0.0,573.1,590.6,587.2,32.6,549.4,629.6,45.3,26.0,3.05,-2.0,0,0
632,Wichtrach,BE,BE_H2,2,5.955837369464831,385.0,0.0,33.0,37.0,11.1,14.6,4.3,18.9,70.0,2.0,91.0,573.1,590.6,587.2,32.6,549.4,629.6,45.3,26.0,3.05,-2.0,1,1
662,Ferenbalm,BE,BE_H2,2,4.92870191133357,137.2,0.0,29.5,42.3,11.8,10.4,6.0,16.4,71.8,2.3,28.0,573.1,590.6,587.2,32.6,549.4,629.6,45.3,26.0,3.05,-2.0,1,1
663,Frauenkappelen,BE,BE_H2,2,5.0701612734102826,158.2,0.0,33.3,37.7,13.8,11.1,4.1,15.2,71.0,2.2,32.0,573.1,590.6,587.2,32.6,549.4,629.6,45.3,26.0,3.05,-2.0,0,0
665,Gurbrü,BE,BE_H2,2,4.90453376321371,133.9,0.0,33.3,38.6,11.4,14.0,2.6,16.6,71.9,1.5,0.0,573.1,590.6,587.2,32.6,549.4,629.6,45.3,26.0,3.05,-2.0,1,1
666,Kriechenwil,BE,BE_H2,2,4.528289141652134,91.6,0.0,41.3,35.0,8.3,8.3,7.3,15.600000000000001,76.3,1.4,6.0,573.1,590.6,587.2,32.6,549.4,629.6,45.3,26.0,3.05,-2.0,1,1
667,Laupen,BE,BE_H2,2,6.677712985976771,793.5,0.0,41.1,35.2,9.6,10.3,3.8,14.100000000000001,76.30000000000001,2.9,97.0,573.1,590.6,587.2,32.6,549.4,629.6,45.3,26.0,3.05,-2.0,1,1
668,Mühleberg,BE,BE_H2,2,4.778282803696737,117.9,0.0,33.1,41.1,10.3,10.9,4.6,15.5,74.2,1.2,37.0,573.1,590.6,587.2,32.6,549.4,629.6,45.3,26.0,3.05,-2.0,1,1
669,Münchenwiler,BE,BE_H2,2,5.472690753492817,237.1,0.0,23.7,37.9,15.8,17.1,5.4,22.5,61.599999999999994,1.5,0.0,573.1,590.6,587.2,32.6,549.4,629.6,45.3,26.0,3.05,-2.0,1,1
670,Neuenegg,BE,BE_H2,2,5.574053367981417,262.5,0.0,32.5,36.7,12.8,13.2,4.8,18.0,69.2,2.3,134.0,573.1,590.6,587.2,32.6,549.4,629.6,45.3,26.0,3.05,-2.0,1,1
671,Wileroltigen,BE,BE_H2,2,4.528289141652134,91.6,0.0,23.6,39.5,19.7,12.1,5.1,17.2,63.1,1.5,0.0,573.1,590.6,587.2,32.6,549.4,629.6,45.3,26.0,3.05,-2.0,1,1
681,Belprahon,BE,BE_H2,2,4.257030144499196,69.6,0.0,26.2,50.8,11.1,11.1,0.8,11.9,77.0,1.5,0.0,573.1,590.6,587.2,32.6,549.4,629.6,45.3,26.0,3.05,-2.0,0,0
683,Champoz,BE,BE_H2,2,3.086486636822455,20.9,0.0,30.2,33.3,17.5,9.5,9.5,19.0,63.5,0.0,0.0,573.1,590.6,587.2,32.6,549.4,629.6,45.3,26.0,3.05,-2.0,0,0
687,Corcelles (BE),BE,BE_H2,2,3.3463891451671604,27.4,0.0,40.9,37.6,10.8,6.5,4.3,10.8,78.5,0.0,0.0,573.1,590.6,587.2,32.6,549.4,629.6,45.3,26.0,3.05,-2.0,0,0
690,Court,BE,BE_H2,2,4.037774210733707,55.7,0.0,32.6,35.8,11.0,13.9,6.8,20.7,68.4,1.4,20.0,573.1,590.6,587.2,32.6,549.4,629.6,45.3,26.0,3.05,-2.0,1,1
691,Crémines,BE,BE_H2,2,4.053522567701846,56.6,0.0,38.9,34.4,8.2,11.5,7.0,18.5,73.3,2.4,13.0,573.1,590.6,587.2,32.6,549.4,629.6,45.3,26.0,3.05,-2.0,1,1
692,Eschert,BE,BE_H2,2,4.091005660956586,58.8,0.0,30.4,38.6,13.5,11.7,5.8,17.5,69.0,3.2,12.0,573.1,590.6,587.2,32.6,549.4,629.6,45.3,26.0,3.05,-2.0,1,1
694,Grandval,BE,BE_H2,2,3.8543938925915096,46.2,0.0,38.4,36.7,9.0,9.6,6.2,15.8,75.1,2.5,10.0,573.1,590.6,587.2,32.6,549.4,629.6,45.3,26.0,3.05,-2.0,1,1
696,Loveresse,BE,BE_H2,2,4.3476939555933765,76.3,0.0,33.8,39.5,5.7,10.2,10.8,21.0,73.3,1.5,0.0,573.1,590.6,587.2,32.6,549.4,629.6,45.3,26.0,3.05,-2.0,0,0
701,Perrefitte,BE,BE_H2,2,4.04305126783455,56.0,0.0,38.5,32.6,9.6,13.3,6.0,19.3,71.1,2.5,12.0,573.1,590.6,587.2,32.6,549.4,629.6,45.3,26.0,3.05,-2.0,1,1
703,Reconvilier,BE,BE_H2,2,5.7196558238124915,303.8,0.0,40.7,30.4,12.4,10.8,5.8,16.6,71.1,6.7,165.0,573.1,590.6,587.2,32.6,549.4,629.6,45.3,26.0,3.05,-2.0,1,1
704,Roches (BE),BE,BE_H2,2,3.095577608523707,21.1,0.0,40.4,30.9,17.0,9.6,2.1,11.7,71.3,1.5,0.0,573.1,590.6,587.2,32.6,549.4,629.6,45.3,26.0,3.05,-2.0,1,1
706,Saicourt,BE,BE_H2,2,3.86702563949741,46.8,0.0,35.1,33.2,11.9,11.6,8.2,19.799999999999997,68.30000000000001,5.2,32.0,573.1,590.6,587.2,32.6,549.4,629.6,45.3,26.0,3.05,-2.0,1,1
707,Saules (BE),BE,BE_H2,2,3.572345637857985,34.6,0.0,31.7,39.7,11.1,7.9,9.5,17.4,71.4,1.5,0.0,573.1,590.6,587.2,32.6,549.4,629.6,45.3,26.0,3.05,-2.0,1,1
708,Schelten,BE,BE_H2,2,1.9315214116032138,5.9,0.0,40.0,33.3,6.7,6.7,13.3,20.0,73.3,1.5,0.0,573.1,590.6,587.2,32.6,549.4,629.6,45.3,26.0,3.05,-2.0,1,1
709,Seehof,BE,BE_H2,2,2.1972245773362196,8.0,0.0,28.0,24.0,28.0,8.0,12.0,20.0,52.0,0.0,0.0,573.1,590.6,587.2,32.6,549.4,629.6,45.3,26.0,3.05,-2.0,0,0
711,Sorvilier,BE,BE_H2,2,3.7954891891721947,43.5,0.0,40.9,30.7,8.8,16.1,3.6,19.700000000000003,71.6,2.3,7.0,573.1,590.6,587.2,32.6,549.4,629.6,45.3,26.0,3.05,-2.0,1,1
713,Tavannes,BE,BE_H2,2,5.473530384104697,237.3,0.0,42.7,28.3,12.5,11.2,5.2,16.4,71.0,10.8,373.0,573.1,590.6,587.2,32.6,549.4,629.6,45.3,26.0,3.05,-2.0,1,1
715,Rebévelier,BE,BE_H2,2,2.302585092994046,9.0,0.0,38.5,30.8,0.0,15.4,15.4,30.8,69.3,0.0,0.0,573.1,590.6,587.2,32.6,549.4,629.6,45.3,26.0,3.05,-2.0,0,0
716,Petit-Val,BE,BE_H2,2,3.0587070727153796,20.3,0.0,35.7,31.0,12.5,10.7,10.1,20.799999999999997,66.7,2.2,11.0,573.1,590.6,587.2,32.6,549.4,629.6,45.3,26.0,3.05,-2.0,1,1
717,Valbirse,BE,BE_H2,2,5.364573162325102,212.7,0.0,38.6,33.5,12.9,10.5,4.4,14.9,72.1,4.8,191.0,573.1,590.6,587.2,32.6,549.4,629.6,45.3,26.0,3.05,-2.0,1,1
723,La Neuveville,BE,BE_H2,2,6.331679770008029,561.1,0.0,40.9,31.5,13.1,10.7,3.8,14.5,72.4,3.5,132.0,573.1,590.6,587.2,32.6,549.4,629.6,45.3,26.0,3.05,-2.0,1,1
724,Nods,BE,BE_H2,2,3.3978584803966405,28.9,0.0,31.5,33.0,14.2,14.2,7.1,21.299999999999997,64.5,1.5,0.0,573.1,590.6,587.2,32.6,549.4,629.6,45.3,26.0,3.05,-2.0,0,0
726,Plateau de Diesse,BE,BE_H2,2,4.447346100794524,84.4,0.0,40.8,30.7,11.8,11.9,4.9,16.8,71.5,2.9,63.0,573.1,590.6,587.2,32.6,549.4,629.6,45.3,26.0,3.05,-2.0,1,1
731,Aegerten,BE,BE_H2,2,7.043945633432402,1144.9,1.0,36.3,34.2,12.4,11.1,5.9,17.0,70.5,2.0,49.0,573.1,590.6,587.2,32.6,549.4,629.6,45.3,26.0,3.05,-2.0,1,1
732,Bellmund,BE,BE_H2,2,6.163104255555076,473.9,0.0,23.7,38.3,15.0,17.4,5.6,23.0,62.0,1.5,0.0,573.1,590.6,587.2,32.6,549.4,629.6,45.3,26.0,3.05,-2.0,1,1
733,Brügg,BE,BE_H2,2,6.836259277277067,930.0,0.0,39.8,31.9,12.1,10.8,5.4,16.200000000000003,71.69999999999999,8.5,385.0,573.1,590.6,587.2,32.6,549.4,629.6,45.3,26.0,3.05,-2.0,1,1
734,Bühl,BE,BE_H2,2,5.095588999976419,162.3,0.0,31.4,43.2,11.4,12.2,1.7,13.899999999999999,74.6,1.5,0.0,573.1,590.6,587.2,32.6,549.4,629.6,45.3,26.0,3.05,-2.0,0,0
735,Epsach,BE,BE_H2,2,4.684905154006945,107.3,0.0,20.7,46.0,14.7,11.3,7.3,18.6,66.7,1.5,0.0,573.1,590.6,587.2,32.6,549.4,629.6,45.3,26.0,3.05,-2.0,1,1
736,Hagneck,BE,BE_H2,2,5.472270673671475,237.0,0.0,22.1,45.3,12.2,16.0,4.4,20.4,67.4,0.0,0.0,573.1,590.6,587.2,32.6,549.4,629.6,45.3,26.0,3.05,-2.0,0,0
737,Hermrigen,BE,BE_H2,2,4.533674184283021,92.1,0.0,34.7,36.8,11.8,12.5,4.2,16.7,71.5,1.5,0.0,573.1,590.6,587.2,32.6,549.4,629.6,45.3,26.0,3.05,-2.0,0,0
738,Jens,BE,BE_H2,2,4.977423159890142,144.1,0.0,23.1,44.4,12.6,13.4,6.5,19.9,67.5,1.5,0.0,573.1,590.6,587.2,32.6,549.4,629.6,45.3,26.0,3.05,-2.0,1,1
739,Ipsach,BE,BE_H2,2,7.619380680787855,2036.3,1.0,34.9,37.8,12.0,12.0,3.3,15.3,72.69999999999999,2.8,107.0,573.1,590.6,587.2,32.6,549.4,629.6,45.3,26.0,3.05,-2.0,1,1
740,Ligerz,BE,BE_H2,2,5.684599655239428,293.3,0.0,38.2,37.5,12.0,9.3,3.1,12.4,75.7,1.5,0.0,573.1,590.6,587.2,32.6,549.4,629.6,45.3,26.0,3.05,-2.0,1,1
741,Merzligen,BE,BE_H2,2,5.171619713502079,175.2,0.0,28.7,43.6,14.9,7.7,5.0,12.7,72.3,1.5,0.0,573.1,590.6,587.2,32.6,549.4,629.6,45.3,26.0,3.05,-2.0,0,0
742,Mörigen,BE,BE_H2,2,6.013470627370596,407.9,0.0,26.1,45.4,13.5,10.9,4.1,15.0,71.5,1.5,0.0,573.1,590.6,587.2,32.6,549.4,629.6,45.3,26.0,3.05,-2.0,1,1
743,Nidau,BE,BE_H2,2,8.442706686089412,4640.1,1.0,46.6,29.3,9.9,9.3,4.9,14.200000000000001,75.9,8.7,614.0,573.1,590.6,587.2,32.6,549.4,629.6,45.3,26.0,3.05,-2.0,1,1
744,Orpund,BE,BE_H2,2,6.7459419828195335,849.6,0.0,33.9,34.9,14.4,11.2,5.6,16.799999999999997,68.8,5.6,185.0,573.1,590.6,587.2,32.6,549.4,629.6,45.3,26.0,3.05,-2.0,1,1
745,Port,BE,BE_H2,2,7.370230641807081,1587.0,1.0,33.3,37.9,10.6,13.8,4.3,18.1,71.19999999999999,1.4,54.0,573.1,590.6,587.2,32.6,549.4,629.6,45.3,26.0,3.05,-2.0,1,1
746,Safnern,BE,BE_H2,2,5.905361848054571,366.0,0.0,31.2,37.1,12.4,15.3,4.0,19.3,68.3,2.2,45.0,573.1,590.6,587.2,32.6,549.4,629.6,45.3,26.0,3.05,-2.0,1,1
747,Scheuren,BE,BE_H2,2,5.539693686123306,253.6,0.0,30.8,33.5,12.9,17.0,5.8,22.8,64.3,1.1,6.0,573.1,590.6,587.2,32.6,549.4,629.6,45.3,26.0,3.05,-2.0,0,0
748,Schwadernau,BE,BE_H2,2,5.119788607992779,166.3,0.0,29.0,40.7,12.5,10.8,7.1,17.9,69.7,1.8,12.0,573.1,590.6,587.2,32.6,549.4,629.6,45.3,26.0,3.05,-2.0,1,1
749,Studen (BE),BE,BE_H2,2,7.167500732740895,1295.6,1.0,33.2,34.8,12.4,13.0,6.5,19.5,68.0,4.5,159.0,573.1,590.6,587.2,32.6,549.4,629.6,45.3,26.0,3.05,-2.0,1,1
750,Sutz-Lattrigen,BE,BE_H2,2,5.972791281842361,391.6,0.0,28.5,40.1,12.5,13.6,5.4,19.0,68.6,2.7,38.0,573.1,590.6,587.2,32.6,549.4,629.6,45.3,26.0,3.05,-2.0,1,1
751,Täuffelen,BE,BE_H2,2,6.5537909437363755,700.9,0.0,34.4,39.8,10.4,12.2,3.2,15.399999999999999,74.19999999999999,1.3,38.0,573.1,590.6,587.2,32.6,549.4,629.6,45.3,26.0,3.05,-2.0,1,1
754,Walperswil,BE,BE_H2,2,5.017941869278694,150.1,0.0,26.1,41.4,11.6,15.5,5.5,21.0,67.5,1.5,0.0,573.1,590.6,587.2,32.6,549.4,629.6,45.3,26.0,3.05,-2.0,0,0
755,Worben,BE,BE_H2,2,6.854881789375069,947.5,0.0,34.2,35.5,12.9,13.2,4.2,17.4,69.7,1.8,45.0,573.1,590.6,587.2,32.6,549.4,629.6,45.3,26.0,3.05,-2.0,1,1
756,Twann-Tüscherz,BE,BE_H2,2,4.560172820057356,94.6,0.0,38.0,38.4,10.5,9.6,3.5,13.1,76.4,1.6,19.0,573.1,590.6,587.2,32.6,549.4,629.6,45.3,26.0,3.05,-2.0,1,1
761,Därstetten,BE,BE_H3,3,3.3105430133940246,26.4,0.0,33.3,38.3,11.8,9.2,7.3,16.5,71.6,0.7,6.0,536.5,554.2,554.3,32.5,520.5,589.1,48.8,26.0,3.3,-2.0,1,1
762,Diemtigen,BE,BE_H3,3,2.928523523860541,17.7,0.0,36.9,34.6,10.4,13.1,4.9,18.0,71.5,0.9,20.0,536.5,554.2,554.3,32.5,520.5,589.1,48.8,26.0,3.3,-2.0,1,1
763,Erlenbach im Simmental,BE,BE_H3,3,3.8753590210565547,47.2,0.0,41.5,34.7,8.1,10.5,5.2,15.7,76.2,1.5,27.0,536.5,554.2,554.3,32.5,520.5,589.1,48.8,26.0,3.3,-2.0,1,1
766,Oberwil im Simmental,BE,BE_H3,3,2.9601050959108397,18.3,0.0,32.3,39.4,10.3,10.1,7.9,18.0,71.69999999999999,1.4,12.0,536.5,554.2,554.3,32.5,520.5,589.1,48.8,26.0,3.3,-2.0,1,1
767,Reutigen,BE,BE_H2,2,4.627909672957581,101.3,0.0,32.9,37.8,11.1,12.7,5.5,18.2,70.69999999999999,1.1,15.0,573.1,590.6,587.2,32.6,549.4,629.6,45.3,26.0,3.05,-2.0,1,1
768,Spiez,BE,BE_H3,3,6.684486719854776,798.9,0.0,37.9,37.3,10.9,10.2,3.8,14.0,75.19999999999999,2.1,275.0,536.5,554.2,554.3,32.5,520.5,589.1,48.8,26.0,3.3,-2.0,1,1
769,Wimmis,BE,BE_H3,3,4.8154311114712876,122.4,0.0,32.9,34.7,13.1,13.1,6.2,19.3,67.6,2.8,75.0,536.5,554.2,554.3,32.5,520.5,589.1,48.8,26.0,3.3,-2.0,1,1
770,Stocken-Höfen,BE,BE_H3,3,4.28496492183075,71.6,0.0,34.4,36.3,10.9,12.3,6.1,18.4,70.69999999999999,0.9,9.0,536.5,554.2,554.3,32.5,520.5,589.1,48.8,26.0,3.3,-2.0,1,1
782,Guttannen,BE,BE_H3,3,0.7884573603642702,1.2,0.0,38.1,38.1,10.2,10.2,3.4,13.6,76.2,1.5,0.0,536.5,554.2,554.3,32.5,520.5,589.1,48.8,26.0,3.3,-2.0,0,0
783,Hasliberg,BE,BE_H3,3,3.332204510175204,27.0,0.0,38.8,36.8,7.2,10.7,6.4,17.1,75.6,1.5,0.0,536.5,554.2,554.3,32.5,520.5,589.1,48.8,26.0,3.3,-2.0,0,0
784,Innertkirchen,BE,BE_H3,3,1.7227665977411035,4.6,0.0,38.0,36.8,11.3,9.0,4.9,13.9,74.8,1.5,0.0,536.5,554.2,554.3,32.5,520.5,589.1,48.8,26.0,3.3,-2.0,0,0
785,Meiringen,BE,BE_H3,3,4.783316371371566,118.5,0.0,38.7,34.6,11.6,11.3,3.9,15.200000000000001,73.30000000000001,1.5,0.0,536.5,554.2,554.3,32.5,520.5,589.1,48.8,26.0,3.3,-2.0,1,1
786,Schattenhalb,BE,BE_H3,3,2.975529566236472,18.6,0.0,40.1,35.6,9.2,10.9,4.2,15.100000000000001,75.7,1.5,0.0,536.5,554.2,554.3,32.5,520.5,589.1,48.8,26.0,3.3,-2.0,0,0
791,Boltigen,BE,BE_H3,3,2.8622008809294686,16.5,0.0,34.4,38.6,10.3,9.7,7.0,16.7,73.0,1.4,17.0,536.5,554.2,554.3,32.5,520.5,589.1,48.8,26.0,3.3,-2.0,1,1
792,Lenk,BE,BE_H3,3,2.990719731730447,18.9,0.0,36.8,37.0,11.0,9.9,5.2,15.100000000000001,73.8,0.4,10.0,536.5,554.2,554.3,32.5,520.5,589.1,48.8,26.0,3.3,-2.0,1,1
793,St. Stephan,BE,BE_H3,3,3.126760535960395,21.8,0.0,37.1,32.4,13.4,9.7,7.5,17.2,69.5,1.0,14.0,536.5,554.2,554.3,32.5,520.5,589.1,48.8,26.0,3.3,-2.0,1,1
794,Zweisimmen,BE,BE_H3,3,3.758871825933971,41.9,0.0,37.4,37.4,10.0,10.5,4.7,15.2,74.8,0.6,20.0,536.5,554.2,554.3,32.5,520.5,589.1,48.8,26.0,3.3,-2.0,1,1
841,Gsteig,BE,BE_H3,3,2.8622008809294686,16.5,0.0,40.4,35.8,9.5,9.9,4.4,14.3,76.19999999999999,1.5,0.0,536.5,554.2,554.3,32.5,520.5,589.1,48.8,26.0,3.3,-2.0,0,0
842,Lauenen,BE,BE_H3,3,2.760009940032921,14.8,0.0,30.9,34.0,12.3,12.8,10.0,22.8,64.9,1.5,0.0,536.5,554.2,554.3,32.5,520.5,589.1,48.8,26.0,3.3,-2.0,0,0
843,Saanen,BE,BE_H3,3,4.072439726834051,57.7,0.0,44.0,30.1,11.4,10.0,4.5,14.5,74.1,1.5,0.0,536.5,554.2,554.3,32.5,520.5,589.1,48.8,26.0,3.3,-2.0,0,0
852,Guggisberg,BE,BE_H2,2,3.339321977944068,27.2,0.0,34.9,37.3,10.1,10.4,7.2,17.6,72.19999999999999,2.0,30.0,573.1,590.6,587.2,32.6,549.4,629.6,45.3,26.0,3.05,-2.0,1,1
853,Rüschegg,BE,BE_H2,2,3.4436180975461075,30.3,0.0,36.4,40.2,9.6,9.5,4.3,13.8,76.6,1.8,31.0,573.1,590.6,587.2,32.6,549.4,629.6,45.3,26.0,3.05,-2.0,1,1
855,Schwarzenburg,BE,BE_H2,2,5.028475212224587,151.7,0.0,35.7,38.4,10.7,11.2,4.1,15.299999999999999,74.1,2.3,153.0,573.1,590.6,587.2,32.6,549.4,629.6,45.3,26.0,3.05,-2.0,1,1
861,Belp,BE,BE_H2,2,6.224162311227003,503.8,0.0,36.3,35.7,11.6,11.5,4.9,16.4,72.0,3.4,402.0,573.1,590.6,587.2,32.6,549.4,629.6,45.3,26.0,3.05,-2.0,1,1
863,Burgistein,BE,BE_H2,2,4.962844630259907,142.0,0.0,32.0,40.8,9.9,12.0,5.4,17.4,72.8,1.6,18.0,573.1,590.6,587.2,32.6,549.4,629.6,45.3,26.0,3.05,-2.0,0,0
866,Gerzensee,BE,BE_H2,2,5.121580188047982,166.6,0.0,31.7,38.8,10.6,14.3,4.7,19.0,70.5,1.0,13.0,573.1,590.6,587.2,32.6,549.4,629.6,45.3,26.0,3.05,-2.0,1,1
867,Gurzelen,BE,BE_H2,2,5.271973391208435,193.8,0.0,32.2,34.6,10.5,15.7,7.0,22.7,66.80000000000001,0.8,7.0,573.1,590.6,587.2,32.6,549.4,629.6,45.3,26.0,3.05,-2.0,0,0
868,Jaberg,BE,BE_H2,2,5.454466049037968,232.8,0.0,26.0,39.4,11.8,15.7,7.1,22.799999999999997,65.4,0.0,0.0,573.1,590.6,587.2,32.6,549.4,629.6,45.3,26.0,3.05,-2.0,0,0
869,Kaufdorf,BE,BE_H2,2,6.283200889887803,534.5,0.0,26.0,37.6,13.1,15.8,7.6,23.4,63.6,2.3,25.0,573.1,590.6,587.2,32.6,549.4,629.6,45.3,26.0,3.05,-2.0,1,1
870,Kehrsatz,BE,BE_H2,2,6.959208560571053,1051.8,1.0,31.0,35.6,13.2,12.9,7.3,20.2,66.6,9.0,410.0,573.1,590.6,587.2,32.6,549.4,629.6,45.3,26.0,3.05,-2.0,1,1
872,Kirchdorf (BE),BE,BE_H2,2,4.8496837630384935,126.7,0.0,31.4,40.3,11.5,11.9,4.9,16.8,71.69999999999999,1.1,21.0,573.1,590.6,587.2,32.6,549.4,629.6,45.3,26.0,3.05,-2.0,1,1
877,Niedermuhlern,BE,BE_H2,2,4.28771595520264,71.8,0.0,28.4,45.3,9.5,12.5,4.3,16.8,73.69999999999999,1.5,0.0,573.1,590.6,587.2,32.6,549.4,629.6,45.3,26.0,3.05,-2.0,1,1
879,Riggisberg,BE,BE_H2,2,4.535820107853298,92.3,0.0,32.6,39.2,11.7,11.7,4.9,16.6,71.80000000000001,1.2,36.0,573.1,590.6,587.2,32.6,549.4,629.6,45.3,26.0,3.05,-2.0,1,1
880,Rüeggisberg,BE,BE_H2,2,3.906004933102583,48.7,0.0,36.2,39.4,9.7,10.9,3.9,14.8,75.6,1.2,22.0,573.1,590.6,587.2,32.6,549.4,629.6,45.3,26.0,3.05,-2.0,1,1
883,Seftigen,BE,BE_H2,2,6.334167333479831,562.5,0.0,33.6,40.1,11.0,11.2,4.1,15.299999999999999,73.7,4.9,108.0,573.1,590.6,587.2,32.6,549.4,629.6,45.3,26.0,3.05,-2.0,1,1
884,Toffen,BE,BE_H2,2,6.303168275401672,545.3,0.0,32.6,38.7,12.1,12.5,4.2,16.7,71.30000000000001,2.6,67.0,573.1,590.6,587.2,32.6,549.4,629.6,45.3,26.0,3.05,-2.0,1,1
885,Uttigen,BE,BE_H2,2,6.349313801274483,571.1,0.0,30.6,38.6,12.1,13.6,5.3,18.9,69.2,1.8,39.0,573.1,590.6,587.2,32.6,549.4,629.6,45.3,26.0,3.05,-2.0,1,1
886,Wattenwil,BE,BE_H2,2,5.407620101438487,222.1,0.0,32.6,35.6,13.5,12.8,5.4,18.200000000000003,68.2,2.2,69.0,573.1,590.6,587.2,32.6,549.4,629.6,45.3,26.0,3.05,-2.0,1,1
888,Wald (BE),BE,BE_H2,2,4.511957804265912,90.1,0.0,32.6,37.1,11.6,14.6,4.1,18.7,69.7,1.5,0.0,573.1,590.6,587.2,32.6,549.4,629.6,45.3,26.0,3.05,-2.0,1,1
889,Thurnen,BE,BE_H2,2,5.849900982786195,346.2,0.0,28.9,40.5,11.3,13.8,5.5,19.3,69.4,1.8,37.0,573.1,590.6,587.2,32.6,549.4,629.6,45.3,26.0,3.05,-2.0,1,1
901,Eggiwil,BE,BE_H3,3,3.728100167267218,40.6,0.0,30.3,37.5,10.9,12.0,9.3,21.3,67.8,1.5,0.0,536.5,554.2,554.3,32.5,520.5,589.1,48.8,26.0,3.3,-2.0,0,0
902,Langnau im Emmental,BE,BE_H3,3,5.293304824724492,198.0,0.0,38.2,36.0,9.8,10.5,5.6,16.1,74.2,1.5,0.0,536.5,554.2,554.3,32.5,520.5,589.1,48.8,26.0,3.3,-2.0,0,0
903,Lauperswil,BE,BE_H3,3,4.859812404361672,128.0,0.0,34.7,38.7,9.6,11.0,6.1,17.1,73.4,1.5,0.0,536.5,554.2,554.3,32.5,520.5,589.1,48.8,26.0,3.3,-2.0,1,1
904,Röthenbach im Emmental,BE,BE_H3,3,3.5145260669691587,32.6,0.0,31.2,38.8,12.5,8.4,9.2,17.6,70.0,1.5,0.0,536.5,554.2,554.3,32.5,520.5,589.1,48.8,26.0,3.3,-2.0,0,0
905,Rüderswil,BE,BE_H3,3,4.940927881671436,138.9,0.0,33.6,39.0,10.3,10.8,6.4,17.200000000000003,72.6,1.5,0.0,536.5,554.2,554.3,32.5,520.5,589.1,48.8,26.0,3.3,-2.0,0,0
906,Schangnau,BE,BE_H3,3,3.269568939183719,25.3,0.0,30.1,35.9,9.0,14.4,10.6,25.0,66.0,1.5,0.0,536.5,554.2,554.3,32.5,520.5,589.1,48.8,26.0,3.3,-2.0,0,0
907,Signau,BE,BE_H3,3,4.811371016571989,121.9,0.0,36.2,37.8,10.1,11.1,4.8,15.899999999999999,74.0,1.5,0.0,536.5,554.2,554.3,32.5,520.5,589.1,48.8,26.0,3.3,-2.0,0,0
908,Trub,BE,BE_H3,3,3.0726933146901194,20.6,0.0,29.1,36.1,11.4,13.0,10.4,23.4,65.2,1.5,0.0,536.5,554.2,554.3,32.5,520.5,589.1,48.8,26.0,3.3,-2.0,0,0
909,Trubschachen,BE,BE_H3,3,4.579852378003801,96.5,0.0,32.1,37.3,11.0,12.2,7.4,19.6,69.4,1.5,0.0,536.5,554.2,554.3,32.5,520.5,589.1,48.8,26.0,3.3,-2.0,0,0
921,Amsoldingen,BE,BE_H2,2,5.182345190295616,177.1,0.0,29.4,42.8,10.4,13.1,4.3,17.4,72.19999999999999,1.1,9.0,573.1,590.6,587.2,32.6,549.4,629.6,45.3,26.0,3.05,-2.0,1,1
922,Blumenstein,BE,BE_H2,2,4.446174454497633,84.3,0.0,30.2,39.3,10.9,13.5,6.0,19.5,69.5,3.0,39.0,573.1,590.6,587.2,32.6,549.4,629.6,45.3,26.0,3.05,-2.0,0,0
923,Buchholterberg,BE,BE_H2,2,4.626931677769604,101.2,0.0,30.4,40.3,11.3,9.8,8.2,18.0,70.69999999999999,0.7,11.0,573.1,590.6,587.2,32.6,549.4,629.6,45.3,26.0,3.05,-2.0,1,1
924,Eriz,BE,BE_H2,2,3.1354942159291497,22.0,0.0,32.4,40.7,9.3,12.0,5.6,17.6,73.1,1.5,0.0,573.1,590.6,587.2,32.6,549.4,629.6,45.3,26.0,3.05,-2.0,1,1
925,Fahrni,BE,BE_H2,2,4.794136285500715,119.8,0.0,29.6,39.0,10.6,16.1,4.7,20.8,68.6,1.5,0.0,573.1,590.6,587.2,32.6,549.4,629.6,45.3,26.0,3.05,-2.0,1,1
927,Heiligenschwendi,BE,BE_H2,2,4.874433672915854,129.9,0.0,43.1,35.9,6.9,9.2,4.9,14.1,79.0,1.5,0.0,573.1,590.6,587.2,32.6,549.4,629.6,45.3,26.0,3.05,-2.0,0,0
928,Heimberg,BE,BE_H2,2,7.171887210973657,1301.3,1.0,33.2,38.0,11.7,11.8,5.4,17.200000000000003,71.2,3.0,213.0,573.1,590.6,587.2,32.6,549.4,629.6,45.3,26.0,3.05,-2.0,1,1
929,Hilterfingen,BE,BE_H2,2,7.2850266527195195,1457.3,1.0,41.9,33.3,10.0,11.6,3.2,14.8,75.19999999999999,1.6,67.0,573.1,590.6,587.2,32.6,549.4,629.6,45.3,26.0,3.05,-2.0,1,1
931,Homberg,BE,BE_H2,2,4.354141431184346,76.8,0.0,30.2,31.7,10.9,19.3,7.9,27.200000000000003,61.9,1.5,0.0,573.1,590.6,587.2,32.6,549.4,629.6,45.3,26.0,3.05,-2.0,1,1
932,Horrenbach-Buchen,BE,BE_H2,2,2.4849066497880004,11.0,0.0,29.2,37.1,12.4,11.2,10.1,21.299999999999997,66.3,1.5,0.0,573.1,590.6,587.2,32.6,549.4,629.6,45.3,26.0,3.05,-2.0,1,1
934,Oberhofen am Thunersee,BE,BE_H2,2,6.837332814685591,931.0,0.0,41.0,37.5,10.2,9.4,1.9,11.3,78.5,1.4,34.0,573.1,590.6,587.2,32.6,549.4,629.6,45.3,26.0,3.05,-2.0,1,1
935,Oberlangenegg,BE,BE_H2,2,3.9627161197436642,51.6,0.0,32.5,32.0,13.2,15.2,7.1,22.299999999999997,64.5,1.5,0.0,573.1,590.6,587.2,32.6,549.4,629.6,45.3,26.0,3.05,-2.0,1,1
936,Pohlern,BE,BE_H2,2,3.258096538021482,25.0,0.0,36.9,33.3,6.3,17.1,6.3,23.400000000000002,70.19999999999999,1.5,0.0,573.1,590.6,587.2,32.6,549.4,629.6,45.3,26.0,3.05,-2.0,0,0
938,Sigriswil,BE,BE_H2,2,4.487512142519859,87.9,0.0,42.6,40.7,7.0,6.6,3.1,9.7,83.30000000000001,1.4,70.0,573.1,590.6,587.2,32.6,549.4,629.6,45.3,26.0,3.05,-2.0,1,1
939,Steffisburg,BE,BE_H2,2,7.021619535131184,1119.6,1.0,38.9,36.2,10.6,10.5,3.8,14.3,75.1,2.5,407.0,573.1,590.6,587.2,32.6,549.4,629.6,45.3,26.0,3.05,-2.0,1,1
940,Teuffenthal (BE),BE,BE_H2,2,3.5553480614894135,34.0,0.0,38.2,40.8,9.2,6.6,5.3,11.899999999999999,79.0,0.0,0.0,573.1,590.6,587.2,32.6,549.4,629.6,45.3,26.0,3.05,-2.0,0,0
941,Thierachern,BE,BE_H2,2,5.82363743646448,337.2,0.0,28.2,40.4,10.7,14.5,6.2,20.7,68.6,1.4,35.0,573.1,590.6,587.2,32.6,549.4,629.6,45.3,26.0,3.05,-2.0,1,1
942,Thun,BE,BE_H2,2,7.623984018985404,2045.7,1.0,40.6,36.0,10.3,9.5,3.6,13.1,76.6,3.0,1334.0,573.1,590.6,587.2,32.6,549.4,629.6,45.3,26.0,3.05,-2.0,1,1
943,Uebeschi,BE,BE_H2,2,5.081404364984463,160.0,0.0,30.5,33.2,13.7,13.4,9.2,22.6,63.7,1.0,7.0,573.1,590.6,587.2,32.6,549.4,629.6,45.3,26.0,3.05,-2.0,0,0
944,Uetendorf,BE,BE_H2,2,6.392921633818608,596.6,0.0,33.7,38.9,10.2,12.2,4.9,17.1,72.6,2.7,162.0,573.1,590.6,587.2,32.6,549.4,629.6,45.3,26.0,3.05,-2.0,1,1
945,Unterlangenegg,BE,BE_H2,2,5.066385309200747,157.6,0.0,31.2,36.6,11.1,14.8,6.3,21.1,67.8,0.6,7.0,573.1,590.6,587.2,32.6,549.4,629.6,45.3,26.0,3.05,-2.0,1,1
946,Wachseldorn,BE,BE_H2,2,4.231203744939298,67.8,0.0,30.4,38.2,14.7,7.8,8.8,16.6,68.6,0.0,0.0,573.1,590.6,587.2,32.6,549.4,629.6,45.3,26.0,3.05,-2.0,0,0
948,Forst-Längenbühl,BE,BE_H2,2,5.159629846774143,173.1,0.0,33.5,37.2,10.9,13.2,5.2,18.4,70.7,1.0,8.0,573.1,590.6,587.2,32.6,549.4,629.6,45.3,26.0,3.05,-2.0,0,0
951,Affoltern im Emmental,BE,BE_H3,3,4.665324108807838,105.2,0.0,34.6,40.0,9.1,11.8,4.5,16.3,74.6,2.4,29.0,536.5,554.2,554.3,32.5,520.5,589.1,48.8,26.0,3.3,-2.0,1,1
952,Dürrenroth,BE,BE_H3,3,4.3463994570307305,76.2,0.0,33.9,36.9,7.9,12.2,9.0,21.2,70.8,1.1,12.0,536.5,554.2,554.3,32.5,520.5,589.1,48.8,26.0,3.3,-2.0,1,1
953,Eriswil,BE,BE_H3,3,4.778282803696737,117.9,0.0,37.5,36.9,7.5,11.6,6.4,18.0,74.4,2.1,28.0,536.5,554.2,554.3,32.5,520.5,589.1,48.8,26.0,3.3,-2.0,1,1
954,Huttwil,BE,BE_H3,3,5.700109069289892,297.9,0.0,41.1,33.3,9.6,9.9,6.1,16.0,74.4,4.0,204.0,536.5,554.2,554.3,32.5,520.5,589.1,48.8,26.0,3.3,-2.0,1,1
955,Lützelflüh,BE,BE_H3,3,5.098035484377089,162.7,0.0,34.0,38.3,10.6,11.5,5.7,17.2,72.3,2.5,110.0,536.5,554.2,554.3,32.5,520.5,589.1,48.8,26.0,3.3,-2.0,1,1
956,Rüegsau,BE,BE_H3,3,5.392718041969521,218.8,0.0,35.0,37.4,11.3,10.6,5.8,16.4,72.4,1.3,43.0,536.5,554.2,554.3,32.5,520.5,589.1,48.8,26.0,3.3,-2.0,1,1
957,Sumiswald,BE,BE_H3,3,4.486386649998124,87.8,0.0,36.5,36.7,10.4,10.3,6.2,16.5,73.2,3.0,153.0,536.5,554.2,554.3,32.5,520.5,589.1,48.8,26.0,3.3,-2.0,1,1
958,Trachselwald,BE,BE_H3,3,4.067315889834181,57.4,0.0,33.8,39.3,9.1,9.4,8.4,17.8,73.1,1.6,14.0,536.5,554.2,554.3,32.5,520.5,589.1,48.8,26.0,3.3,-2.0,1,1
959,Walterswil (BE),BE,BE_H3,3,4.269697449699962,70.5,0.0,28.3,35.0,12.6,16.6,7.6,24.200000000000003,63.3,1.5,0.0,536.5,554.2,554.3,32.5,520.5,589.1,48.8,26.0,3.3,-2.0,1,1
960,Wyssachen,BE,BE_H3,3,4.576770711466393,96.2,0.0,31.9,40.1,8.6,11.7,7.8,19.5,72.0,1.6,18.0,536.5,554.2,554.3,32.5,520.5,589.1,48.8,26.0,3.3,-2.0,1,1
971,Attiswil,BE,BE_H3,3,5.313698468586339,202.1,0.0,35.5,38.6,11.2,10.8,3.8,14.600000000000001,74.1,1.7,27.0,536.5,554.2,554.3,32.5,520.5,589.1,48.8,26.0,3.3,-2.0,1,1
972,Berken,BE,BE_H3,3,3.5496173867804286,33.8,0.0,35.0,35.0,5.0,15.0,10.0,25.0,70.0,1.5,0.0,536.5,554.2,554.3,32.5,520.5,589.1,48.8,26.0,3.3,-2.0,0,0
973,Bettenhausen,BE,BE_H3,3,5.173887288169859,175.6,0.0,35.3,40.2,9.8,10.7,4.0,14.7,75.5,1.3,9.0,536.5,554.2,554.3,32.5,520.5,589.1,48.8,26.0,3.3,-2.0,0,0
975,Farnern,BE,BE_H3,3,4.133565275375382,61.4,0.0,33.0,37.9,10.7,15.5,2.9,18.4,70.9,1.5,0.0,536.5,554.2,554.3,32.5,520.5,589.1,48.8,26.0,3.3,-2.0,1,1
976,Graben,BE,BE_H3,3,4.678420647727684,106.6,0.0,36.4,35.1,11.3,9.3,7.9,17.200000000000003,71.5,1.5,0.0,536.5,554.2,554.3,32.5,520.5,589.1,48.8,26.0,3.3,-2.0,0,0
977,Heimenhausen,BE,BE_H3,3,5.345677937907874,208.7,0.0,32.7,37.9,10.0,14.2,5.2,19.4,70.6,1.1,13.0,536.5,554.2,554.3,32.5,520.5,589.1,48.8,26.0,3.3,-2.0,1,1
979,Herzogenbuchsee,BE,BE_H3,3,6.639875833826536,764.0,0.0,39.3,33.5,10.1,10.8,6.3,17.1,72.8,5.0,371.0,536.5,554.2,554.3,32.5,520.5,589.1,48.8,26.0,3.3,-2.0,1,1
980,Inkwil,BE,BE_H3,3,5.303304908059076,200.0,0.0,34.0,42.4,10.6,9.7,3.4,13.1,76.4,1.3,9.0,536.5,554.2,554.3,32.5,520.5,589.1,48.8,26.0,3.3,-2.0,0,0
981,Niederbipp,BE,BE_H3,3,5.642261618007951,281.1,0.0,32.4,34.3,13.4,13.0,6.9,19.9,66.69999999999999,3.4,183.0,536.5,554.2,554.3,32.5,520.5,589.1,48.8,26.0,3.3,-2.0,1,1
982,Niederönz,BE,BE_H3,3,6.472655365744282,646.2,0.0,34.5,36.5,12.4,12.3,4.4,16.700000000000003,71.0,3.9,70.0,536.5,554.2,554.3,32.5,520.5,589.1,48.8,26.0,3.3,-2.0,0,0
983,Oberbipp,BE,BE_H3,3,5.448460024977757,231.4,0.0,31.9,37.8,13.1,11.0,6.2,17.2,69.69999999999999,2.1,39.0,536.5,554.2,554.3,32.5,520.5,589.1,48.8,26.0,3.3,-2.0,1,1
985,Ochlenberg,BE,BE_H3,3,3.8110970868381857,44.2,0.0,32.6,38.6,11.2,9.0,8.6,17.6,71.2,1.5,0.0,536.5,554.2,554.3,32.5,520.5,589.1,48.8,26.0,3.3,-2.0,0,0
987,Rumisberg,BE,BE_H3,3,4.5736795188967205,95.9,0.0,34.6,38.5,11.7,10.8,4.3,15.100000000000001,73.1,1.5,0.0,536.5,554.2,554.3,32.5,520.5,589.1,48.8,26.0,3.3,-2.0,1,1
988,Seeberg,BE,BE_H3,3,4.566429357671661,95.2,0.0,33.7,38.9,11.6,10.3,5.5,15.8,72.6,1.7,27.0,536.5,554.2,554.3,32.5,520.5,589.1,48.8,26.0,3.3,-2.0,0,0
989,Thörigen,BE,BE_H3,3,5.572914199451162,262.2,0.0,35.1,36.6,10.6,14.4,3.3,17.7,71.7,1.4,17.0,536.5,554.2,554.3,32.5,520.5,589.1,48.8,26.0,3.3,-2.0,0,0
990,Walliswil bei Niederbipp,BE,BE_H3,3,5.0238805208462765,151.0,0.0,39.1,38.2,10.0,9.1,3.6,12.7,77.30000000000001,1.5,0.0,536.5,554.2,554.3,32.5,520.5,589.1,48.8,26.0,3.3,-2.0,1,1
991,Walliswil bei Wangen,BE,BE_H3,3,5.332235584751498,205.9,0.0,33.8,41.2,8.8,12.2,4.1,16.299999999999997,75.0,3.1,19.0,536.5,554.2,554.3,32.5,520.5,589.1,48.8,26.0,3.3,-2.0,1,1
992,Wangen an der Aare,BE,BE_H3,3,5.8866594327418555,359.2,0.0,36.6,37.7,10.8,9.9,5.1,15.0,74.30000000000001,2.5,74.0,536.5,554.2,554.3,32.5,520.5,589.1,48.8,26.0,3.3,-2.0,1,1
995,Wiedlisbach,BE,BE_H3,3,5.871836059652451,353.9,0.0,39.3,32.5,12.1,12.1,3.9,16.0,71.8,3.6,94.0,536.5,554.2,554.3,32.5,520.5,589.1,48.8,26.0,3.3,-2.0,1,1
1001,Doppleschwand,LU,LU_H3,3,4.784152841516532,118.6,0.0,29.4,33.0,10.7,17.1,9.8,26.900000000000002,62.4,0.0,0.0,482.0,497.4,496.0,31.3,459.5,536.2,37.6,25.0,3.2,-2.0,0,0
1002,Entlebuch,LU,LU_H3,3,4.11251186617755,60.1,0.0,34.5,34.6,10.1,13.4,7.4,20.8,69.1,0.8,28.0,482.0,497.4,496.0,31.3,459.5,536.2,37.6,25.0,3.2,-2.0,1,1
1004,Flühli,LU,LU_H3,3,2.9014215940827497,17.2,0.0,35.4,33.5,12.2,10.5,8.4,18.9,68.9,0.8,15.0,482.0,497.4,496.0,31.3,459.5,536.2,37.6,25.0,3.2,-2.0,1,1
1005,Hasle (LU),LU,LU_H3,3,3.8437441646748516,45.7,0.0,30.1,34.6,11.4,14.0,9.9,23.9,64.7,0.8,14.0,482.0,497.4,496.0,31.3,459.5,536.2,37.6,25.0,3.2,-2.0,0,0
1007,Romoos,LU,LU_H3,3,2.928523523860541,17.7,0.0,28.0,37.5,10.0,11.1,13.4,24.5,65.5,1.5,0.0,482.0,497.4,496.0,31.3,459.5,536.2,37.6,25.0,3.2,-2.0,0,0
1008,Schüpfheim,LU,LU_H3,3,4.722953221644475,111.5,0.0,30.0,34.8,10.9,15.0,9.2,24.2,64.8,1.9,82.0,482.0,497.4,496.0,31.3,459.5,536.2,37.6,25.0,3.2,-2.0,1,1
1009,Werthenstein,LU,LU_H2,2,4.9344739331306915,138.0,0.0,30.5,33.9,11.3,16.1,8.3,24.400000000000002,64.4,0.5,11.0,497.1,513.2,512.6,30.2,478.6,551.6,38.8,25.0,3.24,-2.0,1,1
1010,Escholzmatt-Marbach,LU,LU_H3,3,3.7796338173824005,42.8,0.0,35.5,32.7,11.2,13.1,7.5,20.6,68.2,1.7,78.0,482.0,497.4,496.0,31.3,459.5,536.2,37.6,25.0,3.2,-2.0,1,1
1021,Aesch (LU),LU,LU_H3,3,5.756374924775372,315.2,0.0,31.9,39.8,8.6,14.1,5.6,19.7,71.69999999999999,1.0,14.0,482.0,497.4,496.0,31.3,459.5,536.2,37.6,25.0,3.2,-2.0,0,0
1023,Ballwil,LU,LU_H3,3,5.783209608287523,323.8,0.0,29.3,37.1,11.3,14.9,7.3,22.2,66.4,0.4,10.0,482.0,497.4,496.0,31.3,459.5,536.2,37.6,25.0,3.2,-2.0,0,0
1024,Emmen,LU,LU_H1,1,7.3791953760138345,1601.3,1.0,37.8,32.4,12.0,11.9,6.0,17.9,70.19999999999999,3.1,989.0,533.1,549.1,550.3,33.9,508.2,594.0,46.5,25.0,3.0,-2.0,1,1
1025,Ermensee,LU,LU_H3,3,5.217649463480582,183.5,0.0,26.4,37.9,13.9,12.2,9.6,21.799999999999997,64.3,0.6,7.0,482.0,497.4,496.0,31.3,459.5,536.2,37.6,25.0,3.2,-2.0,1,1
1026,Eschenbach (LU),LU,LU_H3,3,5.6598305871270185,286.1,0.0,29.8,36.0,12.2,15.7,6.4,22.1,65.8,0.5,18.0,482.0,497.4,496.0,31.3,459.5,536.2,37.6,25.0,3.2,-2.0,0,0
1030,Hitzkirch,LU,LU_H3,3,5.40042258948519,220.5,0.0,25.6,36.5,14.4,15.1,8.3,23.4,62.1,1.9,112.0,482.0,497.4,496.0,31.3,459.5,536.2,37.6,25.0,3.2,-2.0,1,1
1031,Hochdorf,LU,LU_H3,3,6.9531109807029345,1045.4,1.0,31.9,34.4,11.4,15.8,6.6,22.4,66.3,2.4,241.0,482.0,497.4,496.0,31.3,459.5,536.2,37.6,25.0,3.2,-2.0,1,1
1032,Hohenrain,LU,LU_H3,3,4.672828834461906,106.0,0.0,24.7,37.0,13.3,13.9,11.1,25.0,61.7,0.5,13.0,482.0,497.4,496.0,31.3,459.5,536.2,37.6,25.0,3.2,-2.0,0,0
1033,Inwil,LU,LU_H3,3,5.650030018656954,283.3,0.0,30.4,34.9,12.1,14.2,8.4,22.6,65.3,0.6,18.0,482.0,497.4,496.0,31.3,459.5,536.2,37.6,25.0,3.2,-2.0,0,0
1037,Rain,LU,LU_H3,3,5.865901324132636,351.8,0.0,22.1,37.8,14.1,18.0,8.1,26.1,59.9,0.3,8.0,482.0,497.4,496.0,31.3,459.5,536.2,37.6,25.0,3.2,-2.0,1,1
1039,Römerswil,LU,LU_H3,3,4.688591794127164,107.7,0.0,27.7,36.2,11.1,14.0,11.0,25.0,63.900000000000006,0.4,8.0,482.0,497.4,496.0,31.3,459.5,536.2,37.6,25.0,3.2,-2.0,0,0
1040,Rothenburg,LU,LU_H2,2,6.23166185298802,507.6,0.0,27.0,37.7,12.3,17.0,6.1,23.1,64.7,0.7,55.0,497.1,513.2,512.6,30.2,478.6,551.6,38.8,25.0,3.24,-2.0,1,1
1041,Schongau,LU,LU_H3,3,4.465908118654584,86.0,0.0,31.0,35.6,11.3,14.6,7.5,22.1,66.6,0.8,8.0,482.0,497.4,496.0,31.3,459.5,536.2,37.6,25.0,3.2,-2.0,0,0
1051,Adligenswil,LU,LU_H2,2,6.690345259515688,803.6,0.0,27.0,37.9,13.1,16.2,5.8,22.0,64.9,1.1,64.0,497.1,513.2,512.6,30.2,478.6,551.6,38.8,25.0,3.24,-2.0,1,1
1052,Buchrain,LU,LU_H2,2,7.257778146840492,1418.1,1.0,26.0,35.9,15.0,16.7,6.4,23.1,61.9,2.5,169.0,497.1,513.2,512.6,30.2,478.6,551.6,38.8,25.0,3.24,-2.0,1,1
1053,Dierikon,LU,LU_H2,2,6.408693522136389,606.1,0.0,27.6,32.5,14.7,18.1,7.1,25.200000000000003,60.1,1.7,29.0,497.1,513.2,512.6,30.2,478.6,551.6,38.8,25.0,3.24,-2.0,0,0
1054,Ebikon,LU,LU_H1,1,7.332172980006988,1527.7,1.0,34.1,33.6,12.7,13.6,6.0,19.6,67.7,2.9,426.0,533.1,549.1,550.3,33.9,508.2,594.0,46.5,25.0,3.0,-2.0,1,1
1055,Gisikon,LU,LU_H3,3,7.246938124296321,1402.8,1.0,28.8,33.3,15.2,17.1,5.7,22.8,62.099999999999994,1.4,21.0,482.0,497.4,496.0,31.3,459.5,536.2,37.6,25.0,3.2,-2.0,1,1
1056,Greppen,LU,LU_H3,3,5.908626268798978,367.2,0.0,27.9,36.3,15.0,13.9,6.8,20.7,64.19999999999999,1.5,0.0,482.0,497.4,496.0,31.3,459.5,536.2,37.6,25.0,3.2,-2.0,0,0
1058,Horw,LU,LU_H1,1,7.11550088811625,1229.9,1.0,37.7,33.9,12.2,12.2,3.9,16.099999999999998,71.6,2.1,331.0,533.1,549.1,550.3,33.9,508.2,594.0,46.5,25.0,3.0,-2.0,1,1
1059,Kriens,LU,LU_H1,1,7.003247260441357,1099.2,1.0,38.0,34.2,11.8,11.4,4.6,16.0,72.2,2.6,768.0,533.1,549.1,550.3,33.9,508.2,594.0,46.5,25.0,3.0,-2.0,1,1
1061,Luzern,LU,LU_H1,1,7.994058791182649,2962.3,1.0,45.7,31.7,10.5,8.9,3.2,12.100000000000001,77.4,3.9,3295.0,533.1,549.1,550.3,33.9,508.2,594.0,46.5,25.0,3.0,-2.0,1,1
1062,Malters,LU,LU_H2,2,5.621849091893515,275.4,0.0,32.5,33.6,12.2,15.2,6.5,21.7,66.1,1.6,123.0,497.1,513.2,512.6,30.2,478.6,551.6,38.8,25.0,3.24,-2.0,1,1
1063,Meggen,LU,LU_H2,2,6.978400118551469,1072.2,1.0,32.5,38.8,12.7,11.9,4.1,16.0,71.3,0.6,49.0,497.1,513.2,512.6,30.2,478.6,551.6,38.8,25.0,3.24,-2.0,1,1
1064,Meierskappel,LU,LU_H2,2,5.463407986413629,234.9,0.0,25.0,34.0,13.8,18.4,8.8,27.2,59.0,0.6,9.0,497.1,513.2,512.6,30.2,478.6,551.6,38.8,25.0,3.24,-2.0,1,1
1065,Honau,LU,LU_H2,2,6.368358698228111,582.1,0.0,32.4,37.45,12.95,11.95,5.35,17.299999999999997,69.85,1.6,91.0,497.1,513.2,512.6,30.2,478.6,551.6,38.8,25.0,3.24,-2.0,1,1
1066,Schwarzenberg,LU,LU_H3,3,3.8543938925915096,46.2,0.0,27.0,36.6,13.1,15.6,7.7,23.3,63.6,0.4,7.0,482.0,497.4,496.0,31.3,459.5,536.2,37.6,25.0,3.2,-2.0,0,0
1067,Udligenswil,LU,LU_H2,2,5.988710758911361,397.9,0.0,26.1,36.9,15.3,15.8,5.9,21.700000000000003,63.0,0.2,6.0,497.1,513.2,512.6,30.2,478.6,551.6,38.8,25.0,3.24,-2.0,0,0
1068,Vitznau,LU,LU_H3,3,5.1149953094204985,165.5,0.0,40.9,35.5,11.0,8.8,3.9,12.700000000000001,76.4,0.6,8.0,482.0,497.4,496.0,31.3,459.5,536.2,37.6,25.0,3.2,-2.0,0,0
1069,Weggis,LU,LU_H3,3,5.991964422149633,399.2,0.0,37.0,39.7,11.1,8.5,3.6,12.1,76.7,0.9,43.0,482.0,497.4,496.0,31.3,459.5,536.2,37.6,25.0,3.2,-2.0,0,0
1081,Beromünster,LU,LU_H3,3,5.094363509626968,162.1,0.0,30.1,33.3,12.4,15.6,8.7,24.299999999999997,63.4,1.1,73.0,482.0,497.4,496.0,31.3,459.5,536.2,37.6,25.0,3.2,-2.0,1,1
1082,Büron,LU,LU_H3,3,6.247075288559693,515.5,0.0,28.6,33.8,14.2,15.1,8.3,23.4,62.4,1.4,38.0,482.0,497.4,496.0,31.3,459.5,536.2,37.6,25.0,3.2,-2.0,1,1
1083,Buttisholz,LU,LU_H3,3,5.345200952446887,208.6,0.0,26.8,32.5,14.7,16.5,9.5,26.0,59.3,0.6,22.0,482.0,497.4,496.0,31.3,459.5,536.2,37.6,25.0,3.2,-2.0,1,1
1084,Eich,LU,LU_H2,2,5.689007189074046,294.6,0.0,27.6,42.2,13.9,12.3,4.0,16.3,69.80000000000001,1.5,0.0,497.1,513.2,512.6,30.2,478.6,551.6,38.8,25.0,3.24,-2.0,0,0
1085,Geuensee,LU,LU_H3,3,6.121615231573027,454.6,0.0,25.7,33.3,14.7,18.6,7.6,26.200000000000003,59.0,1.6,46.0,482.0,497.4,496.0,31.3,459.5,536.2,37.6,25.0,3.2,-2.0,1,1
1086,Grosswangen,LU,LU_H3,3,5.192401140956488,178.9,0.0,28.1,34.1,12.3,16.4,9.0,25.4,62.2,1.7,59.0,482.0,497.4,496.0,31.3,459.5,536.2,37.6,25.0,3.2,-2.0,1,1
1088,Hildisrieden,LU,LU_H3,3,5.876053695596654,355.4,0.0,27.7,40.0,11.5,14.0,6.8,20.8,67.7,0.6,15.0,482.0,497.4,496.0,31.3,459.5,536.2,37.6,25.0,3.2,-2.0,1,1
1089,Knutwil,LU,LU_H3,3,5.5579856925446185,258.3,0.0,28.9,34.4,13.5,16.3,6.8,23.1,63.3,1.2,29.0,482.0,497.4,496.0,31.3,459.5,536.2,37.6,25.0,3.2,-2.0,1,1
1091,Mauensee,LU,LU_H3,3,5.347583607850955,209.1,0.0,27.8,38.5,11.8,15.5,6.5,22.0,66.3,1.0,15.0,482.0,497.4,496.0,31.3,459.5,536.2,37.6,25.0,3.2,-2.0,1,1
1093,Neuenkirch,LU,LU_H2,2,5.651435994283992,283.7,0.0,27.5,35.2,13.2,15.8,8.4,24.200000000000003,62.7,0.7,52.0,497.1,513.2,512.6,30.2,478.6,551.6,38.8,25.0,3.24,-2.0,1,1
1094,Nottwil,LU,LU_H2,2,5.9909644220663,398.8,0.0,29.5,32.8,12.4,17.9,7.4,25.299999999999997,62.3,0.6,26.0,497.1,513.2,512.6,30.2,478.6,551.6,38.8,25.0,3.24,-2.0,1,1
1095,Oberkirch,LU,LU_H2,2,6.331679770008029,561.1,0.0,27.7,34.7,14.0,17.3,6.2,23.5,62.400000000000006,0.8,39.0,497.1,513.2,512.6,30.2,478.6,551.6,38.8,25.0,3.24,-2.0,1,1
1097,Rickenbach (LU),LU,LU_H3,3,5.7954496631820245,327.8,0.0,28.2,35.2,13.7,16.0,6.9,22.9,63.400000000000006,1.9,70.0,482.0,497.4,496.0,31.3,459.5,536.2,37.6,25.0,3.2,-2.0,1,1
1098,Ruswil,LU,LU_H2,2,5.122176668829163,166.7,0.0,28.9,36.0,12.3,14.1,8.7,22.799999999999997,64.9,1.9,140.0,497.1,513.2,512.6,30.2,478.6,551.6,38.8,25.0,3.24,-2.0,1,1
1099,Schenkon,LU,LU_H2,2,6.13880638500591,462.5,0.0,26.1,38.8,13.2,16.2,5.7,21.9,64.9,0.2,7.0,497.1,513.2,512.6,30.2,478.6,551.6,38.8,25.0,3.24,-2.0,1,1
1100,Schlierbach,LU,LU_H3,3,4.953006181259619,140.6,0.0,23.2,34.5,11.9,22.9,7.5,30.4,57.7,0.0,0.0,482.0,497.4,496.0,31.3,459.5,536.2,37.6,25.0,3.2,-2.0,0,0
1102,Sempach,LU,LU_H2,2,6.199697485686437,491.6,0.0,27.8,35.3,14.0,16.9,6.1,23.0,63.099999999999994,0.2,10.0,497.1,513.2,512.6,30.2,478.6,551.6,38.8,25.0,3.24,-2.0,1,1
1103,Sursee,LU,LU_H2,2,7.545812493224123,1891.8,1.0,36.6,35.1,11.9,11.2,5.3,16.5,71.7,2.1,229.0,497.1,513.2,512.6,30.2,478.6,551.6,38.8,25.0,3.24,-2.0,1,1
1104,Triengen,LU,LU_H3,3,5.411199523604709,222.9,0.0,29.6,32.1,12.9,14.9,10.5,25.4,61.7,1.6,77.0,482.0,497.4,496.0,31.3,459.5,536.2,37.6,25.0,3.2,-2.0,1,1
1107,Wolhusen,LU,LU_H2,2,5.808742910292688,332.2,0.0,33.0,33.3,12.3,13.4,7.9,21.3,66.3,2.8,130.0,497.1,513.2,512.6,30.2,478.6,551.6,38.8,25.0,3.24,-2.0,1,1
1121,Alberswil,LU,LU_H3,3,5.343290732190768,208.2,0.0,28.8,39.4,12.8,13.1,5.9,19.0,68.2,0.9,6.0,482.0,497.4,496.0,31.3,459.5,536.2,37.6,25.0,3.2,-2.0,1,1
1122,Altbüron,LU,LU_H3,3,5.018603463745433,150.2,0.0,28.4,35.1,14.2,16.8,5.5,22.3,63.5,0.8,8.0,482.0,497.4,496.0,31.3,459.5,536.2,37.6,25.0,3.2,-2.0,1,1
1123,Altishofen,LU,LU_H3,3,4.973971309724664,143.6,0.0,23.6,35.5,15.7,16.6,8.6,25.200000000000003,59.1,0.8,16.0,482.0,497.4,496.0,31.3,459.5,536.2,37.6,25.0,3.2,-2.0,0,0
1125,Dagmersellen,LU,LU_H3,3,5.531411248715415,251.5,0.0,30.6,35.1,12.8,14.7,6.9,21.6,65.7,1.2,69.0,482.0,497.4,496.0,31.3,459.5,536.2,37.6,25.0,3.2,-2.0,1,1
1127,Egolzwil,LU,LU_H3,3,5.989212012054688,398.1,0.0,30.2,37.2,12.1,13.3,7.2,20.5,67.4,0.8,14.0,482.0,497.4,496.0,31.3,459.5,536.2,37.6,25.0,3.2,-2.0,0,0
1128,Ettiswil,LU,LU_H3,3,5.445874930905651,230.8,0.0,31.7,32.1,12.0,15.7,8.5,24.2,63.8,1.3,37.0,482.0,497.4,496.0,31.3,459.5,536.2,37.6,25.0,3.2,-2.0,1,1
1129,Fischbach,LU,LU_H3,3,4.509760001183433,89.9,0.0,30.3,37.3,11.3,10.7,10.3,21.0,67.6,1.8,13.0,482.0,497.4,496.0,31.3,459.5,536.2,37.6,25.0,3.2,-2.0,0,0
1131,Grossdietwil,LU,LU_H3,3,4.513054897080286,90.2,0.0,27.4,36.7,15.3,14.8,5.8,20.6,64.1,1.5,13.0,482.0,497.4,496.0,31.3,459.5,536.2,37.6,25.0,3.2,-2.0,1,1
1132,Hergiswil bei Willisau,LU,LU_H3,3,4.143134726391533,62.0,0.0,26.0,34.0,12.5,16.9,10.7,27.599999999999998,60.0,1.5,0.0,482.0,497.4,496.0,31.3,459.5,536.2,37.6,25.0,3.2,-2.0,1,1
1135,Luthern,LU,LU_H3,3,3.520460802488973,32.8,0.0,28.1,35.7,12.5,12.5,11.1,23.6,63.800000000000004,1.5,0.0,482.0,497.4,496.0,31.3,459.5,536.2,37.6,25.0,3.2,-2.0,0,0
1136,Menznau,LU,LU_H3,3,4.6520537718869415,103.8,0.0,29.1,33.8,12.0,14.9,10.2,25.1,62.9,1.2,39.0,482.0,497.4,496.0,31.3,459.5,536.2,37.6,25.0,3.2,-2.0,1,1
1137,Nebikon,LU,LU_H3,3,6.671399833695697,788.5,0.0,28.6,34.0,14.0,15.6,7.8,23.4,62.6,0.9,26.0,482.0,497.4,496.0,31.3,459.5,536.2,37.6,25.0,3.2,-2.0,0,0
1139,Pfaffnau,LU,LU_H3,3,5.0632277442154265,157.1,0.0,33.2,34.6,12.4,12.7,7.0,19.7,67.80000000000001,1.6,44.0,482.0,497.4,496.0,31.3,459.5,536.2,37.6,25.0,3.2,-2.0,0,0
1140,Reiden,LU,LU_H3,3,5.652138241503862,283.9,0.0,31.5,35.2,12.7,13.4,7.2,20.6,66.7,1.5,111.0,482.0,497.4,496.0,31.3,459.5,536.2,37.6,25.0,3.2,-2.0,1,1
1142,Roggliswil,LU,LU_H3,3,4.855150391255861,127.4,0.0,27.6,39.9,12.0,13.2,7.2,20.4,67.5,1.5,0.0,482.0,497.4,496.0,31.3,459.5,536.2,37.6,25.0,3.2,-2.0,0,0
1143,Schötz,LU,LU_H3,3,5.787204082795274,325.1,0.0,31.0,31.8,12.1,16.7,8.4,25.1,62.8,1.6,78.0,482.0,497.4,496.0,31.3,459.5,536.2,37.6,25.0,3.2,-2.0,1,1
1145,Ufhusen,LU,LU_H3,3,4.334672938290411,75.3,0.0,29.1,37.0,12.2,12.7,9.0,21.7,66.1,0.6,6.0,482.0,497.4,496.0,31.3,459.5,536.2,37.6,25.0,3.2,-2.0,0,0
1146,Wauwil,LU,LU_H3,3,6.8019502200851605,898.6,0.0,26.4,39.4,12.3,14.2,7.7,21.9,65.8,1.1,29.0,482.0,497.4,496.0,31.3,459.5,536.2,37.6,25.0,3.2,-2.0,1,1
1147,Wikon,LU,LU_H3,3,5.206750173022546,181.5,0.0,34.1,35.3,9.5,12.9,8.2,21.1,69.4,1.6,24.0,482.0,497.4,496.0,31.3,459.5,536.2,37.6,25.0,3.2,-2.0,0,0
1150,Zell (LU),LU,LU_H3,3,5.072043922224899,158.5,0.0,29.3,35.2,13.0,14.1,8.4,22.5,64.5,2.9,63.0,482.0,497.4,496.0,31.3,459.5,536.2,37.6,25.0,3.2,-2.0,1,1
1151,Willisau,LU,LU_H3,3,5.281679725395013,195.7,0.0,32.9,33.9,12.0,12.9,8.3,21.200000000000003,66.8,2.6,238.0,482.0,497.4,496.0,31.3,459.5,536.2,37.6,25.0,3.2,-2.0,1,1
2008,Châtillon (FR),FR,FR_H2,2,6.024657514463746,412.5,0.0,24.6,34.3,14.5,18.4,8.2,26.599999999999998,58.9,0.0,0.0,530.5,545.3,544.8,31.7,503.7,588.3,44.0,23.0,2.79,-2.0,0,0
2011,Cugy (FR),FR,FR_H2,2,5.330300412401088,205.5,0.0,33.5,27.7,16.3,16.4,6.1,22.5,61.2,0.6,11.0,530.5,545.3,544.8,31.7,503.7,588.3,44.0,23.0,2.79,-2.0,0,0
2016,Fétigny,FR,FR_H2,2,5.750029725821521,313.2,0.0,28.9,35.2,14.7,16.9,4.2,21.099999999999998,64.1,1.3,15.0,530.5,545.3,544.8,31.7,503.7,588.3,44.0,23.0,2.79,-2.0,0,0
2022,Gletterens,FR,FR_H2,2,5.9710067052055855,390.9,0.0,25.4,38.6,11.1,19.5,5.5,25.0,64.0,1.5,0.0,530.5,545.3,544.8,31.7,503.7,588.3,44.0,23.0,2.79,-2.0,0,0
2025,Lully (FR),FR,FR_H2,2,5.407620101438487,222.1,0.0,28.6,31.4,13.6,19.7,6.7,26.4,60.0,0.9,11.0,530.5,545.3,544.8,31.7,503.7,588.3,44.0,23.0,2.79,-2.0,0,0
2027,Ménières,FR,FR_H2,2,4.630837932736669,101.6,0.0,19.6,33.7,16.0,21.5,9.2,30.7,53.300000000000004,1.5,0.0,530.5,545.3,544.8,31.7,503.7,588.3,44.0,23.0,2.79,-2.0,0,0
2029,Montagny (FR),FR,FR_H2,2,5.160204064418402,173.2,0.0,30.6,32.1,15.0,14.2,8.1,22.299999999999997,62.7,1.3,38.0,530.5,545.3,544.8,31.7,503.7,588.3,44.0,23.0,2.79,-2.0,0,0
2035,Nuvilly,FR,FR_H2,2,4.837075242970874,125.1,0.0,26.8,33.0,12.9,16.5,10.8,27.3,59.8,1.8,9.0,530.5,545.3,544.8,31.7,503.7,588.3,44.0,23.0,2.79,-2.0,0,0
2038,Prévondavaux,FR,FR_H2,2,4.144720769547168,62.1,0.0,32.7,26.5,18.4,22.4,0.0,22.4,59.2,1.5,0.0,530.5,545.3,544.8,31.7,503.7,588.3,44.0,23.0,2.79,-2.0,0,0
2041,Saint-Aubin (FR),FR,FR_H2,2,5.554121700101795,257.3,0.0,28.7,34.8,14.8,15.0,6.7,21.7,63.5,1.6,31.0,530.5,545.3,544.8,31.7,503.7,588.3,44.0,23.0,2.79,-2.0,0,0
2043,Sévaz,FR,FR_H2,2,4.853591544486569,127.2,0.0,29.5,34.8,12.9,15.9,6.8,22.7,64.3,1.5,0.0,530.5,545.3,544.8,31.7,503.7,588.3,44.0,23.0,2.79,-2.0,0,0
2044,Surpierre,FR,FR_H2,2,4.42484663185681,82.5,0.0,29.2,35.6,12.6,14.6,8.0,22.6,64.8,1.4,17.0,530.5,545.3,544.8,31.7,503.7,588.3,44.0,23.0,2.79,-2.0,0,0
2045,Vallon,FR,FR_H2,2,5.031091302663638,152.1,0.0,35.9,29.9,14.5,13.7,6.0,19.7,65.8,2.9,15.0,530.5,545.3,544.8,31.7,503.7,588.3,44.0,23.0,2.79,-2.0,0,0
2050,Les Montets,FR,FR_H2,2,5.035653057071544,152.8,0.0,35.0,28.1,15.3,14.6,7.1,21.7,63.1,0.6,10.0,530.5,545.3,544.8,31.7,503.7,588.3,44.0,23.0,2.79,-2.0,0,0
2051,Delley-Portalban,FR,FR_H2,2,5.211669559822364,182.4,0.0,33.4,34.1,14.2,13.1,5.2,18.3,67.5,0.7,10.0,530.5,545.3,544.8,31.7,503.7,588.3,44.0,23.0,2.79,-2.0,0,0
2053,Belmont-Broye,FR,FR_H2,2,5.477717994914328,238.3,0.0,31.2,29.4,16.3,15.5,7.6,23.1,60.599999999999994,2.0,123.0,530.5,545.3,544.8,31.7,503.7,588.3,44.0,23.0,2.79,-2.0,0,0
2054,Estavayer,FR,FR_H2,2,5.576327819303087,263.1,0.0,35.9,30.9,13.9,13.0,6.3,19.3,66.8,1.4,146.0,530.5,545.3,544.8,31.7,503.7,588.3,44.0,23.0,2.79,-2.0,0,0
2055,Cheyres-Châbles,FR,FR_H2,2,5.541263545158426,254.0,0.0,30.7,35.2,14.2,15.5,4.3,19.8,65.9,0.6,16.0,530.5,545.3,544.8,31.7,503.7,588.3,44.0,23.0,2.79,-2.0,0,0
2063,Billens-Hennens,FR,FR_H2,2,5.22413246835866,184.7,0.0,37.2,28.1,12.2,16.1,6.2,22.3,65.30000000000001,2.8,25.0,530.5,545.3,544.8,31.7,503.7,588.3,44.0,23.0,2.79,-2.0,0,0
2067,Le Châtelard,FR,FR_H2,2,3.903990833730882,48.6,0.0,24.1,32.1,19.0,15.3,9.5,24.8,56.2,1.5,0.0,530.5,545.3,544.8,31.7,503.7,588.3,44.0,23.0,2.79,-2.0,0,0
2068,Châtonnaye,FR,FR_H2,2,4.922168312773925,136.3,0.0,30.5,32.5,15.1,15.1,6.7,21.8,63.0,1.0,9.0,530.5,545.3,544.8,31.7,503.7,588.3,44.0,23.0,2.79,-2.0,0,0
2079,Grangettes,FR,FR_H2,2,4.174387269895637,64.0,0.0,35.3,22.4,15.3,15.3,11.8,27.1,57.699999999999996,2.8,6.0,530.5,545.3,544.8,31.7,503.7,588.3,44.0,23.0,2.79,-2.0,0,0
2086,Massonnens,FR,FR_H2,2,4.940927881671436,138.9,0.0,25.9,31.5,17.2,17.2,8.2,25.4,57.4,1.5,0.0,530.5,545.3,544.8,31.7,503.7,588.3,44.0,23.0,2.79,-2.0,0,0
2087,Mézières (FR),FR,FR_H2,2,4.876722876509988,130.2,0.0,29.0,35.3,16.6,13.4,5.7,19.1,64.3,0.9,10.0,530.5,545.3,544.8,31.7,503.7,588.3,44.0,23.0,2.79,-2.0,0,0
2096,Romont (FR),FR,FR_H2,2,6.333989855442272,562.4,0.0,38.2,28.2,13.8,13.5,6.3,19.8,66.4,3.2,190.0,530.5,545.3,544.8,31.7,503.7,588.3,44.0,23.0,2.79,-2.0,0,0
2097,Auboranges,FR,FR_H2,2,4.912103263031985,134.925,0.0,25.65,35.7,14.55,16.7,7.375,24.075,61.35,0.7,11.0,530.5,545.3,544.8,31.7,503.7,588.3,44.0,23.0,2.79,-2.0,0,0
2099,Siviriez,FR,FR_H2,2,4.8895969657192,131.9,0.0,30.3,32.5,14.2,14.3,8.7,23.0,62.8,1.3,33.0,530.5,545.3,544.8,31.7,503.7,588.3,44.0,23.0,2.79,-2.0,0,0
2102,Montet (Glâne),FR,FR_H2,2,5.497987561676604,243.2,0.0,24.0,33.7,16.95,17.95,7.449999999999999,25.4,57.7,0.8,28.0,530.5,545.3,544.8,31.7,503.7,588.3,44.0,23.0,2.79,-2.0,0,0
2113,Vuisternens-devant-Romont,FR,FR_H2,2,4.607168188650764,99.2,0.0,27.7,32.2,14.1,17.3,8.6,25.9,59.900000000000006,0.9,21.0,530.5,545.3,544.8,31.7,503.7,588.3,44.0,23.0,2.79,-2.0,0,0
2114,Villorsonnens,FR,FR_H2,2,4.6141299273595635,99.9,0.0,30.1,33.3,12.0,17.1,7.4,24.5,63.4,0.6,9.0,530.5,545.3,544.8,31.7,503.7,588.3,44.0,23.0,2.79,-2.0,0,0
2115,Torny,FR,FR_H2,2,4.687671407499835,107.6,0.0,30.4,31.8,12.5,17.9,7.4,25.299999999999997,62.2,1.5,16.0,530.5,545.3,544.8,31.7,503.7,588.3,44.0,23.0,2.79,-2.0,0,0
2117,Villaz,FR,FR_H2,2,5.056882545261575,156.1,0.0,30.6,30.6,15.8,16.1,6.9,23.0,61.2,0.8,18.0,530.5,545.3,544.8,31.7,503.7,588.3,44.0,23.0,2.79,-2.0,0,0
2121,Haut-Intyamon,FR,FR_H2,2,3.414442608412176,29.4,0.0,36.1,30.1,12.2,12.3,9.4,21.700000000000003,66.2,2.1,36.0,530.5,545.3,544.8,31.7,503.7,588.3,44.0,23.0,2.79,-2.0,0,0
2122,Pont-en-Ogoz,FR,FR_H2,2,5.306285536197214,200.6,0.0,29.9,34.6,13.5,15.5,6.5,22.0,64.5,1.0,21.0,530.5,545.3,544.8,31.7,503.7,588.3,44.0,23.0,2.79,-2.0,0,0
2123,Botterens,FR,FR_H2,2,5.186267862739414,177.8,0.0,23.3,34.8,13.9,19.6,8.4,28.0,58.099999999999994,1.6,12.0,530.5,545.3,544.8,31.7,503.7,588.3,44.0,23.0,2.79,-2.0,0,0
2124,Broc,FR,FR_H2,2,5.652138241503862,283.9,0.0,40.0,29.6,12.2,11.7,6.6,18.299999999999997,69.6,2.4,67.0,530.5,545.3,544.8,31.7,503.7,588.3,44.0,23.0,2.79,-2.0,0,0
2125,Bulle,FR,FR_H2,2,7.035972576782891,1135.8,1.0,38.2,29.6,14.1,12.1,6.0,18.1,67.80000000000001,3.3,882.0,530.5,545.3,544.8,31.7,503.7,588.3,44.0,23.0,2.79,-2.0,0,0
2128,Châtel-sur-Montsalvens,FR,FR_H2,2,5.178407069875479,176.4,0.0,34.6,29.5,16.7,14.7,4.5,19.2,64.1,1.5,0.0,530.5,545.3,544.8,31.7,503.7,588.3,44.0,23.0,2.79,-2.0,0,0
2129,Corbières,FR,FR_H2,2,4.694096395182493,108.3,0.0,27.5,32.5,16.9,16.7,6.4,23.1,60.0,1.2,12.0,530.5,545.3,544.8,31.7,503.7,588.3,44.0,23.0,2.79,-2.0,0,0
2130,Crésuz,FR,FR_H2,2,5.607638614103299,271.5,0.0,40.0,34.2,8.0,9.8,8.0,17.8,74.2,1.9,9.0,530.5,545.3,544.8,31.7,503.7,588.3,44.0,23.0,2.79,-2.0,0,0
2131,Echarlens,FR,FR_H2,2,5.206750173022546,181.5,0.0,27.0,35.5,14.5,17.6,5.4,23.0,62.5,1.8,15.0,530.5,545.3,544.8,31.7,503.7,588.3,44.0,23.0,2.79,-2.0,0,0
2134,Grandvillard,FR,FR_H2,2,3.6402142821326553,37.1,0.0,30.8,27.5,13.3,22.2,6.1,28.299999999999997,58.3,0.7,6.0,530.5,545.3,544.8,31.7,503.7,588.3,44.0,23.0,2.79,-2.0,0,0
2135,Gruyères,FR,FR_H2,2,4.421247347827163,82.2,0.0,33.2,30.6,14.6,15.8,5.7,21.5,63.800000000000004,1.3,29.0,530.5,545.3,544.8,31.7,503.7,588.3,44.0,23.0,2.79,-2.0,0,0
2137,Hauteville,FR,FR_H2,2,4.2710950739666,70.6,0.0,25.1,32.5,14.5,16.6,11.3,27.900000000000002,57.6,0.8,6.0,530.5,545.3,544.8,31.7,503.7,588.3,44.0,23.0,2.79,-2.0,0,0
2138,Jaun,FR,FR_H2,2,2.5572273113676265,11.9,0.0,28.6,39.0,11.2,10.8,10.4,21.200000000000003,67.6,1.5,0.0,530.5,545.3,544.8,31.7,503.7,588.3,44.0,23.0,2.79,-2.0,0,0
2140,Marsens,FR,FR_H2,2,5.608372289851543,271.7,0.0,26.7,30.1,14.6,19.9,8.7,28.599999999999998,56.8,1.0,22.0,530.5,545.3,544.8,31.7,503.7,588.3,44.0,23.0,2.79,-2.0,0,0
2143,Morlon,FR,FR_H2,2,5.680172609017068,292.0,0.0,27.0,34.8,16.0,17.2,5.0,22.2,61.8,1.5,0.0,530.5,545.3,544.8,31.7,503.7,588.3,44.0,23.0,2.79,-2.0,0,0
2145,Le Pâquier (FR),FR,FR_H2,2,5.733341276897746,308.0,0.0,28.7,31.6,14.4,18.3,7.0,25.3,60.3,1.5,0.0,530.5,545.3,544.8,31.7,503.7,588.3,44.0,23.0,2.79,-2.0,0,0
2147,Pont-la-Ville,FR,FR_H2,2,4.941642422609304,139.0,0.0,19.1,44.4,14.1,14.9,7.5,22.4,63.5,1.5,0.0,530.5,545.3,544.8,31.7,503.7,588.3,44.0,23.0,2.79,-2.0,0,0
2148,Riaz,FR,FR_H2,2,5.938327448694853,378.3,0.0,30.2,31.3,14.1,17.0,7.4,24.4,61.5,1.5,43.0,530.5,545.3,544.8,31.7,503.7,588.3,44.0,23.0,2.79,-2.0,0,0
2149,La Roche,FR,FR_H2,2,4.411585436915426,81.4,0.0,32.2,32.0,12.2,16.0,7.6,23.6,64.2,1.6,29.0,530.5,545.3,544.8,31.7,503.7,588.3,44.0,23.0,2.79,-2.0,0,0
2152,Sâles,FR,FR_H2,2,4.368181227851829,77.9,0.0,24.9,33.9,13.9,17.5,9.9,27.4,58.8,1.0,14.0,530.5,545.3,544.8,31.7,503.7,588.3,44.0,23.0,2.79,-2.0,0,0
2153,Sorens,FR,FR_H2,2,4.848900370910689,126.6,0.0,30.4,31.0,14.4,17.1,7.1,24.200000000000003,61.4,1.2,13.0,530.5,545.3,544.8,31.7,503.7,588.3,44.0,23.0,2.79,-2.0,0,0
2155,Vaulruz,FR,FR_H2,2,4.726502471155617,111.9,0.0,26.6,34.5,17.0,15.5,6.3,21.8,61.1,1.2,14.0,530.5,545.3,544.8,31.7,503.7,588.3,44.0,23.0,2.79,-2.0,0,0
2160,Vuadens,FR,FR_H2,2,5.512621969195042,246.8,0.0,32.1,30.1,13.8,16.4,7.6,24.0,62.2,2.6,66.0,530.5,545.3,544.8,31.7,503.7,588.3,44.0,23.0,2.79,-2.0,0,0
2162,Bas-Intyamon,FR,FR_H2,2,3.966511190712216,51.8,0.0,38.2,30.8,11.4,13.4,6.3,19.7,69.0,1.8,30.0,530.5,545.3,544.8,31.7,503.7,588.3,44.0,23.0,2.79,-2.0,0,0
2163,Val-de-Charmey,FR,FR_H2,2,3.2347491740244907,24.4,0.0,39.5,32.7,11.7,11.2,4.9,16.1,72.2,1.2,32.0,530.5,545.3,544.8,31.7,503.7,588.3,44.0,23.0,2.79,-2.0,0,0
2173,Autigny,FR,FR_H1,1,4.912654885736052,135.0,0.0,30.9,32.4,14.6,13.7,8.5,22.2,63.3,2.0,16.0,577.2,590.0,589.4,33.1,550.0,638.2,46.8,23.0,2.22,-2.0,0,0
2174,Avry,FR,FR_H1,1,5.8150256534721825,334.3,0.0,28.4,29.4,17.5,19.0,5.7,24.7,57.8,3.5,68.0,577.2,590.0,589.4,33.1,550.0,638.2,46.8,23.0,2.22,-2.0,0,0
2175,Belfaux,FR,FR_H1,1,5.965377212344664,388.7,0.0,29.1,29.7,14.4,17.3,9.5,26.8,58.8,1.6,54.0,577.2,590.0,589.4,33.1,550.0,638.2,46.8,23.0,2.22,-2.0,0,0
2177,Chénens,FR,FR_H1,1,5.420092423473958,224.9,0.0,23.6,31.0,17.7,19.8,8.0,27.8,54.6,1.5,0.0,577.2,590.0,589.4,33.1,550.0,638.2,46.8,23.0,2.22,-2.0,0,0
2183,Corminboeuf,FR,FR_H1,1,6.040016587690148,418.9,0.0,23.8,30.7,18.7,21.0,5.9,26.9,54.5,0.5,15.0,577.2,590.0,589.4,33.1,550.0,638.2,46.8,23.0,2.22,-2.0,0,0
2186,Cottens (FR),FR,FR_H1,1,5.73204593992906,307.6,0.0,26.1,32.0,14.8,19.0,8.1,27.1,58.1,0.9,14.0,577.2,590.0,589.4,33.1,550.0,638.2,46.8,23.0,2.22,-2.0,0,0
2194,Ferpicloz,FR,FR_H1,1,5.497577977398914,243.1,0.0,18.0,44.0,18.0,16.0,4.0,20.0,62.0,0.0,0.0,577.2,590.0,589.4,33.1,550.0,638.2,46.8,23.0,2.22,-2.0,0,0
2196,Fribourg,FR,FR_H1,1,8.346476042280404,4214.3,1.0,46.1,27.1,12.0,9.7,5.1,14.799999999999999,73.2,3.6,1403.0,577.2,590.0,589.4,33.1,550.0,638.2,46.8,23.0,2.22,-2.0,0,0
2197,Givisiez,FR,FR_H1,1,6.90785527398247,999.1,0.0,31.4,27.7,17.3,17.4,6.2,23.599999999999998,59.099999999999994,1.9,64.0,577.2,590.0,589.4,33.1,550.0,638.2,46.8,23.0,2.22,-2.0,0,0
2198,Granges-Paccot,FR,FR_H1,1,6.906954958811368,998.2,0.0,34.7,28.8,15.4,14.3,6.8,21.1,63.5,3.9,155.0,577.2,590.0,589.4,33.1,550.0,638.2,46.8,23.0,2.22,-2.0,0,0
2206,Marly,FR,FR_H1,1,7.088575709649825,1197.2,1.0,34.2,32.3,14.6,13.4,5.5,18.9,66.5,4.4,400.0,577.2,590.0,589.4,33.1,550.0,638.2,46.8,23.0,2.22,-2.0,0,0
2208,Matran,FR,FR_H1,1,6.486160788944089,655.0,0.0,29.9,31.3,17.9,13.8,7.0,20.8,61.2,0.8,15.0,577.2,590.0,589.4,33.1,550.0,638.2,46.8,23.0,2.22,-2.0,0,0
2211,Neyruz (FR),FR,FR_H1,1,6.25344412220739,518.8,0.0,26.5,31.9,15.6,18.4,7.6,26.0,58.4,0.9,25.0,577.2,590.0,589.4,33.1,550.0,638.2,46.8,23.0,2.22,-2.0,0,0
2216,Pierrafortscha,FR,FR_H1,1,3.4210000089583352,29.6,0.0,20.4,33.3,24.1,9.3,13.0,22.3,53.699999999999996,0.0,0.0,577.2,590.0,589.4,33.1,550.0,638.2,46.8,23.0,2.22,-2.0,0,0
2220,Le Mouret,FR,FR_H1,1,5.202356975402125,180.7,0.0,31.2,32.4,14.6,14.3,7.5,21.8,63.599999999999994,1.3,44.0,577.2,590.0,589.4,33.1,550.0,638.2,46.8,23.0,2.22,-2.0,0,0
2226,Treyvaux,FR,FR_H1,1,4.976733742420574,144.0,0.0,29.1,30.6,16.8,17.1,6.3,23.400000000000002,59.7,0.8,13.0,577.2,590.0,589.4,33.1,550.0,638.2,46.8,23.0,2.22,-2.0,0,0
2228,Villars-sur-Glâne,FR,FR_H1,1,7.733377043941456,2282.3,1.0,34.6,30.2,14.6,13.6,6.9,20.5,64.8,4.0,501.0,577.2,590.0,589.4,33.1,550.0,638.2,46.8,23.0,2.22,-2.0,0,0
2230,Villarsel-sur-Marly,FR,FR_H1,1,3.92395157629342,49.6,0.0,23.3,46.7,13.3,13.3,3.3,16.6,70.0,1.5,0.0,577.2,590.0,589.4,33.1,550.0,638.2,46.8,23.0,2.22,-2.0,0,0
2233,Hauterive (FR),FR,FR_H1,1,5.420977379283924,225.1,0.0,30.6,31.9,14.2,16.0,7.3,23.3,62.5,4.2,113.0,577.2,590.0,589.4,33.1,550.0,638.2,46.8,23.0,2.22,-2.0,0,0
2234,La Brillaz,FR,FR_H1,1,5.372496764722288,214.4,0.0,28.0,33.3,13.8,18.6,6.3,24.900000000000002,61.3,1.2,26.0,577.2,590.0,589.4,33.1,550.0,638.2,46.8,23.0,2.22,-2.0,0,0
2235,La Sonnaz,FR,FR_H1,1,5.349485653122436,209.5,0.0,24.7,32.5,14.7,20.7,7.4,28.1,57.2,0.5,7.0,577.2,590.0,589.4,33.1,550.0,638.2,46.8,23.0,2.22,-2.0,0,0
2236,Gibloux,FR,FR_H1,1,5.454466049037968,232.8,0.0,29.5,31.8,15.8,16.6,6.3,22.900000000000002,61.3,1.5,122.0,577.2,590.0,589.4,33.1,550.0,638.2,46.8,23.0,2.22,-2.0,0,0
2237,Prez,FR,FR_H1,1,5.040841136153322,153.6,0.0,26.3,31.0,14.6,21.3,6.8,28.1,57.3,1.6,39.0,577.2,590.0,589.4,33.1,550.0,638.2,46.8,23.0,2.22,-2.0,0,0
2238,Bois-d'Amont,FR,FR_H1,1,5.289276621895888,197.2,0.0,27.8,30.7,15.7,17.2,8.6,25.799999999999997,58.5,0.5,12.0,577.2,590.0,589.4,33.1,550.0,638.2,46.8,23.0,2.22,-2.0,0,0
2239,Grolley,FR,FR_H1,1,5.581614840681993,264.5,0.0,25.45,31.6,18.1,17.8,7.1,24.9,57.05,1.7,54.0,577.2,590.0,589.4,33.1,550.0,638.2,46.8,23.0,2.22,-2.0,0,0
2250,Courgevaux,FR,FR_H2,2,6.069351085765053,431.4,0.0,25.0,34.0,18.6,16.1,6.3,22.400000000000002,59.0,1.5,0.0,530.5,545.3,544.8,31.7,503.7,588.3,44.0,23.0,2.79,-2.0,0,0
2254,Courtepin,FR,FR_H2,2,5.577084821610244,263.3,0.0,28.4,30.6,18.2,15.9,6.9,22.8,59.0,0.5,28.0,530.5,545.3,544.8,31.7,503.7,588.3,44.0,23.0,2.79,-2.0,0,0
2257,Cressier (FR),FR,FR_H2,2,5.586874056410478,265.9,0.0,27.4,30.5,16.1,19.7,6.3,26.0,57.9,1.5,0.0,530.5,545.3,544.8,31.7,503.7,588.3,44.0,23.0,2.79,-2.0,0,0
2258,Fräschels,FR,FR_H2,2,4.970507503005476,143.1,0.0,26.3,42.8,14.4,11.9,4.6,16.5,69.1,1.5,0.0,530.5,545.3,544.8,31.7,503.7,588.3,44.0,23.0,2.79,-2.0,0,0
2261,Greng,FR,FR_H2,2,5.216564864675778,183.3,0.0,23.3,49.3,6.8,11.0,9.6,20.6,72.6,0.0,0.0,530.5,545.3,544.8,31.7,503.7,588.3,44.0,23.0,2.79,-2.0,0,0
2262,Gurmels,FR,FR_H2,2,5.6017497490910495,269.9,0.0,25.2,37.3,14.5,16.5,6.5,23.0,62.5,1.5,0.0,530.5,545.3,544.8,31.7,503.7,588.3,44.0,23.0,2.79,-2.0,0,0
2265,Kerzers,FR,FR_H2,2,6.100543142134219,445.1,0.0,28.8,34.9,13.9,15.5,6.9,22.4,63.7,0.9,50.0,530.5,545.3,544.8,31.7,503.7,588.3,44.0,23.0,2.79,-2.0,1,1
2266,Kleinbösingen,FR,FR_H2,2,5.457029057702858,233.4,0.0,21.3,36.5,17.3,17.7,7.2,24.9,57.8,1.5,0.0,530.5,545.3,544.8,31.7,503.7,588.3,44.0,23.0,2.79,-2.0,0,0
2271,Meyriez,FR,FR_H2,2,7.423269892234259,1673.5,1.0,28.4,39.1,11.5,16.0,4.9,20.9,67.5,1.5,0.0,530.5,545.3,544.8,31.7,503.7,588.3,44.0,23.0,2.79,-2.0,1,1
2272,Misery-Courtion,FR,FR_H2,2,5.360352757467489,211.8,0.0,29.3,29.6,17.0,15.9,8.3,24.200000000000003,58.900000000000006,1.5,0.0,530.5,545.3,544.8,31.7,503.7,588.3,44.0,23.0,2.79,-2.0,0,0
2274,Muntelier,FR,FR_H2,2,6.786378292815537,884.7,0.0,34.0,38.2,9.6,13.3,4.9,18.200000000000003,72.2,1.5,0.0,530.5,545.3,544.8,31.7,503.7,588.3,44.0,23.0,2.79,-2.0,0,0
2275,Murten,FR,FR_H2,2,5.573294066502264,262.3,0.0,35.7,33.5,13.4,11.6,5.9,17.5,69.2,1.5,144.0,530.5,545.3,544.8,31.7,503.7,588.3,44.0,23.0,2.79,-2.0,1,1
2276,Ried bei Kerzers,FR,FR_H2,2,5.1047326174753715,163.8,0.0,27.6,40.5,11.7,13.4,6.8,20.2,68.1,1.5,0.0,530.5,545.3,544.8,31.7,503.7,588.3,44.0,23.0,2.79,-2.0,0,0
2278,Ulmiz,FR,FR_H2,2,5.014627315365793,149.6,0.0,28.9,43.8,14.4,10.3,2.6,12.9,72.69999999999999,1.5,0.0,530.5,545.3,544.8,31.7,503.7,588.3,44.0,23.0,2.79,-2.0,0,0
2284,Mont-Vully,FR,FR_H2,2,5.565669172526567,260.3,0.0,35.3,35.2,13.5,12.0,4.0,16.0,70.5,1.5,0.0,530.5,545.3,544.8,31.7,503.7,588.3,44.0,23.0,2.79,-2.0,0,0
2292,Brünisried,FR,FR_H2,2,5.4107527958778245,222.8,0.0,30.8,36.5,12.5,14.1,6.1,20.2,67.3,1.5,0.0,530.5,545.3,544.8,31.7,503.7,588.3,44.0,23.0,2.79,-2.0,0,0
2293,Düdingen,FR,FR_H2,2,5.6950780340260545,296.4,0.0,33.2,37.1,11.8,12.6,5.2,17.8,70.30000000000001,2.4,213.0,530.5,545.3,544.8,31.7,503.7,588.3,44.0,23.0,2.79,-2.0,1,1
2294,Giffers,FR,FR_H2,2,5.790571604728592,326.2,0.0,32.3,32.6,14.2,15.2,5.7,20.9,64.9,1.5,0.0,530.5,545.3,544.8,31.7,503.7,588.3,44.0,23.0,2.79,-2.0,0,0
2295,Bösingen,FR,FR_H2,2,5.462135451777431,234.6,0.0,28.3,40.4,12.0,15.2,4.1,19.299999999999997,68.7,0.6,21.0,530.5,545.3,544.8,31.7,503.7,588.3,44.0,23.0,2.79,-2.0,1,1
2296,Heitenried,FR,FR_H2,2,5.042133961155627,153.8,0.0,28.8,37.0,13.0,16.0,5.2,21.2,65.8,1.5,0.0,530.5,545.3,544.8,31.7,503.7,588.3,44.0,23.0,2.79,-2.0,0,0
2299,Plaffeien,FR,FR_H2,2,4.034240638152395,55.5,0.0,36.7,36.0,12.0,10.7,4.7,15.399999999999999,72.7,1.5,0.0,530.5,545.3,544.8,31.7,503.7,588.3,44.0,23.0,2.79,-2.0,0,0
2300,Plasselb,FR,FR_H2,2,4.109233174715851,59.9,0.0,37.1,33.9,10.4,14.1,4.4,18.5,71.0,1.5,0.0,530.5,545.3,544.8,31.7,503.7,588.3,44.0,23.0,2.79,-2.0,0,0
2301,Rechthalten,FR,FR_H2,2,5.078916801512661,159.6,0.0,35.8,36.1,11.0,13.2,3.9,17.099999999999998,71.9,1.5,0.0,530.5,545.3,544.8,31.7,503.7,588.3,44.0,23.0,2.79,-2.0,0,0
2303,St. Silvester,FR,FR_H2,2,5.024538199265247,151.1,0.0,29.1,37.8,15.0,13.3,4.8,18.1,66.9,1.5,0.0,530.5,545.3,544.8,31.7,503.7,588.3,44.0,23.0,2.79,-2.0,0,0
2304,St. Ursen,FR,FR_H2,2,4.514150787600923,90.3,0.0,29.1,34.8,16.0,14.5,5.6,20.1,63.9,1.5,0.0,530.5,545.3,544.8,31.7,503.7,588.3,44.0,23.0,2.79,-2.0,0,0
2305,Schmitten (FR),FR,FR_H2,2,5.763936397475948,317.6,0.0,28.5,36.2,14.0,15.9,5.4,21.3,64.7,2.0,85.0,530.5,545.3,544.8,31.7,503.7,588.3,44.0,23.0,2.79,-2.0,1,1
2306,Tafers,FR,FR_H2,2,5.273512247629066,194.1,0.0,31.2,35.9,13.1,13.3,6.4,19.700000000000003,67.1,0.4,31.0,530.5,545.3,544.8,31.7,503.7,588.3,44.0,23.0,2.79,-2.0,0,0
2307,Tentlingen,FR,FR_H2,2,5.950121583573599,382.8,0.0,34.5,34.0,14.7,12.6,4.3,16.9,68.5,1.5,0.0,530.5,545.3,544.8,31.7,503.7,588.3,44.0,23.0,2.79,-2.0,0,0
2308,Ueberstorf,FR,FR_H2,2,5.0238805208462765,151.0,0.0,31.9,36.0,12.9,14.8,4.4,19.200000000000003,67.9,1.5,0.0,530.5,545.3,544.8,31.7,503.7,588.3,44.0,23.0,2.79,-2.0,1,1
2309,Wünnewil-Flamatt,FR,FR_H2,2,6.084727177567672,438.1,0.0,32.0,33.2,12.5,13.7,8.7,22.4,65.2,2.0,115.0,530.5,545.3,544.8,31.7,503.7,588.3,44.0,23.0,2.79,-2.0,1,1
2321,Attalens,FR,FR_H2,2,5.940697430054329,379.2,0.0,27.8,30.4,17.2,18.8,5.9,24.700000000000003,58.2,0.6,23.0,530.5,545.3,544.8,31.7,503.7,588.3,44.0,23.0,2.79,-2.0,0,0
2323,Bossonnens,FR,FR_H2,2,5.960231844676883,386.7,0.0,31.2,27.8,16.4,17.8,6.8,24.6,59.0,1.1,18.0,530.5,545.3,544.8,31.7,503.7,588.3,44.0,23.0,2.79,-2.0,0,0
2325,Châtel-Saint-Denis,FR,FR_H2,2,5.216564864675778,183.3,0.0,38.0,30.0,14.6,13.1,4.2,17.3,68.0,1.3,109.0,530.5,545.3,544.8,31.7,503.7,588.3,44.0,23.0,2.79,-2.0,0,0
2328,Granges (Veveyse),FR,FR_H2,2,5.391807709635375,218.6,0.0,30.1,29.3,15.4,18.4,6.8,25.2,59.400000000000006,1.5,0.0,530.5,545.3,544.8,31.7,503.7,588.3,44.0,23.0,2.79,-2.0,0,0
2333,Remaufens,FR,FR_H2,2,5.491001710377538,241.5,0.0,24.1,34.9,15.8,18.7,6.5,25.2,59.0,0.9,11.0,530.5,545.3,544.8,31.7,503.7,588.3,44.0,23.0,2.79,-2.0,0,0
2335,Saint-Martin (FR),FR,FR_H2,2,4.678420647727684,106.6,0.0,27.9,33.3,15.5,16.9,6.3,23.2,61.199999999999996,0.8,8.0,530.5,545.3,544.8,31.7,503.7,588.3,44.0,23.0,2.79,-2.0,0,0
2336,Semsales,FR,FR_H2,2,3.996364153861897,53.4,0.0,34.0,31.1,14.6,14.8,5.5,20.3,65.1,1.7,26.0,530.5,545.3,544.8,31.7,503.7,588.3,44.0,23.0,2.79,-2.0,0,0
2337,Le Flon,FR,FR_H2,2,4.848116364598481,126.5,0.0,29.3,30.5,16.3,15.5,8.5,24.0,59.8,1.1,13.0,530.5,545.3,544.8,31.7,503.7,588.3,44.0,23.0,2.79,-2.0,0,0
2338,La Verrerie,FR,FR_H2,2,4.620058798481842,100.5,0.0,29.2,31.6,15.1,17.0,7.1,24.1,60.8,1.1,15.0,530.5,545.3,544.8,31.7,503.7,588.3,44.0,23.0,2.79,-2.0,0,0
2761,Aesch (BL),BL,BL_H1,1,7.317212408359839,1505.0,1.0,34.9,34.7,13.7,12.7,4.0,16.7,69.6,1.4,147.0,641.1,664.1,661.4,41.7,614.5,727.0,53.2,23.0,3.59,-2.0,1,1
2762,Allschwil,BL,BL_H1,1,7.821282195033561,2492.1,1.0,39.3,32.6,13.1,11.5,3.5,15.0,71.9,0.1,30.0,641.1,664.1,661.4,41.7,614.5,727.0,53.2,23.0,3.59,-2.0,0,0
2763,Arlesheim,BL,BL_H1,1,7.20414929203594,1344.0,1.0,39.8,32.5,11.8,11.9,4.1,16.0,72.3,1.7,159.0,641.1,664.1,661.4,41.7,614.5,727.0,53.2,23.0,3.59,-2.0,1,1
2764,Biel-Benken,BL,BL_H1,1,6.741582623927553,845.9,0.0,24.5,38.6,15.0,16.3,5.7,22.0,63.1,0.5,17.0,641.1,664.1,661.4,41.7,614.5,727.0,53.2,23.0,3.59,-2.0,1,1
2765,Binningen,BL,BL_H1,1,8.188772454305505,3599.3,1.0,39.6,31.4,12.6,12.5,3.9,16.4,71.0,3.2,501.0,641.1,664.1,661.4,41.7,614.5,727.0,53.2,23.0,3.59,-2.0,1,1
2766,Birsfelden,BL,BL_H1,1,8.333847109976094,4161.4,1.0,46.7,30.4,10.6,9.2,3.1,12.299999999999999,77.1,3.0,306.0,641.1,664.1,661.4,41.7,614.5,727.0,53.2,23.0,3.59,-2.0,0,0
2767,Bottmingen,BL,BL_H1,1,7.760807977051705,2345.8,1.0,33.2,34.8,12.5,13.9,5.7,19.6,68.0,1.7,121.0,641.1,664.1,661.4,41.7,614.5,727.0,53.2,23.0,3.59,-2.0,0,0
2768,Ettingen,BL,BL_H1,1,6.782078670894135,880.9,0.0,33.2,36.7,12.0,14.5,3.6,18.1,69.9,1.4,79.0,641.1,664.1,661.4,41.7,614.5,727.0,53.2,23.0,3.59,-2.0,1,1
2769,Münchenstein,BL,BL_H1,1,7.457897765125078,1732.5,1.0,37.0,34.0,12.6,11.4,5.1,16.5,71.0,3.7,459.0,641.1,664.1,661.4,41.7,614.5,727.0,53.2,23.0,3.59,-2.0,1,1
2770,Muttenz,BL,BL_H1,1,6.993290567088399,1088.3,1.0,36.1,34.1,12.6,12.8,4.4,17.200000000000003,70.2,3.0,544.0,641.1,664.1,661.4,41.7,614.5,727.0,53.2,23.0,3.59,-2.0,1,1
2771,Oberwil (BL),BL,BL_H1,1,7.279111917456852,1448.7,1.0,32.8,34.4,13.3,14.8,4.7,19.5,67.19999999999999,2.3,260.0,641.1,664.1,661.4,41.7,614.5,727.0,53.2,23.0,3.59,-2.0,1,1
2772,Pfeffingen,BL,BL_H1,1,6.203547151062767,493.5,0.0,22.6,41.5,14.9,16.3,4.6,20.9,64.1,0.5,12.0,641.1,664.1,661.4,41.7,614.5,727.0,53.2,23.0,3.59,-2.0,1,1
2773,Reinach (BL),BL,BL_H1,1,7.996115191185895,2968.4,1.0,35.4,35.5,12.9,12.6,3.6,16.2,70.9,2.6,529.0,641.1,664.1,661.4,41.7,614.5,727.0,53.2,23.0,3.59,-2.0,1,1
2774,Schönenbuch,BL,BL_H1,1,7.010041072522887,1106.7,1.0,24.3,41.3,14.2,15.4,4.8,20.2,65.6,1.5,0.0,641.1,664.1,661.4,41.7,614.5,727.0,53.2,23.0,3.59,-2.0,1,1
2775,Therwil,BL,BL_H1,1,7.187505981107638,1321.8,1.0,33.4,34.9,13.5,14.2,3.9,18.099999999999998,68.3,1.7,168.0,641.1,664.1,661.4,41.7,614.5,727.0,53.2,23.0,3.59,-2.0,1,1
2781,Blauen,BL,BL_H2,2,4.60816569496789,99.3,0.0,31.9,39.1,12.3,12.0,4.7,16.7,71.0,1.0,7.0,596.9,619.9,619.3,40.0,574.8,668.6,55.4,23.0,3.85,-2.0,1,1
2782,Brislach,BL,BL_H2,2,5.242275975664412,188.1,0.0,26.6,34.5,16.1,16.4,6.4,22.799999999999997,61.1,1.4,24.0,596.9,619.9,619.3,40.0,574.8,668.6,55.4,23.0,3.85,-2.0,1,1
2783,Burg im Leimental,BL,BL_H2,2,4.622027303054514,100.7,0.0,33.6,40.6,7.8,10.9,7.0,17.9,74.2,1.5,0.0,596.9,619.9,619.3,40.0,574.8,668.6,55.4,23.0,3.85,-2.0,1,1
2784,Dittingen,BL,BL_H2,2,4.7059200890882344,109.6,0.0,34.7,35.9,14.1,11.2,4.1,15.299999999999999,70.6,1.5,0.0,596.9,619.9,619.3,40.0,574.8,668.6,55.4,23.0,3.85,-2.0,1,1
2785,Duggingen,BL,BL_H2,2,5.62618122863265,276.6,0.0,27.1,35.7,15.4,16.0,5.7,21.7,62.800000000000004,0.4,6.0,596.9,619.9,619.3,40.0,574.8,668.6,55.4,23.0,3.85,-2.0,1,1
2786,Grellingen,BL,BL_H2,2,6.390408438225881,595.1,0.0,33.3,36.8,12.1,11.6,6.2,17.8,70.1,3.1,61.0,596.9,619.9,619.3,40.0,574.8,668.6,55.4,23.0,3.85,-2.0,1,1
2787,Laufen,BL,BL_H2,2,6.276831441602324,531.1,0.0,39.2,31.8,12.1,11.4,5.5,16.9,71.0,4.9,292.0,596.9,619.9,619.3,40.0,574.8,668.6,55.4,23.0,3.85,-2.0,1,1
2788,Liesberg,BL,BL_H2,2,4.49647076906475,88.7,0.0,38.5,37.4,10.5,9.0,4.6,13.6,75.9,3.7,41.0,596.9,619.9,619.3,40.0,574.8,668.6,55.4,23.0,3.85,-2.0,1,1
2789,Nenzlingen,BL,BL_H2,2,4.859036909945142,127.9,0.0,22.1,44.1,13.3,15.4,5.1,20.5,66.2,1.5,0.0,596.9,619.9,619.3,40.0,574.8,668.6,55.4,23.0,3.85,-2.0,1,1
2790,Roggenburg,BL,BL_H2,2,3.634951112088381,36.9,0.0,39.0,37.4,11.4,11.4,0.8,12.200000000000001,76.4,1.5,0.0,596.9,619.9,619.3,40.0,574.8,668.6,55.4,23.0,3.85,-2.0,1,1
2791,Röschenz,BL,BL_H2,2,5.266826699456666,192.8,0.0,27.6,39.2,12.3,17.1,3.9,21.0,66.80000000000001,2.1,41.0,596.9,619.9,619.3,40.0,574.8,668.6,55.4,23.0,3.85,-2.0,1,1
2792,Wahlen,BL,BL_H2,2,5.687991788749877,294.3,0.0,29.7,36.8,13.2,14.2,6.1,20.299999999999997,66.5,1.8,29.0,596.9,619.9,619.3,40.0,574.8,668.6,55.4,23.0,3.85,-2.0,1,1
2793,Zwingen,BL,BL_H2,2,6.427782118698911,617.8,0.0,30.3,37.5,12.9,13.3,5.9,19.200000000000003,67.8,2.9,83.0,596.9,619.9,619.3,40.0,574.8,668.6,55.4,23.0,3.85,-2.0,1,1
2821,Arisdorf,BL,BL_H2,2,5.161351511474879,173.4,0.0,26.4,37.9,13.9,15.6,6.3,21.9,64.3,0.8,13.0,596.9,619.9,619.3,40.0,574.8,668.6,55.4,23.0,3.85,-2.0,1,1
2822,Augst,BL,BL_H2,2,6.491936758794481,658.8,0.0,42.8,34.1,10.2,8.6,4.3,12.899999999999999,76.9,2.3,25.0,596.9,619.9,619.3,40.0,574.8,668.6,55.4,23.0,3.85,-2.0,1,1
2823,Bubendorf,BL,BL_H1,1,6.0421576614235,419.8,0.0,29.6,39.2,11.0,14.3,5.9,20.200000000000003,68.80000000000001,1.4,61.0,641.1,664.1,661.4,41.7,614.5,727.0,53.2,23.0,3.59,-2.0,1,1
2824,Frenkendorf,BL,BL_H1,1,7.27931883541462,1449.0,1.0,33.5,34.4,12.6,13.7,5.9,19.6,67.9,1.8,117.0,641.1,664.1,661.4,41.7,614.5,727.0,53.2,23.0,3.59,-2.0,1,1
2825,Füllinsdorf,BL,BL_H1,1,6.932252750582524,1023.8,1.0,36.4,33.4,13.1,11.4,5.7,17.1,69.8,2.8,133.0,641.1,664.1,661.4,41.7,614.5,727.0,53.2,23.0,3.59,-2.0,1,1
2826,Giebenach,BL,BL_H2,2,6.743823587299773,847.8,0.0,24.3,39.4,15.3,15.5,5.5,21.0,63.7,0.6,7.0,596.9,619.9,619.3,40.0,574.8,668.6,55.4,23.0,3.85,-2.0,0,0
2827,Hersberg,BL,BL_H2,2,5.471009374366148,236.7,0.0,29.2,39.3,11.3,15.5,4.8,20.3,68.5,1.5,0.0,596.9,619.9,619.3,40.0,574.8,668.6,55.4,23.0,3.85,-2.0,1,1
2828,Lausen,BL,BL_H1,1,6.963852018334007,1056.7,1.0,32.4,35.8,13.0,13.6,5.3,18.9,68.19999999999999,2.9,170.0,641.1,664.1,661.4,41.7,614.5,727.0,53.2,23.0,3.59,-2.0,1,1
2829,Liestal,BL,BL_H1,1,6.78332520060396,882.0,0.0,37.7,34.0,12.4,11.2,4.8,16.0,71.7,4.7,744.0,641.1,664.1,661.4,41.7,614.5,727.0,53.2,23.0,3.59,-2.0,1,1
2830,Lupsingen,BL,BL_H2,2,6.222973014753819,503.2,0.0,24.8,39.9,12.0,16.1,7.3,23.400000000000002,64.7,0.8,12.0,596.9,619.9,619.3,40.0,574.8,668.6,55.4,23.0,3.85,-2.0,1,1
2831,Pratteln,BL,BL_H1,1,7.3451711483221285,1547.7,1.0,38.7,31.4,12.6,12.0,5.3,17.3,70.1,4.2,697.0,641.1,664.1,661.4,41.7,614.5,727.0,53.2,23.0,3.59,-2.0,1,1
2832,Ramlinsburg,BL,BL_H2,2,5.787817203599275,325.3,0.0,25.2,43.5,10.3,16.8,4.2,21.0,68.7,1.5,0.0,596.9,619.9,619.3,40.0,574.8,668.6,55.4,23.0,3.85,-2.0,1,1
2833,Seltisberg,BL,BL_H2,2,5.915393110156686,369.7,0.0,28.1,39.3,12.9,13.8,5.8,19.6,67.4,1.5,0.0,596.9,619.9,619.3,40.0,574.8,668.6,55.4,23.0,3.85,-2.0,1,1
2834,Ziefen,BL,BL_H2,2,5.3908965478411295,218.4,0.0,24.7,37.4,14.3,15.6,8.0,23.6,62.099999999999994,0.9,15.0,596.9,619.9,619.3,40.0,574.8,668.6,55.4,23.0,3.85,-2.0,1,1
2841,Anwil,BL,BL_H2,2,4.93806460126142,138.5,0.0,26.2,42.9,9.9,15.5,5.6,21.1,69.1,0.0,0.0,596.9,619.9,619.3,40.0,574.8,668.6,55.4,23.0,3.85,-2.0,0,0
2842,Böckten,BL,BL_H2,2,5.93197990027309,375.9,0.0,28.9,37.2,13.5,14.3,6.1,20.4,66.1,2.1,18.0,596.9,619.9,619.3,40.0,574.8,668.6,55.4,23.0,3.85,-2.0,0,0
2843,Buckten,BL,BL_H2,2,5.881928660039675,357.5,0.0,33.4,35.7,11.8,13.1,6.1,19.2,69.1,2.8,20.0,596.9,619.9,619.3,40.0,574.8,668.6,55.4,23.0,3.85,-2.0,1,1
2844,Buus,BL,BL_H2,2,4.860587297852597,128.1,0.0,25.2,40.5,13.4,13.6,7.2,20.8,65.7,0.6,7.0,596.9,619.9,619.3,40.0,574.8,668.6,55.4,23.0,3.85,-2.0,0,0
2845,Diepflingen,BL,BL_H2,2,6.364578624998487,579.9,0.0,25.9,35.4,12.8,19.0,6.8,25.8,61.3,1.8,14.0,596.9,619.9,619.3,40.0,574.8,668.6,55.4,23.0,3.85,-2.0,0,0
2846,Gelterkinden,BL,BL_H2,2,6.494207594680617,660.3,0.0,34.0,36.7,12.6,12.1,4.6,16.7,70.7,2.4,152.0,596.9,619.9,619.3,40.0,574.8,668.6,55.4,23.0,3.85,-2.0,1,1
2847,Häfelfingen,BL,BL_H2,2,4.143134726391533,62.0,0.0,31.2,41.3,12.8,9.2,5.5,14.7,72.5,0.0,0.0,596.9,619.9,619.3,40.0,574.8,668.6,55.4,23.0,3.85,-2.0,0,0
2848,Hemmiken,BL,BL_H2,2,4.364371699435161,77.6,0.0,35.5,37.1,12.9,10.5,4.0,14.5,72.6,0.0,0.0,596.9,619.9,619.3,40.0,574.8,668.6,55.4,23.0,3.85,-2.0,0,0
2849,Itingen,BL,BL_H2,2,6.673424382027351,790.1,0.0,27.3,38.7,12.8,16.4,4.7,21.099999999999998,66.0,2.0,50.0,596.9,619.9,619.3,40.0,574.8,668.6,55.4,23.0,3.85,-2.0,1,1
2850,Känerkinden,BL,BL_H2,2,5.887491956725004,359.5,0.0,29.5,41.8,13.1,11.8,3.8,15.600000000000001,71.3,1.5,0.0,596.9,619.9,619.3,40.0,574.8,668.6,55.4,23.0,3.85,-2.0,0,0
2851,Kilchberg (BL),BL,BL_H2,2,4.749270529961848,114.5,0.0,20.5,49.3,9.6,9.6,11.0,20.6,69.8,0.0,0.0,596.9,619.9,619.3,40.0,574.8,668.6,55.4,23.0,3.85,-2.0,0,0
2852,Läufelfingen,BL,BL_H2,2,5.161351511474879,173.4,0.0,33.5,36.3,12.3,11.7,6.2,17.9,69.8,1.5,21.0,596.9,619.9,619.3,40.0,574.8,668.6,55.4,23.0,3.85,-2.0,1,1
2853,Maisprach,BL,BL_H2,2,5.2428046566177775,188.2,0.0,32.6,35.7,15.9,11.4,4.4,15.8,68.30000000000001,2.7,25.0,596.9,619.9,619.3,40.0,574.8,668.6,55.4,23.0,3.85,-2.0,0,0
2854,Nusshof,BL,BL_H2,2,5.087596335232384,161.0,0.0,24.6,41.2,13.2,15.8,5.3,21.1,65.80000000000001,0.0,0.0,596.9,619.9,619.3,40.0,574.8,668.6,55.4,23.0,3.85,-2.0,0,0
2855,Oltingen,BL,BL_H2,2,4.308110951723713,73.3,0.0,28.8,37.9,12.8,12.3,8.2,20.5,66.7,2.1,11.0,596.9,619.9,619.3,40.0,574.8,668.6,55.4,23.0,3.85,-2.0,0,0
2856,Ormalingen,BL,BL_H2,2,5.839769183855788,342.7,0.0,31.4,36.7,13.8,13.1,5.0,18.1,68.1,1.0,24.0,596.9,619.9,619.3,40.0,574.8,668.6,55.4,23.0,3.85,-2.0,1,1
2857,Rickenbach (BL),BL,BL_H2,2,5.286244785313768,196.6,0.0,30.6,39.6,14.1,11.0,4.7,15.7,70.2,1.5,0.0,596.9,619.9,619.3,40.0,574.8,668.6,55.4,23.0,3.85,-2.0,0,0
2858,Rothenfluh,BL,BL_H2,2,4.316153890523174,73.9,0.0,33.9,32.5,14.7,12.4,6.5,18.9,66.4,1.5,0.0,596.9,619.9,619.3,40.0,574.8,668.6,55.4,23.0,3.85,-2.0,1,1
2859,Rümlingen,BL,BL_H2,2,5.263208189434469,192.1,0.0,29.5,31.2,12.7,18.5,8.1,26.6,60.7,1.8,8.0,596.9,619.9,619.3,40.0,574.8,668.6,55.4,23.0,3.85,-2.0,0,0
2860,Rünenberg,BL,BL_H2,2,5.080161356744866,159.8,0.0,31.5,38.2,14.8,12.3,3.3,15.600000000000001,69.7,0.8,6.0,596.9,619.9,619.3,40.0,574.8,668.6,55.4,23.0,3.85,-2.0,1,1
2861,Sissach,BL,BL_H2,2,6.653636923368497,774.6,0.0,35.6,35.7,11.9,12.4,4.3,16.7,71.30000000000001,1.3,86.0,596.9,619.9,619.3,40.0,574.8,668.6,55.4,23.0,3.85,-2.0,1,1
2862,Tecknau,BL,BL_H2,2,5.85821882796062,349.1,0.0,31.8,38.0,9.9,14.1,6.2,20.3,69.8,3.8,31.0,596.9,619.9,619.3,40.0,574.8,668.6,55.4,23.0,3.85,-2.0,0,0
2863,Tenniken,BL,BL_H2,2,5.307772525318792,200.9,0.0,25.3,45.0,11.3,12.3,6.3,18.6,70.3,1.5,0.0,596.9,619.9,619.3,40.0,574.8,668.6,55.4,23.0,3.85,-2.0,0,0
2864,Thürnen,BL,BL_H2,2,6.471727865291332,645.6,0.0,34.8,38.2,10.9,12.4,3.6,16.0,73.0,0.8,12.0,596.9,619.9,619.3,40.0,574.8,668.6,55.4,23.0,3.85,-2.0,1,1
2865,Wenslingen,BL,BL_H2,2,4.798266815950004,120.3,0.0,27.3,44.1,10.9,12.9,4.8,17.7,71.4,1.5,0.0,596.9,619.9,619.3,40.0,574.8,668.6,55.4,23.0,3.85,-2.0,0,0
2866,Wintersingen,BL,BL_H2,2,4.472780997942346,86.6,0.0,36.4,37.4,10.8,12.2,3.1,15.299999999999999,73.8,1.5,0.0,596.9,619.9,619.3,40.0,574.8,668.6,55.4,23.0,3.85,-2.0,0,0
2867,Wittinsburg,BL,BL_H2,2,4.950885289690482,140.3,0.0,24.9,44.6,12.4,13.5,4.7,18.2,69.5,0.0,0.0,596.9,619.9,619.3,40.0,574.8,668.6,55.4,23.0,3.85,-2.0,0,0
2868,Zeglingen,BL,BL_H2,2,4.198704577546343,65.6,0.0,25.2,41.1,10.3,17.8,5.6,23.4,66.3,1.6,9.0,596.9,619.9,619.3,40.0,574.8,668.6,55.4,23.0,3.85,-2.0,1,1
2869,Zunzgen,BL,BL_H2,2,6.0105316098252075,406.7,0.0,30.4,39.3,12.0,12.9,5.3,18.2,69.69999999999999,1.0,28.0,596.9,619.9,619.3,40.0,574.8,668.6,55.4,23.0,3.85,-2.0,1,1
2881,Arboldswil,BL,BL_H2,2,5.171619713502079,175.2,0.0,26.6,40.9,11.5,13.5,7.5,21.0,67.5,0.0,0.0,596.9,619.9,619.3,40.0,574.8,668.6,55.4,23.0,3.85,-2.0,0,0
2882,Bennwil,BL,BL_H2,2,4.651099117876491,103.7,0.0,25.6,39.7,13.4,12.3,9.0,21.3,65.30000000000001,1.5,0.0,596.9,619.9,619.3,40.0,574.8,668.6,55.4,23.0,3.85,-2.0,1,1
2883,Bretzwil,BL,BL_H2,2,4.619073091157083,100.4,0.0,29.6,39.2,12.5,10.3,8.4,18.700000000000003,68.80000000000001,1.5,0.0,596.9,619.9,619.3,40.0,574.8,668.6,55.4,23.0,3.85,-2.0,0,0
2884,Diegten,BL,BL_H2,2,5.1440000061636795,170.4,0.0,28.3,37.0,13.9,14.9,5.9,20.8,65.3,1.5,0.0,596.9,619.9,619.3,40.0,574.8,668.6,55.4,23.0,3.85,-2.0,0,0
2885,Eptingen,BL,BL_H2,2,3.933784497209659,50.1,0.0,28.6,42.7,10.0,11.6,7.1,18.7,71.30000000000001,1.5,0.0,596.9,619.9,619.3,40.0,574.8,668.6,55.4,23.0,3.85,-2.0,1,1
2886,Hölstein,BL,BL_H2,2,6.085182550981734,438.3,0.0,28.1,37.6,12.5,13.2,8.6,21.799999999999997,65.7,1.0,26.0,596.9,619.9,619.3,40.0,574.8,668.6,55.4,23.0,3.85,-2.0,1,1
2887,Lampenberg,BL,BL_H2,2,4.98292145552874,144.9,0.0,27.5,39.6,12.1,12.1,8.7,20.799999999999997,67.1,1.5,0.0,596.9,619.9,619.3,40.0,574.8,668.6,55.4,23.0,3.85,-2.0,1,1
2888,Langenbruck,BL,BL_H2,2,4.147885329150131,62.3,0.0,40.1,35.2,11.6,7.9,5.2,13.100000000000001,75.30000000000001,2.2,22.0,596.9,619.9,619.3,40.0,574.8,668.6,55.4,23.0,3.85,-2.0,0,0
2889,Lauwil,BL,BL_H2,2,3.8155121050473024,44.4,0.0,32.6,40.3,6.2,15.3,5.6,20.9,72.9,1.5,0.0,596.9,619.9,619.3,40.0,574.8,668.6,55.4,23.0,3.85,-2.0,1,1
2890,Liedertswil,BL,BL_H2,2,4.399375273008495,80.4,0.0,46.7,30.7,8.0,10.7,4.0,14.7,77.4,0.0,0.0,596.9,619.9,619.3,40.0,574.8,668.6,55.4,23.0,3.85,-2.0,0,0
2891,Niederdorf,BL,BL_H2,2,6.004627533634263,404.3,0.0,32.0,35.5,14.2,12.9,5.3,18.2,67.5,3.5,63.0,596.9,619.9,619.3,40.0,574.8,668.6,55.4,23.0,3.85,-2.0,1,1
2892,Oberdorf (BL),BL,BL_H2,2,6.030685260261263,415.0,0.0,32.4,34.2,12.8,13.1,7.5,20.6,66.6,3.2,82.0,596.9,619.9,619.3,40.0,574.8,668.6,55.4,23.0,3.85,-2.0,1,1
2893,Reigoldswil,BL,BL_H2,2,5.154446996128335,172.2,0.0,32.2,36.3,12.4,13.0,6.0,19.0,68.5,2.1,34.0,596.9,619.9,619.3,40.0,574.8,668.6,55.4,23.0,3.85,-2.0,1,1
2894,Titterten,BL,BL_H2,2,4.788324729085938,119.1,0.0,30.7,42.2,11.1,10.6,5.5,16.1,72.9,1.5,0.0,596.9,619.9,619.3,40.0,574.8,668.6,55.4,23.0,3.85,-2.0,1,1
2895,Waldenburg,BL,BL_H2,2,4.91338990965742,135.1,0.0,43.7,33.6,10.5,6.4,5.8,12.2,77.30000000000001,1.5,0.0,596.9,619.9,619.3,40.0,574.8,668.6,55.4,23.0,3.85,-2.0,0,0
2901,Gächlingen,SH,SH_H2,2,4.9788005705762375,144.3,0.0,31.8,37.5,8.5,14.6,7.6,22.2,69.3,1.2,12.0,526.4,539.9,541.1,32.6,497.8,583.1,46.0,23.0,2.56,-2.0,0,0
2903,Löhningen,SH,SH_H2,2,5.486455308663431,240.4,0.0,26.5,40.2,13.0,13.3,6.9,20.200000000000003,66.7,1.4,23.0,526.4,539.9,541.1,32.6,497.8,583.1,46.0,23.0,2.56,-2.0,0,0
2904,Neunkirch,SH,SH_H2,2,5.006627272698717,148.4,0.0,34.1,35.2,11.5,15.4,3.9,19.3,69.30000000000001,1.6,42.0,526.4,539.9,541.1,32.6,497.8,583.1,46.0,23.0,2.56,-2.0,0,0
2914,Büttenhardt,SH,SH_H2,2,4.705015520957808,109.5,0.0,25.0,44.1,12.2,14.4,4.3,18.7,69.1,1.5,0.0,526.4,539.9,541.1,32.6,497.8,583.1,46.0,23.0,2.56,-2.0,0,0
2915,Dörflingen,SH,SH_H2,2,5.206202077640231,181.4,0.0,25.4,42.3,13.8,13.4,5.1,18.5,67.69999999999999,1.5,0.0,526.4,539.9,541.1,32.6,497.8,583.1,46.0,23.0,2.56,-2.0,0,0
2917,Lohn (SH),SH,SH_H2,2,5.056882545261575,156.1,0.0,31.0,33.2,13.2,15.7,6.9,22.6,64.2,1.5,0.0,526.4,539.9,541.1,32.6,497.8,583.1,46.0,23.0,2.56,-2.0,1,1
2919,Stetten (SH),SH,SH_H2,2,5.750347943803522,313.3,0.0,19.7,34.4,15.5,22.2,8.2,30.4,54.099999999999994,1.5,0.0,526.4,539.9,541.1,32.6,497.8,583.1,46.0,23.0,2.56,-2.0,1,1
2920,Thayngen,SH,SH_H2,2,5.6910349018336985,295.2,0.0,35.1,34.3,13.7,11.3,5.7,17.0,69.4,0.8,45.0,526.4,539.9,541.1,32.6,497.8,583.1,46.0,23.0,2.56,-2.0,0,0
2931,Bargen (SH),SH,SH_H2,2,3.7471483622379123,41.4,0.0,37.1,39.5,12.0,6.0,5.4,11.4,76.6,2.4,8.0,526.4,539.9,541.1,32.6,497.8,583.1,46.0,23.0,2.56,-2.0,0,0
2932,Beringen,SH,SH_H2,2,5.6458001921178536,282.1,0.0,33.3,36.2,11.6,13.5,5.4,18.9,69.5,1.7,88.0,526.4,539.9,541.1,32.6,497.8,583.1,46.0,23.0,2.56,-2.0,1,1
2933,Buchberg,SH,SH_H2,2,5.0238805208462765,151.0,0.0,29.8,37.6,13.2,15.0,4.4,19.4,67.4,1.5,0.0,526.4,539.9,541.1,32.6,497.8,583.1,46.0,23.0,2.56,-2.0,0,0
2936,Merishausen,SH,SH_H2,2,3.960813169597578,51.5,0.0,27.7,35.2,13.2,17.3,6.6,23.9,62.900000000000006,0.7,6.0,526.4,539.9,541.1,32.6,497.8,583.1,46.0,23.0,2.56,-2.0,0,0
2937,Neuhausen am Rheinfall,SH,SH_H1,1,7.300000048919446,1479.3,1.0,44.1,29.3,11.0,10.6,5.1,15.7,73.4,4.5,507.0,561.6,573.8,569.4,32.0,528.0,612.2,41.6,23.0,2.17,-2.0,1,1
2938,Rüdlingen,SH,SH_H2,2,5.003274939689963,147.9,0.0,30.3,38.1,12.0,13.4,6.2,19.6,68.4,1.5,0.0,526.4,539.9,541.1,32.6,497.8,583.1,46.0,23.0,2.56,-2.0,1,1
2939,Schaffhausen,SH,SH_H1,1,6.837332814685591,931.0,0.0,42.6,31.4,11.1,10.3,4.6,14.9,74.0,3.8,1471.0,561.6,573.8,569.4,32.0,528.0,612.2,41.6,23.0,2.17,-2.0,1,1
2951,Beggingen,SH,SH_H2,2,3.6788291182604347,38.6,0.0,36.7,36.2,11.8,9.0,6.3,15.3,72.9,1.5,0.0,526.4,539.9,541.1,32.6,497.8,583.1,46.0,23.0,2.56,-2.0,0,0
2952,Schleitheim,SH,SH_H2,2,4.457829598089382,85.3,0.0,33.9,34.9,13.0,9.9,8.3,18.200000000000003,68.8,2.7,49.0,526.4,539.9,541.1,32.6,497.8,583.1,46.0,23.0,2.56,-2.0,1,1
2953,Siblingen,SH,SH_H2,2,4.557029810660157,94.3,0.0,31.3,40.5,11.2,12.7,4.2,16.9,71.8,1.3,12.0,526.4,539.9,541.1,32.6,497.8,583.1,46.0,23.0,2.56,-2.0,0,0
2961,Buch (SH),SH,SH_H2,2,4.493120682179469,88.4,0.0,28.3,43.4,20.4,5.3,2.6,7.9,71.7,1.5,0.0,526.4,539.9,541.1,32.6,497.8,583.1,46.0,23.0,2.56,-2.0,0,0
2962,Hemishofen,SH,SH_H2,2,4.151039905898646,62.5,0.0,27.6,43.4,12.7,13.1,3.2,16.3,71.0,1.5,0.0,526.4,539.9,541.1,32.6,497.8,583.1,46.0,23.0,2.56,-2.0,0,0
2963,Ramsen,SH,SH_H2,2,4.817050545023591,122.6,0.0,31.0,37.3,14.2,11.8,5.7,17.5,68.3,1.3,21.0,526.4,539.9,541.1,32.6,497.8,583.1,46.0,23.0,2.56,-2.0,0,0
2964,Stein am Rhein,SH,SH_H2,2,6.480197924399157,651.1,0.0,39.9,36.8,11.8,8.5,3.0,11.5,76.69999999999999,2.2,77.0,526.4,539.9,541.1,32.6,497.8,583.1,46.0,23.0,2.56,-2.0,0,0
2971,Hallau,SH,SH_H2,2,5.0701612734102826,158.2,0.0,34.0,35.8,12.0,11.7,6.5,18.2,69.8,1.2,28.0,526.4,539.9,541.1,32.6,497.8,583.1,46.0,23.0,2.56,-2.0,0,0
2972,Oberhallau,SH,SH_H2,2,4.335982696172475,75.4,0.0,26.8,39.5,13.7,13.7,6.3,20.0,66.3,1.6,7.0,526.4,539.9,541.1,32.6,497.8,583.1,46.0,23.0,2.56,-2.0,0,0
2973,Trasadingen,SH,SH_H2,2,5.01396308418893,149.5,0.0,33.1,40.2,11.0,8.9,6.8,15.7,73.30000000000001,3.0,19.0,526.4,539.9,541.1,32.6,497.8,583.1,46.0,23.0,2.56,-2.0,0,0
2974,Wilchingen,SH,SH_H2,2,4.423648309364701,82.4,0.0,29.7,41.8,10.9,10.4,7.3,17.7,71.5,1.7,30.0,526.4,539.9,541.1,32.6,497.8,583.1,46.0,23.0,2.56,-2.0,0,0
3201,Häggenschwil,SG,SG_H2,2,5.063860055333554,157.2,0.0,23.5,35.0,12.4,18.9,10.2,29.099999999999998,58.5,0.4,6.0,509.4,525.5,523.6,31.6,488.6,561.3,40.0,25.0,3.16,-2.0,1,1
3202,Muolen,SG,SG_H2,2,4.816241156068032,122.5,0.0,26.2,35.2,13.3,15.5,9.7,25.2,61.400000000000006,1.5,19.0,509.4,525.5,523.6,31.6,488.6,561.3,40.0,25.0,3.16,-2.0,0,0
3203,St. Gallen,SG,SG_H1,1,7.602700841483462,2002.6,1.0,46.8,29.1,10.4,9.3,4.4,13.700000000000001,75.9,3.8,2965.0,548.2,564.1,560.0,35.6,526.6,604.5,42.6,25.0,2.9,-2.0,0,0
3204,Wittenbach,SG,SG_H2,2,6.724192952752049,831.3,0.0,34.3,33.1,12.4,13.9,6.3,20.2,67.4,2.7,272.0,509.4,525.5,523.6,31.6,488.6,561.3,40.0,25.0,3.16,-2.0,0,0
3211,Berg (SG),SG,SG_H2,2,5.619313318029751,274.7,0.0,20.4,39.2,14.2,17.2,9.0,26.2,59.6,1.5,0.0,509.4,525.5,523.6,31.6,488.6,561.3,40.0,25.0,3.16,-2.0,0,0
3212,Eggersriet,SG,SG_H2,2,5.614951260949585,273.5,0.0,27.8,38.5,10.8,15.8,7.1,22.9,66.3,0.5,12.0,509.4,525.5,523.6,31.6,488.6,561.3,40.0,25.0,3.16,-2.0,0,0
3213,Goldach,SG,SG_H2,2,7.639209293696669,2077.1,1.0,36.2,34.4,12.8,12.0,4.7,16.7,70.6,1.8,175.0,509.4,525.5,523.6,31.6,488.6,561.3,40.0,25.0,3.16,-2.0,0,0
3214,Mörschwil,SG,SG_H2,2,5.924523141354101,373.1,0.0,27.4,37.4,13.6,15.5,6.2,21.7,64.8,0.3,10.0,509.4,525.5,523.6,31.6,488.6,561.3,40.0,25.0,3.16,-2.0,0,0
3215,Rorschach,SG,SG_H2,2,8.660929832894624,5771.9,1.0,47.6,28.5,10.2,8.9,4.8,13.7,76.1,2.4,239.0,509.4,525.5,523.6,31.6,488.6,561.3,40.0,25.0,3.16,-2.0,0,0
3216,Rorschacherberg,SG,SG_H2,2,6.993290567088399,1088.3,1.0,33.0,36.7,13.2,12.2,4.8,17.0,69.7,1.5,117.0,509.4,525.5,523.6,31.6,488.6,561.3,40.0,25.0,3.16,-2.0,0,0
3217,Steinach,SG,SG_H2,2,6.6806037062703885,795.8,0.0,35.4,35.8,10.9,12.6,5.3,17.9,71.19999999999999,1.0,35.0,509.4,525.5,523.6,31.6,488.6,561.3,40.0,25.0,3.16,-2.0,0,0
3218,Tübach,SG,SG_H2,2,6.692083742506628,805.0,0.0,29.1,36.0,11.4,16.7,6.8,23.5,65.1,0.5,8.0,509.4,525.5,523.6,31.6,488.6,561.3,40.0,25.0,3.16,-2.0,1,1
3219,Untereggen,SG,SG_H2,2,4.9849755473156785,145.2,0.0,21.1,41.9,16.5,11.9,8.7,20.6,63.0,1.5,0.0,509.4,525.5,523.6,31.6,488.6,561.3,40.0,25.0,3.16,-2.0,0,0
3231,Au (SG),SG,SG_H2,2,7.5264482736171345,1855.5,1.0,36.4,32.9,12.6,12.4,5.7,18.1,69.3,1.8,149.0,509.4,525.5,523.6,31.6,488.6,561.3,40.0,25.0,3.16,-2.0,0,0
3232,Balgach,SG,SG_H3,3,6.684736719856078,799.1,0.0,33.7,35.4,11.5,12.9,6.5,19.4,69.1,0.4,23.0,490.8,506.6,504.4,33.1,473.2,554.0,37.1,25.0,3.22,-2.0,0,0
3233,Berneck,SG,SG_H3,3,6.571163035160348,713.2,0.0,33.6,34.9,12.4,12.9,6.2,19.1,68.5,1.3,50.0,490.8,506.6,504.4,33.1,473.2,554.0,37.1,25.0,3.22,-2.0,0,0
3234,Diepoldsau,SG,SG_H3,3,6.4261647804844815,616.8,0.0,29.5,34.3,13.4,15.6,7.2,22.8,63.8,0.8,54.0,490.8,506.6,504.4,33.1,473.2,554.0,37.1,25.0,3.22,-2.0,0,0
3235,Rheineck,SG,SG_H2,2,7.372118028337787,1590.0,1.0,38.3,33.6,11.1,11.0,6.1,17.1,71.9,2.3,81.0,509.4,525.5,523.6,31.6,488.6,561.3,40.0,25.0,3.16,-2.0,0,0
3236,St. Margrethen,SG,SG_H2,2,6.886429492267385,977.9,0.0,36.2,30.7,12.6,12.4,8.0,20.4,66.9,1.6,107.0,509.4,525.5,523.6,31.6,488.6,561.3,40.0,25.0,3.16,-2.0,0,0
3237,Thal,SG,SG_H2,2,6.606379879398354,738.8,0.0,32.7,37.3,11.7,12.6,5.7,18.3,70.0,1.0,70.0,509.4,525.5,523.6,31.6,488.6,561.3,40.0,25.0,3.16,-2.0,0,0
3238,Widnau,SG,SG_H3,3,7.811001297335483,2466.6,1.0,32.7,33.5,14.4,13.6,5.9,19.5,66.2,0.9,98.0,490.8,506.6,504.4,33.1,473.2,554.0,37.1,25.0,3.22,-2.0,0,0
3251,Altstätten,SG,SG_H3,3,5.767695800399854,318.8,0.0,38.1,32.8,11.0,11.1,6.9,18.0,70.9,0.9,116.0,490.8,506.6,504.4,33.1,473.2,554.0,37.1,25.0,3.22,-2.0,0,0
3252,Eichberg,SG,SG_H3,3,5.697764402330638,297.2,0.0,27.9,34.5,13.1,17.4,7.2,24.599999999999998,62.4,1.5,0.0,490.8,506.6,504.4,33.1,473.2,554.0,37.1,25.0,3.22,-2.0,1,1
3253,Marbach (SG),SG,SG_H3,3,6.206979071257701,495.2,0.0,29.7,35.9,13.2,14.9,6.3,21.2,65.6,0.6,13.0,490.8,506.6,504.4,33.1,473.2,554.0,37.1,25.0,3.22,-2.0,0,0
3254,Oberriet (SG),SG,SG_H3,3,5.605434351638425,270.9,0.0,29.7,34.5,13.0,14.6,8.3,22.9,64.2,0.3,28.0,490.8,506.6,504.4,33.1,473.2,554.0,37.1,25.0,3.22,-2.0,0,0
3255,Rebstein,SG,SG_H3,3,7.054017785960389,1156.5,1.0,35.2,34.5,12.2,12.7,5.5,18.2,69.7,1.7,84.0,490.8,506.6,504.4,33.1,473.2,554.0,37.1,25.0,3.22,-2.0,0,0
3256,Rüthi (SG),SG,SG_H3,3,5.6461533618195645,282.2,0.0,30.0,37.4,12.2,13.3,7.2,20.5,67.4,1.5,0.0,490.8,506.6,504.4,33.1,473.2,554.0,37.1,25.0,3.22,-2.0,0,0
3271,Buchs (SG),SG,SG_H2,2,6.781171126872684,880.1,0.0,37.2,30.6,12.0,12.7,7.5,20.2,67.80000000000001,1.1,160.0,509.4,525.5,523.6,31.6,488.6,561.3,40.0,25.0,3.16,-2.0,0,0
3272,Gams,SG,SG_H3,3,5.126342101808226,167.4,0.0,28.2,35.1,12.8,15.4,8.5,23.9,63.3,1.1,41.0,490.8,506.6,504.4,33.1,473.2,554.0,37.1,25.0,3.22,-2.0,0,0
3273,Grabs,SG,SG_H3,3,4.927253685157205,137.0,0.0,33.3,33.1,12.5,13.4,7.7,21.1,66.4,1.3,94.0,490.8,506.6,504.4,33.1,473.2,554.0,37.1,25.0,3.22,-2.0,0,0
3274,Sennwald,SG,SG_H3,3,5.0330488889331555,152.4,0.0,34.1,36.1,11.7,11.6,6.5,18.1,70.2,0.8,53.0,490.8,506.6,504.4,33.1,473.2,554.0,37.1,25.0,3.22,-2.0,0,0
3275,Sevelen,SG,SG_H2,2,5.1896179496246955,178.4,0.0,35.8,31.1,12.0,14.3,6.8,21.1,66.9,1.7,92.0,509.4,525.5,523.6,31.6,488.6,561.3,40.0,25.0,3.16,-2.0,0,0
3276,Wartau,SG,SG_H2,2,4.90527477843843,134.0,0.0,33.8,33.3,12.5,12.5,7.8,20.3,67.1,1.7,95.0,509.4,525.5,523.6,31.6,488.6,561.3,40.0,25.0,3.16,-2.0,0,0
3291,Bad Ragaz,SG,SG_H2,2,5.604330395684541,270.6,0.0,40.9,32.5,10.4,11.3,4.9,16.200000000000003,73.4,0.8,57.0,509.4,525.5,523.6,31.6,488.6,561.3,40.0,25.0,3.16,-2.0,0,0
3292,Flums,SG,SG_H2,2,4.289088639014612,71.9,0.0,36.0,32.4,11.0,12.9,7.7,20.6,68.4,0.9,50.0,509.4,525.5,523.6,31.6,488.6,561.3,40.0,25.0,3.16,-2.0,0,0
3293,Mels,SG,SG_H2,2,4.247065649239764,68.9,0.0,31.9,33.5,13.2,13.9,7.5,21.4,65.4,1.4,134.0,509.4,525.5,523.6,31.6,488.6,561.3,40.0,25.0,3.16,-2.0,0,0
3294,Pfäfers,SG,SG_H2,2,2.6100697927420065,12.6,0.0,35.5,35.0,10.5,11.4,7.6,19.0,70.5,1.8,29.0,509.4,525.5,523.6,31.6,488.6,561.3,40.0,25.0,3.16,-2.0,0,0
3295,Quarten,SG,SG_H2,2,3.937690752176724,50.3,0.0,37.8,35.6,10.3,9.8,6.4,16.200000000000003,73.4,0.6,19.0,509.4,525.5,523.6,31.6,488.6,561.3,40.0,25.0,3.16,-2.0,0,0
3296,Sargans,SG,SG_H2,2,6.551508814661472,699.3,0.0,36.5,33.2,11.3,12.5,6.6,19.1,69.7,0.9,59.0,509.4,525.5,523.6,31.6,488.6,561.3,40.0,25.0,3.16,-2.0,0,0
3297,Vilters-Wangs,SG,SG_H2,2,5.059425458265688,156.5,0.0,30.6,35.8,11.8,14.7,7.2,21.9,66.4,0.7,34.0,509.4,525.5,523.6,31.6,488.6,561.3,40.0,25.0,3.16,-2.0,0,0
3298,Walenstadt,SG,SG_H2,2,4.8721392168423305,129.6,0.0,36.4,33.8,11.1,12.6,6.2,18.8,70.19999999999999,0.5,30.0,509.4,525.5,523.6,31.6,488.6,561.3,40.0,25.0,3.16,-2.0,0,0
3311,Amden,SG,SG_H2,2,3.8110970868381857,44.2,0.0,36.7,39.1,9.4,9.8,5.0,14.8,75.80000000000001,0.5,10.0,509.4,525.5,523.6,31.6,488.6,561.3,40.0,25.0,3.16,-2.0,0,0
3312,Benken (SG),SG,SG_H2,2,5.2332453698043215,186.4,0.0,27.6,34.8,11.5,15.7,10.4,26.1,62.4,0.8,24.0,509.4,525.5,523.6,31.6,488.6,561.3,40.0,25.0,3.16,-2.0,0,0
3313,Kaltbrunn,SG,SG_H2,2,5.6153154933338705,273.6,0.0,32.9,32.8,12.0,14.8,7.5,22.3,65.69999999999999,1.9,99.0,509.4,525.5,523.6,31.6,488.6,561.3,40.0,25.0,3.16,-2.0,0,0
3315,Schänis,SG,SG_H2,2,4.659658371272161,104.6,0.0,28.2,34.0,13.9,15.2,8.8,24.0,62.2,2.2,90.0,509.4,525.5,523.6,31.6,488.6,561.3,40.0,25.0,3.16,-2.0,0,0
3316,Weesen,SG,SG_H2,2,5.8650506222523235,351.5,0.0,37.1,36.8,9.6,11.9,4.7,16.6,73.9,1.0,19.0,509.4,525.5,523.6,31.6,488.6,561.3,40.0,25.0,3.16,-2.0,1,1
3338,Schmerikon,SG,SG_H2,2,6.90875477931522,1000.0,0.0,32.2,36.1,12.9,12.6,6.1,18.7,68.30000000000001,1.2,50.0,509.4,525.5,523.6,31.6,488.6,561.3,40.0,25.0,3.16,-2.0,0,0
3339,Uznach,SG,SG_H2,2,6.839904612073963,933.4,0.0,29.8,34.4,12.8,14.6,8.4,23.0,64.2,1.7,122.0,509.4,525.5,523.6,31.6,488.6,561.3,40.0,25.0,3.16,-2.0,0,0
3340,Rapperswil-Jona,SG,SG_H2,2,7.165416192321907,1292.9,1.0,36.0,33.8,13.0,12.7,4.6,17.299999999999997,69.8,1.6,447.0,509.4,525.5,523.6,31.6,488.6,561.3,40.0,25.0,3.16,-2.0,0,0
3341,Gommiswald,SG,SG_H2,2,5.1428324637076415,170.2,0.0,31.7,36.7,12.0,13.9,5.6,19.5,68.4,0.7,41.0,509.4,525.5,523.6,31.6,488.6,561.3,40.0,25.0,3.16,-2.0,0,0
3342,Eschenbach (SG),SG,SG_H2,2,5.236441962829949,187.0,0.0,30.2,35.8,13.3,13.7,7.0,20.7,66.0,1.2,126.0,509.4,525.5,523.6,31.6,488.6,561.3,40.0,25.0,3.16,-2.0,0,0
3352,Ebnat-Kappel,SG,SG_H3,3,4.81380905109942,122.2,0.0,35.3,35.0,11.2,11.8,6.8,18.6,70.3,1.6,79.0,490.8,506.6,504.4,33.1,473.2,554.0,37.1,25.0,3.22,-2.0,0,0
3359,Wildhaus-Alt St. Johann,SG,SG_H3,3,3.4242626545931514,29.7,0.0,41.4,33.4,7.7,8.5,9.0,17.5,74.8,0.5,12.0,490.8,506.6,504.4,33.1,473.2,554.0,37.1,25.0,3.22,-2.0,0,0
3360,Nesslau,SG,SG_H3,3,3.7612001156935624,42.0,0.0,37.4,36.1,8.2,10.1,8.3,18.4,73.5,1.2,47.0,490.8,506.6,504.4,33.1,473.2,554.0,37.1,25.0,3.22,-2.0,1,1
3374,Lichtensteig,SG,SG_H3,3,6.633581556555148,759.2,0.0,43.2,32.6,10.3,8.9,5.1,14.0,75.80000000000001,1.5,32.0,490.8,506.6,504.4,33.1,473.2,554.0,37.1,25.0,3.22,-2.0,0,0
3379,Wattwil,SG,SG_H3,3,5.19351225218191,179.1,0.0,37.6,33.4,10.8,10.8,7.4,18.200000000000003,71.0,2.6,235.0,490.8,506.6,504.4,33.1,473.2,554.0,37.1,25.0,3.22,-2.0,0,0
3392,Kirchberg (SG),SG,SG_H2,2,5.443283136798223,230.2,0.0,30.8,32.3,12.9,15.2,8.9,24.1,63.099999999999994,2.8,274.0,509.4,525.5,523.6,31.6,488.6,561.3,40.0,25.0,3.16,-2.0,0,0
3393,Lütisburg,SG,SG_H3,3,4.768139014266231,116.7,0.0,26.5,37.9,9.4,14.4,11.8,26.200000000000003,64.4,1.1,18.0,490.8,506.6,504.4,33.1,473.2,554.0,37.1,25.0,3.22,-2.0,0,0
3394,Mosnang,SG,SG_H3,3,4.0943445622221,59.0,0.0,25.5,36.8,11.7,13.4,12.6,26.0,62.3,0.7,20.0,490.8,506.6,504.4,33.1,473.2,554.0,37.1,25.0,3.22,-2.0,0,0
3395,Bütschwil-Ganterschwil,SG,SG_H3,3,5.502889532276811,244.4,0.0,32.7,33.0,12.4,12.4,9.4,21.8,65.7,1.5,77.0,490.8,506.6,504.4,33.1,473.2,554.0,37.1,25.0,3.22,-2.0,0,0
3396,Neckertal,SG,SG_H3,3,4.37449836825309,78.4,0.0,31.3,37.3,11.0,10.4,10.0,20.4,68.6,1.8,116.0,490.8,506.6,504.4,33.1,473.2,554.0,37.1,25.0,3.22,-2.0,0,0
3401,Degersheim,SG,SG_H3,3,5.677438499316599,291.2,0.0,34.6,31.4,12.0,12.0,9.9,21.9,66.0,2.4,101.0,490.8,506.6,504.4,33.1,473.2,554.0,37.1,25.0,3.22,-2.0,0,0
3402,Flawil,SG,SG_H2,2,6.832923968359133,926.9,0.0,36.2,32.9,11.2,12.5,7.2,19.7,69.1,3.6,388.0,509.4,525.5,523.6,31.6,488.6,561.3,40.0,25.0,3.16,-2.0,0,0
3405,Jonschwil,SG,SG_H2,2,5.897703167293508,363.2,0.0,26.8,36.2,13.3,15.5,8.2,23.7,63.0,0.7,29.0,509.4,525.5,523.6,31.6,488.6,561.3,40.0,25.0,3.16,-2.0,0,0
3407,Oberuzwil,SG,SG_H2,2,6.1735777488642,478.9,0.0,30.5,33.6,12.7,14.9,8.3,23.200000000000003,64.1,1.1,74.0,509.4,525.5,523.6,31.6,488.6,561.3,40.0,25.0,3.16,-2.0,0,0
3408,Uzwil,SG,SG_H2,2,6.914234245079846,1005.5,1.0,33.1,33.3,12.1,13.1,8.5,21.6,66.4,1.4,203.0,509.4,525.5,523.6,31.6,488.6,561.3,40.0,25.0,3.16,-2.0,0,0
3422,Niederbüren,SG,SG_H1,1,4.579852378003801,96.5,0.0,21.7,37.0,12.2,17.4,11.7,29.099999999999998,58.7,0.6,9.0,548.2,564.1,560.0,35.6,526.6,604.5,42.6,25.0,2.9,-2.0,0,0
3423,Niederhelfenschwil,SG,SG_H1,1,5.308267697401205,201.0,0.0,22.9,34.8,13.8,18.1,10.5,28.6,57.699999999999996,0.6,18.0,548.2,564.1,560.0,35.6,526.6,604.5,42.6,25.0,2.9,-2.0,0,0
3424,Oberbüren,SG,SG_H1,1,5.589493328254074,266.6,0.0,28.6,35.7,12.6,14.9,8.3,23.200000000000003,64.30000000000001,0.5,24.0,548.2,564.1,560.0,35.6,526.6,604.5,42.6,25.0,2.9,-2.0,0,0
3426,Zuzwil (SG),SG,SG_H1,1,6.331679770008029,561.1,0.0,27.0,39.2,12.5,15.6,5.7,21.3,66.2,0.4,19.0,548.2,564.1,560.0,35.6,526.6,604.5,42.6,25.0,2.9,-2.0,0,0
3427,Wil (SG),SG,SG_H1,1,7.098540914188221,1209.2,1.0,38.2,32.4,11.4,11.7,6.2,17.9,70.6,3.2,810.0,548.2,564.1,560.0,35.6,526.6,604.5,42.6,25.0,2.9,-2.0,1,1
3441,Andwil (SG),SG,SG_H2,2,5.83129579495516,339.8,0.0,24.2,34.5,13.3,19.4,8.5,27.9,58.7,0.5,11.0,509.4,525.5,523.6,31.6,488.6,561.3,40.0,25.0,3.16,-2.0,0,0
3442,Gaiserwald,SG,SG_H1,1,6.537995095494749,689.9,0.0,30.6,35.8,12.9,15.0,5.8,20.8,66.4,1.5,131.0,548.2,564.1,560.0,35.6,526.6,604.5,42.6,25.0,2.9,-2.0,0,0
3443,Gossau (SG),SG,SG_H1,1,6.519589667952034,677.3,0.0,35.9,34.1,11.4,12.8,5.9,18.700000000000003,70.0,1.5,281.0,548.2,564.1,560.0,35.6,526.6,604.5,42.6,25.0,2.9,-2.0,0,0
3444,Waldkirch,SG,SG_H2,2,4.745801315727837,114.1,0.0,24.0,34.4,12.2,17.7,11.7,29.4,58.4,1.9,66.0,509.4,525.5,523.6,31.6,488.6,561.3,40.0,25.0,3.16,-2.0,0,0
3506,Vaz/Obervaz,GR,GR_H3,3,4.178992036282385,64.3,0.0,44.6,31.2,9.5,11.1,3.4,14.5,75.8,0.2,6.0,472.3,494.1,497.2,39.3,436.7,540.7,54.8,24.0,4.62,-3.0,0,0
3513,Lantsch/Lenz,GR,GR_H3,3,3.2108436531709366,23.8,0.0,46.1,34.8,4.1,12.7,2.2,14.899999999999999,80.9,1.5,0.0,472.3,494.1,497.2,39.3,436.7,540.7,54.8,24.0,4.62,-3.0,0,0
3514,Schmitten (GR),GR,GR_H3,3,2.9496883350525844,18.1,0.0,47.7,34.6,8.4,6.5,2.8,9.3,82.30000000000001,0.0,0.0,472.3,494.1,497.2,39.3,436.7,540.7,54.8,24.0,4.62,-3.0,0,0
3542,Albula/Alvra,GR,GR_H3,3,2.7343675094195836,14.4,0.0,39.1,34.2,11.6,10.0,5.2,15.2,73.30000000000001,0.5,6.0,472.3,494.1,497.2,39.3,436.7,540.7,54.8,24.0,4.62,-3.0,0,0
3543,Surses,GR,GR_H3,3,2.151762203259462,7.6,0.0,41.1,36.3,9.8,8.9,3.9,12.8,77.4,0.7,16.0,472.3,494.1,497.2,39.3,436.7,540.7,54.8,24.0,4.62,-3.0,0,0
3544,Bergün Filisur,GR,GR_H3,3,1.7404661748405046,4.7,0.0,38.9,36.8,8.6,10.0,5.6,15.6,75.69999999999999,0.0,0.0,472.3,494.1,497.2,39.3,436.7,540.7,54.8,24.0,4.62,-3.0,0,0
3551,Brusio,GR,GR_H2,2,3.2068032436339315,23.7,0.0,34.4,30.1,15.4,11.8,8.3,20.1,64.5,0.8,9.0,498.2,518.3,518.2,40.6,463.3,573.9,47.4,24.0,4.03,-3.0,0,0
3561,Poschiavo,GR,GR_H2,2,2.9601050959108397,18.3,0.0,36.7,31.3,12.1,12.9,7.0,19.9,68.0,0.2,7.0,498.2,518.3,518.2,40.6,463.3,573.9,47.4,24.0,4.03,-3.0,0,0
3572,Falera,GR,GR_H3,3,3.380994674344636,28.4,0.0,34.6,39.3,9.2,12.9,4.1,17.0,73.9,0.0,0.0,472.3,494.1,497.2,39.3,436.7,540.7,54.8,24.0,4.62,-3.0,0,0
3575,Laax,GR,GR_H3,3,4.209160236650682,66.3,0.0,47.2,33.4,8.8,8.0,2.6,10.6,80.6,1.5,0.0,472.3,494.1,497.2,39.3,436.7,540.7,54.8,24.0,4.62,-3.0,0,0
3581,Sagogn,GR,GR_H3,3,4.719391330078114,111.1,0.0,34.9,35.8,7.6,16.6,5.2,21.8,70.69999999999999,1.5,0.0,472.3,494.1,497.2,39.3,436.7,540.7,54.8,24.0,4.62,-3.0,0,0
3582,Schluein,GR,GR_H3,3,4.864452783918174,128.6,0.0,40.1,33.6,12.8,11.5,2.0,13.5,73.7,1.5,0.0,472.3,494.1,497.2,39.3,436.7,540.7,54.8,24.0,4.62,-3.0,0,0
3603,Vals,GR,GR_H3,3,1.8718021769015913,5.5,0.0,45.6,31.4,8.6,8.8,5.6,14.4,77.0,1.5,0.0,472.3,494.1,497.2,39.3,436.7,540.7,54.8,24.0,4.62,-3.0,0,0
3618,Lumnezia,GR,GR_H3,3,2.6026896854443837,12.5,0.0,36.8,38.6,11.9,8.0,4.8,12.8,75.4,1.5,0.0,472.3,494.1,497.2,39.3,436.7,540.7,54.8,24.0,4.62,-3.0,0,0
3619,Ilanz/Glion,GR,GR_H3,3,3.6635616461296463,38.0,0.0,37.9,35.2,11.2,11.5,4.2,15.7,73.1,0.6,29.0,472.3,494.1,497.2,39.3,436.7,540.7,54.8,24.0,4.62,-3.0,0,0
3633,Fürstenau,GR,GR_H3,3,5.592478405097527,267.4,0.0,43.0,30.2,11.6,11.6,3.5,15.1,73.2,1.5,0.0,472.3,494.1,497.2,39.3,436.7,540.7,54.8,24.0,4.62,-3.0,0,0
3637,Rothenbrunnen,GR,GR_H3,3,4.592084946439436,97.7,0.0,35.9,32.8,10.7,11.5,9.2,20.7,68.69999999999999,0.0,0.0,472.3,494.1,497.2,39.3,436.7,540.7,54.8,24.0,4.62,-3.0,0,0
3638,Scharans,GR,GR_H3,3,4.085976312551584,58.5,0.0,37.0,31.8,9.2,14.7,7.3,22.0,68.8,0.7,6.0,472.3,494.1,497.2,39.3,436.7,540.7,54.8,24.0,4.62,-3.0,0,0
3640,Sils im Domleschg,GR,GR_H3,3,4.665324108807838,105.2,0.0,30.8,35.1,14.4,13.2,6.5,19.7,65.9,0.6,6.0,472.3,494.1,497.2,39.3,436.7,540.7,54.8,24.0,4.62,-3.0,0,0
3661,Cazis,GR,GR_H3,3,4.37197629882038,78.2,0.0,34.2,36.8,11.8,11.5,5.7,17.2,71.0,1.3,31.0,472.3,494.1,497.2,39.3,436.7,540.7,54.8,24.0,4.62,-3.0,0,0
3662,Flerden,GR,GR_H3,3,3.758871825933971,41.9,0.0,33.6,31.8,10.3,15.9,8.4,24.3,65.4,1.5,0.0,472.3,494.1,497.2,39.3,436.7,540.7,54.8,24.0,4.62,-3.0,0,0
3663,Masein,GR,GR_H3,3,4.847331743138063,126.4,0.0,23.9,35.4,16.3,14.8,9.6,24.4,59.3,1.5,0.0,472.3,494.1,497.2,39.3,436.7,540.7,54.8,24.0,4.62,-3.0,0,0
3668,Thusis,GR,GR_H3,3,5.328361487896413,205.1,0.0,42.4,31.9,11.1,9.8,4.8,14.600000000000001,74.3,3.5,122.0,472.3,494.1,497.2,39.3,436.7,540.7,54.8,24.0,4.62,-3.0,0,0
3669,Tschappina,GR,GR_H3,3,1.9315214116032138,5.9,0.0,27.0,42.9,14.3,11.1,4.8,15.899999999999999,69.9,0.0,0.0,472.3,494.1,497.2,39.3,436.7,540.7,54.8,24.0,4.62,-3.0,0,0
3670,Urmein,GR,GR_H3,3,3.655839600035736,37.7,0.0,33.3,43.6,10.3,9.0,3.8,12.8,76.9,0.0,0.0,472.3,494.1,497.2,39.3,436.7,540.7,54.8,24.0,4.62,-3.0,0,0
3672,Safiental,GR,GR_H3,3,2.0014800002101243,6.4,0.0,33.7,33.2,11.8,12.5,8.8,21.3,66.9,1.5,0.0,472.3,494.1,497.2,39.3,436.7,540.7,54.8,24.0,4.62,-3.0,0,0
3673,Domleschg,GR,GR_H3,3,3.9160150266976834,49.2,0.0,32.3,35.7,13.0,12.1,6.9,19.0,68.0,1.5,0.0,472.3,494.1,497.2,39.3,436.7,540.7,54.8,24.0,4.62,-3.0,0,0
3681,Avers,GR,GR_H3,3,1.0296194171811581,1.8,0.0,46.7,25.3,10.7,6.7,10.7,17.4,72.0,1.5,0.0,472.3,494.1,497.2,39.3,436.7,540.7,54.8,24.0,4.62,-3.0,0,0
3695,Sufers,GR,GR_H3,3,1.6486586255873816,4.2,0.0,32.3,32.3,12.9,14.5,8.1,22.6,64.6,1.5,0.0,472.3,494.1,497.2,39.3,436.7,540.7,54.8,24.0,4.62,-3.0,0,0
3701,Andeer,GR,GR_H3,3,3.039749158970765,19.9,0.0,42.0,31.9,8.9,12.2,5.0,17.2,73.9,0.9,8.0,472.3,494.1,497.2,39.3,436.7,540.7,54.8,24.0,4.62,-3.0,0,0
3711,Rongellen,GR,GR_H3,3,3.407841924380824,29.2,0.0,13.6,40.9,22.7,9.1,13.6,22.7,54.5,0.0,0.0,472.3,494.1,497.2,39.3,436.7,540.7,54.8,24.0,4.62,-3.0,0,0
3712,Zillis-Reischen,GR,GR_H3,3,2.91235066461494,17.4,0.0,40.3,32.8,10.9,10.9,5.0,15.9,73.1,0.0,0.0,472.3,494.1,497.2,39.3,436.7,540.7,54.8,24.0,4.62,-3.0,0,0
3713,Ferrera,GR,GR_H3,3,0.6931471805599453,1.0,0.0,45.9,27.0,10.8,10.8,5.4,16.200000000000003,72.9,0.0,0.0,472.3,494.1,497.2,39.3,436.7,540.7,54.8,24.0,4.62,-3.0,0,0
3714,Rheinwald,GR,GR_H3,3,1.6486586255873816,4.2,0.0,39.9,35.2,10.6,9.2,5.1,14.299999999999999,75.1,1.5,0.0,472.3,494.1,497.2,39.3,436.7,540.7,54.8,24.0,4.62,-3.0,0,0
3715,Muntogna da Schons,GR,GR_H3,3,2.066862759472976,6.9,0.0,34.6,34.6,11.9,10.1,8.8,18.9,69.2,1.5,0.0,472.3,494.1,497.2,39.3,436.7,540.7,54.8,24.0,4.62,-3.0,0,0
3721,Bonaduz,GR,GR_H2,2,5.515845179076611,247.6,0.0,34.1,33.2,11.5,16.1,5.1,21.200000000000003,67.30000000000001,0.8,28.0,498.2,518.3,518.2,40.6,463.3,573.9,47.4,24.0,4.03,-3.0,0,0
3722,Domat/Ems,GR,GR_H2,2,5.850764665004847,346.5,0.0,33.0,33.1,13.5,15.0,5.4,20.4,66.1,1.5,123.0,498.2,518.3,518.2,40.6,463.3,573.9,47.4,24.0,4.03,-3.0,0,0
3723,Rhäzüns,GR,GR_H2,2,4.800736969532067,120.6,0.0,30.8,33.5,12.6,16.7,6.4,23.1,64.3,0.6,10.0,498.2,518.3,518.2,40.6,463.3,573.9,47.4,24.0,4.03,-3.0,0,0
3731,Felsberg,GR,GR_H2,2,5.377128546972327,215.4,0.0,29.1,32.7,14.7,18.3,5.2,23.5,61.800000000000004,0.6,16.0,498.2,518.3,518.2,40.6,463.3,573.9,47.4,24.0,4.03,-3.0,0,0
3732,Flims,GR,GR_H2,2,4.069026754237811,57.5,0.0,43.2,35.1,9.7,9.8,2.2,12.0,78.30000000000001,0.4,11.0,498.2,518.3,518.2,40.6,463.3,573.9,47.4,24.0,4.03,-3.0,0,0
3733,Tamins,GR,GR_H2,2,3.4339872044851463,30.0,0.0,35.6,37.4,9.9,12.6,4.4,17.0,73.0,0.6,7.0,498.2,518.3,518.2,40.6,463.3,573.9,47.4,24.0,4.03,-3.0,0,0
3734,Trin,GR,GR_H2,2,3.5263605246161616,33.0,0.0,34.6,36.7,9.9,14.3,4.5,18.8,71.30000000000001,0.0,0.0,498.2,518.3,518.2,40.6,463.3,573.9,47.4,24.0,4.03,-3.0,0,0
3746,Zernez,GR,GR_H2,2,1.7227665977411035,4.6,0.0,39.7,34.6,10.3,11.9,3.4,15.3,74.30000000000001,1.5,0.0,498.2,518.3,518.2,40.6,463.3,573.9,47.4,24.0,4.03,-3.0,0,0
3752,Samnaun,GR,GR_H2,2,2.6602595372658615,13.3,0.0,45.2,26.5,14.2,12.0,2.1,14.1,71.7,0.0,0.0,498.2,518.3,518.2,40.6,463.3,573.9,47.4,24.0,4.03,-3.0,0,0
3762,Scuol,GR,GR_H2,2,2.4336133554004498,10.4,0.0,39.8,33.8,11.6,10.8,4.0,14.8,73.6,0.5,24.0,498.2,518.3,518.2,40.6,463.3,573.9,47.4,24.0,4.03,-3.0,0,0
3764,Valsot,GR,GR_H2,2,1.791759469228055,5.0,0.0,36.8,36.0,13.0,10.8,3.4,14.200000000000001,72.8,1.5,0.0,498.2,518.3,518.2,40.6,463.3,573.9,47.4,24.0,4.03,-3.0,0,0
3781,Bever,GR,GR_H2,2,2.6741486494265287,13.5,0.0,41.6,33.4,11.0,11.4,2.6,14.0,75.0,0.0,0.0,498.2,518.3,518.2,40.6,463.3,573.9,47.4,24.0,4.03,-3.0,0,0
3782,Celerina/Schlarigna,GR,GR_H2,2,4.092676505121403,58.9,0.0,43.9,33.9,10.5,9.2,2.5,11.7,77.8,1.5,0.0,498.2,518.3,518.2,40.6,463.3,573.9,47.4,24.0,4.03,-3.0,0,0
3783,Madulain,GR,GR_H2,2,2.5649493574615367,12.0,0.0,32.6,44.2,12.6,6.3,4.2,10.5,76.80000000000001,0.0,0.0,498.2,518.3,518.2,40.6,463.3,573.9,47.4,24.0,4.03,-3.0,0,0
3784,Pontresina,GR,GR_H2,2,2.917770732084279,17.5,0.0,43.8,31.8,12.4,9.0,3.0,12.0,75.6,1.5,0.0,498.2,518.3,518.2,40.6,463.3,573.9,47.4,24.0,4.03,-3.0,0,0
3785,La Punt Chamues-ch,GR,GR_H2,2,2.5572273113676265,11.9,0.0,43.8,31.2,12.4,8.9,3.8,12.7,75.0,1.5,0.0,498.2,518.3,518.2,40.6,463.3,573.9,47.4,24.0,4.03,-3.0,0,0
3786,Samedan,GR,GR_H2,2,3.2771447329921766,25.5,0.0,43.3,31.5,10.5,11.9,2.8,14.7,74.8,1.5,0.0,498.2,518.3,518.2,40.6,463.3,573.9,47.4,24.0,4.03,-3.0,0,0
3787,St. Moritz,GR,GR_H2,2,5.165928178502291,174.2,0.0,52.6,27.5,10.3,7.3,2.3,9.6,80.1,0.2,11.0,498.2,518.3,518.2,40.6,463.3,573.9,47.4,24.0,4.03,-3.0,0,0
3788,S-chanf,GR,GR_H2,2,1.824549292051046,5.2,0.0,44.6,29.9,11.0,10.5,4.0,14.5,74.5,1.5,0.0,498.2,518.3,518.2,40.6,463.3,573.9,47.4,24.0,4.03,-3.0,0,0
3789,Sils im Engadin/Segl,GR,GR_H2,2,2.4932054526026954,11.1,0.0,45.8,28.8,12.6,9.8,3.1,12.9,74.6,1.5,0.0,498.2,518.3,518.2,40.6,463.3,573.9,47.4,24.0,4.03,-3.0,0,0
3790,Silvaplana,GR,GR_H2,2,3.261935314328648,25.1,0.0,50.3,30.7,9.8,7.9,1.3,9.200000000000001,81.0,1.5,0.0,498.2,518.3,518.2,40.6,463.3,573.9,47.4,24.0,4.03,-3.0,0,0
3791,Zuoz,GR,GR_H2,2,2.975529566236472,18.6,0.0,41.5,35.1,10.0,10.9,2.5,13.4,76.6,0.0,0.0,498.2,518.3,518.2,40.6,463.3,573.9,47.4,24.0,4.03,-3.0,0,0
3792,Bregaglia,GR,GR_H2,2,1.9878743481543455,6.3,0.0,40.7,33.9,10.1,9.2,6.1,15.299999999999999,74.6,1.5,0.0,498.2,518.3,518.2,40.6,463.3,573.9,47.4,24.0,4.03,-3.0,0,0
3804,Buseno,GR,GR_H1,1,2.2192034840549946,8.2,0.0,52.0,28.0,8.0,10.0,2.0,12.0,80.0,0.0,0.0,533.7,552.8,546.6,43.3,499.8,609.6,66.8,24.0,3.58,-3.0,0,0
3805,Castaneda,GR,GR_H1,1,4.175924549214524,64.1,0.0,44.9,29.9,12.6,11.8,0.8,12.600000000000001,74.8,1.5,0.0,533.7,552.8,546.6,43.3,499.8,609.6,66.8,24.0,3.58,-3.0,0,0
3808,Rossa,GR,GR_H1,1,1.3609765531356006,2.9,0.0,48.4,37.9,5.3,6.3,2.1,8.4,86.3,0.0,0.0,533.7,552.8,546.6,43.3,499.8,609.6,66.8,24.0,3.58,-3.0,0,0
3810,Santa Maria in Calanca,GR,GR_H1,1,2.5726122302071057,12.1,0.0,52.9,35.3,8.8,1.5,1.5,3.0,88.19999999999999,1.5,0.0,533.7,552.8,546.6,43.3,499.8,609.6,66.8,24.0,3.58,-3.0,0,0
3821,Lostallo,GR,GR_H1,1,2.8903717578961645,17.0,0.0,32.7,35.8,14.7,14.7,2.0,16.7,68.5,1.5,0.0,533.7,552.8,546.6,43.3,499.8,609.6,66.8,24.0,3.58,-3.0,0,0
3822,Mesocco,GR,GR_H1,1,2.2617630984737906,8.6,0.0,41.6,30.5,11.7,11.7,4.5,16.2,72.1,0.8,11.0,533.7,552.8,546.6,43.3,499.8,609.6,66.8,24.0,3.58,-3.0,0,0
3823,Soazza,GR,GR_H1,1,2.0794415416798357,7.0,0.0,42.2,32.3,13.7,7.5,4.3,11.8,74.5,1.5,0.0,533.7,552.8,546.6,43.3,499.8,609.6,66.8,24.0,3.58,-3.0,0,0
3831,Cama,GR,GR_H1,1,3.8918202981106265,48.0,0.0,38.8,32.1,12.6,12.6,3.8,16.4,70.9,1.5,0.0,533.7,552.8,546.6,43.3,499.8,609.6,66.8,24.0,3.58,-3.0,0,0
3832,Grono,GR,GR_H1,1,3.775057150354989,42.6,0.0,38.9,31.5,16.1,8.8,4.6,13.4,70.4,1.5,0.0,533.7,552.8,546.6,43.3,499.8,609.6,66.8,24.0,3.58,-3.0,0,0
3834,Roveredo (GR),GR,GR_H1,1,4.241326752570746,68.5,0.0,36.8,32.0,13.5,13.0,4.8,17.8,68.8,1.3,35.0,533.7,552.8,546.6,43.3,499.8,609.6,66.8,24.0,3.58,-3.0,0,0
3835,San Vittore,GR,GR_H1,1,3.7977338590260183,43.6,0.0,38.1,30.4,17.1,11.5,2.9,14.4,68.5,1.5,0.0,533.7,552.8,546.6,43.3,499.8,609.6,66.8,24.0,3.58,-3.0,0,0
3837,Calanca,GR,GR_H1,1,1.8562979903656263,5.4,0.0,47.7,29.9,12.1,8.4,1.9,10.3,77.6,1.5,0.0,533.7,552.8,546.6,43.3,499.8,609.6,66.8,24.0,3.58,-3.0,0,0
3847,Val Müstair,GR,GR_H2,2,2.1041341542702074,7.2,0.0,41.0,36.8,10.2,7.5,4.5,12.0,77.8,0.8,12.0,498.2,518.3,518.2,40.6,463.3,573.9,47.4,24.0,4.03,-3.0,0,0
3851,Davos,GR,GR_H2,2,3.6609942506244004,37.9,0.0,45.6,30.3,10.9,9.9,3.4,13.3,75.9,1.0,109.0,498.2,518.3,518.2,40.6,463.3,573.9,47.4,24.0,4.03,-3.0,0,0
3861,Fideris,GR,GR_H2,2,3.246490991901174,24.7,0.0,32.1,36.5,10.3,13.7,7.4,21.1,68.6,1.5,0.0,498.2,518.3,518.2,40.6,463.3,573.9,47.4,24.0,4.03,-3.0,0,0
3862,Furna,GR,GR_H2,2,1.9600947840472698,6.1,0.0,20.5,42.3,15.4,6.4,15.4,21.8,62.8,0.0,0.0,498.2,518.3,518.2,40.6,463.3,573.9,47.4,24.0,4.03,-3.0,0,0
3863,Jenaz,GR,GR_H2,2,3.8264651170664994,44.9,0.0,33.3,40.9,11.3,9.9,4.6,14.5,74.19999999999999,1.0,12.0,498.2,518.3,518.2,40.6,463.3,573.9,47.4,24.0,4.03,-3.0,0,0
3871,Klosters,GR,GR_H2,2,3.0633909220278057,20.4,0.0,43.4,34.0,9.2,10.0,3.4,13.4,77.4,0.5,21.0,498.2,518.3,518.2,40.6,463.3,573.9,47.4,24.0,4.03,-3.0,0,0
3881,Conters im Prättigau,GR,GR_H2,2,2.580216829592325,12.2,0.0,30.0,45.0,8.0,11.0,6.0,17.0,75.0,0.0,0.0,498.2,518.3,518.2,40.6,463.3,573.9,47.4,24.0,4.03,-3.0,0,0
3882,Küblis,GR,GR_H2,2,4.725616339063959,111.8,0.0,40.6,34.9,11.3,7.7,5.4,13.100000000000001,75.5,1.5,0.0,498.2,518.3,518.2,40.6,463.3,573.9,47.4,24.0,4.03,-3.0,0,0
3891,Luzein,GR,GR_H2,2,3.0492730404820207,20.1,0.0,30.4,39.4,10.9,12.5,6.8,19.3,69.8,1.5,0.0,498.2,518.3,518.2,40.6,463.3,573.9,47.4,24.0,4.03,-3.0,0,0
3901,Chur,GR,GR_H1,1,5.907267388307226,366.7,0.0,40.05,35.3,10.8,10.899999999999999,3.0,13.899999999999999,75.35,2.3,908.0,533.7,552.8,546.6,43.3,499.8,609.6,66.8,24.0,3.58,-3.0,1,1
3911,Churwalden,GR,GR_H1,1,3.7977338590260183,43.6,0.0,39.2,35.2,12.0,9.2,4.4,13.6,74.4,1.7,37.0,533.7,552.8,546.6,43.3,499.8,609.6,66.8,24.0,3.58,-3.0,0,0
3921,Arosa,GR,GR_H1,1,3.0633909220278057,20.4,0.0,51.4,29.7,9.3,7.1,2.5,9.6,81.1,0.5,15.0,533.7,552.8,546.6,43.3,499.8,609.6,66.8,24.0,3.58,-3.0,0,0
3945,Trimmis,GR,GR_H2,2,4.393213824064446,79.9,0.0,31.3,37.1,12.2,15.3,4.1,19.4,68.4,0.4,13.0,498.2,518.3,518.2,40.6,463.3,573.9,47.4,24.0,4.03,-3.0,0,0
3946,Untervaz,GR,GR_H2,2,4.579852378003801,96.5,0.0,33.9,34.9,12.7,14.0,4.4,18.4,68.8,1.0,27.0,498.2,518.3,518.2,40.6,463.3,573.9,47.4,24.0,4.03,-3.0,0,0
3947,Zizers,GR,GR_H2,2,5.817706220974515,335.2,0.0,35.8,35.7,11.1,12.3,5.1,17.4,71.5,1.3,45.0,498.2,518.3,518.2,40.6,463.3,573.9,47.4,24.0,4.03,-3.0,0,0
3951,Fläsch,GR,GR_H2,2,3.8088822465086327,44.1,0.0,33.7,40.0,11.1,12.6,2.7,15.3,73.7,0.7,6.0,498.2,518.3,518.2,40.6,463.3,573.9,47.4,24.0,4.03,-3.0,0,0
3952,Jenins,GR,GR_H2,2,4.52720864451838,91.5,0.0,29.9,39.1,12.7,13.4,4.9,18.3,69.0,1.5,0.0,498.2,518.3,518.2,40.6,463.3,573.9,47.4,24.0,4.03,-3.0,0,0
3953,Maienfeld,GR,GR_H2,2,4.624972813284271,101.0,0.0,34.1,37.5,11.1,13.1,4.1,17.2,71.6,0.7,23.0,498.2,518.3,518.2,40.6,463.3,573.9,47.4,24.0,4.03,-3.0,0,0
3954,Malans,GR,GR_H2,2,5.406274508053129,221.8,0.0,28.8,38.4,11.3,15.9,5.6,21.5,67.2,0.5,13.0,498.2,518.3,518.2,40.6,463.3,573.9,47.4,24.0,4.03,-3.0,0,0
3955,Landquart,GR,GR_H2,2,6.196647773045199,490.1,0.0,34.1,35.1,11.5,13.8,5.5,19.3,69.2,2.3,211.0,498.2,518.3,518.2,40.6,463.3,573.9,47.4,24.0,4.03,-3.0,0,0
3961,Grüsch,GR,GR_H2,2,3.937690752176724,50.3,0.0,34.0,36.6,11.7,12.6,5.0,17.6,70.6,1.5,0.0,498.2,518.3,518.2,40.6,463.3,573.9,47.4,24.0,4.03,-3.0,0,0
3962,Schiers,GR,GR_H2,2,3.901972669574645,48.5,0.0,36.4,32.9,11.8,12.6,6.3,18.9,69.3,0.8,25.0,498.2,518.3,518.2,40.6,463.3,573.9,47.4,24.0,4.03,-3.0,0,0
3972,Seewis im Prättigau,GR,GR_H2,2,3.407841924380824,29.2,0.0,31.9,38.6,10.1,12.6,6.8,19.4,70.5,1.2,17.0,498.2,518.3,518.2,40.6,463.3,573.9,47.4,24.0,4.03,-3.0,0,0
3981,Breil/Brigels,GR,GR_H3,3,2.928523523860541,17.7,0.0,35.8,35.5,12.0,10.2,6.5,16.7,71.3,1.5,0.0,472.3,494.1,497.2,39.3,436.7,540.7,54.8,24.0,4.62,-3.0,0,0
3982,Disentis/Mustér,GR,GR_H3,3,3.1822118404966093,23.1,0.0,40.0,34.4,10.6,9.1,5.9,15.0,74.4,0.4,9.0,472.3,494.1,497.2,39.3,436.7,540.7,54.8,24.0,4.62,-3.0,0,0
3983,Medel (Lucmagn),GR,GR_H3,3,1.2237754316221157,2.4,0.0,34.2,41.4,11.2,9.9,3.3,13.2,75.6,1.5,0.0,472.3,494.1,497.2,39.3,436.7,540.7,54.8,24.0,4.62,-3.0,0,0
3985,Sumvitg,GR,GR_H3,3,2.4336133554004498,10.4,0.0,34.1,38.4,11.8,11.0,4.8,15.8,72.5,1.5,0.0,472.3,494.1,497.2,39.3,436.7,540.7,54.8,24.0,4.62,-3.0,0,0
3986,Tujetsch,GR,GR_H3,3,2.302585092994046,9.0,0.0,39.9,35.1,10.1,10.0,4.9,14.9,75.0,1.5,0.0,472.3,494.1,497.2,39.3,436.7,540.7,54.8,24.0,4.62,-3.0,0,0
3987,Trun,GR,GR_H3,3,3.1354942159291497,22.0,0.0,37.2,35.6,12.9,8.5,5.8,14.3,72.80000000000001,1.5,0.0,472.3,494.1,497.2,39.3,436.7,540.7,54.8,24.0,4.62,-3.0,0,0
3988,Obersaxen Mundaun,GR,GR_H3,3,2.8622008809294686,16.5,0.0,38.3,38.3,7.3,10.9,5.1,16.0,76.6,0.8,9.0,472.3,494.1,497.2,39.3,436.7,540.7,54.8,24.0,4.62,-3.0,0,0
5001,Arbedo-Castione,TI,TI_H1,1,5.489763831118992,241.2,0.0,39.2,30.1,14.4,12.4,3.9,16.3,69.30000000000001,2.7,136.0,681.1,720.9,718.4,41.6,679.3,772.0,51.4,21.0,5.84,-2.0,1,1
5002,Bellinzona,TI,TI_H1,1,5.623656430176916,275.9,0.0,40.6,29.4,14.1,11.6,4.3,15.899999999999999,70.0,3.9,1762.0,681.1,720.9,718.4,41.6,679.3,772.0,51.4,21.0,5.84,-2.0,1,1
5003,Cadenazzo,TI,TI_H1,1,5.926125705799642,373.7,0.0,36.2,28.9,16.8,12.3,5.8,18.1,65.1,3.0,94.0,681.1,720.9,718.4,41.6,679.3,772.0,51.4,21.0,5.84,-2.0,1,1
5009,Isone,TI,TI_H1,1,3.481240089335692,31.5,0.0,34.4,32.2,15.6,13.3,4.4,17.700000000000003,66.6,1.5,0.0,681.1,720.9,718.4,41.6,679.3,772.0,51.4,21.0,5.84,-2.0,1,1
5010,Lumino,TI,TI_H1,1,5.122176668829163,166.7,0.0,37.4,32.0,14.9,11.4,4.4,15.8,69.4,1.4,22.0,681.1,720.9,718.4,41.6,679.3,772.0,51.4,21.0,5.84,-2.0,1,1
5017,Sant'Antonino,TI,TI_H1,1,6.013226038889495,407.8,0.0,34.4,33.1,15.4,13.2,3.9,17.099999999999998,67.5,2.7,72.0,681.1,720.9,718.4,41.6,679.3,772.0,51.4,21.0,5.84,-2.0,1,1
5048,Acquarossa,TI,TI_H2,2,3.40452517175483,29.1,0.0,42.7,30.8,12.0,9.9,4.6,14.5,73.5,0.8,14.0,637.5,672.6,671.4,43.3,622.9,725.5,50.9,21.0,5.51,-2.0,1,1
5049,Blenio,TI,TI_H2,2,2.2617630984737906,8.6,0.0,41.8,32.2,12.8,9.3,3.9,13.200000000000001,74.0,1.7,29.0,637.5,672.6,671.4,43.3,622.9,725.5,50.9,21.0,5.51,-2.0,1,1
5050,Serravalle,TI,TI_H2,2,3.109060958860994,21.4,0.0,39.4,28.0,14.8,14.2,3.6,17.8,67.4,1.1,22.0,637.5,672.6,671.4,43.3,622.9,725.5,50.9,21.0,5.51,-2.0,1,1
5061,Airolo,TI,TI_H2,2,2.797281334830153,15.4,0.0,48.7,27.0,12.1,8.4,3.8,12.2,75.7,0.8,12.0,637.5,672.6,671.4,43.3,622.9,725.5,50.9,21.0,5.51,-2.0,1,1
5063,Bedretto,TI,TI_H2,2,0.8754687373538999,1.4,0.0,58.7,31.7,3.2,6.3,0.0,6.3,90.4,0.0,0.0,637.5,672.6,671.4,43.3,622.9,725.5,50.9,21.0,5.51,-2.0,0,0
5071,Dalpe,TI,TI_H2,2,2.617395832834079,12.7,0.0,42.1,37.9,8.4,7.4,4.2,11.600000000000001,80.0,0.0,0.0,637.5,672.6,671.4,43.3,622.9,725.5,50.9,21.0,5.51,-2.0,0,0
5072,Faido,TI,TI_H2,2,3.0633909220278057,20.4,0.0,43.4,32.4,11.8,9.1,3.3,12.399999999999999,75.8,1.6,44.0,637.5,672.6,671.4,43.3,622.9,725.5,50.9,21.0,5.51,-2.0,1,1
5073,Bodio,TI,TI_H2,2,4.560695695886262,94.65,0.0,42.55,30.35,12.75,9.350000000000001,5.0,14.350000000000001,72.9,3.55,62.0,637.5,672.6,671.4,43.3,622.9,725.5,50.9,21.0,5.51,-2.0,1,1
5076,Personico,TI,TI_H2,2,2.2192034840549946,8.2,0.0,37.2,33.1,13.8,12.4,3.4,15.8,70.30000000000001,1.5,0.0,637.5,672.6,671.4,43.3,622.9,725.5,50.9,21.0,5.51,-2.0,1,1
5077,Pollegio,TI,TI_H2,2,5.046002437933547,154.4,0.0,36.5,30.0,16.0,11.3,6.2,17.5,66.5,3.5,30.0,637.5,672.6,671.4,43.3,622.9,725.5,50.9,21.0,5.51,-2.0,1,1
5079,Prato (Leventina),TI,TI_H2,2,2.9096295745005794,17.35,0.0,44.7,28.65,11.3,11.15,4.25,15.4,73.35,1.5499999999999998,19.0,637.5,672.6,671.4,43.3,622.9,725.5,50.9,21.0,5.51,-2.0,1,1
5091,Ascona,TI,TI_H1,1,6.981191597055319,1075.2,1.0,49.5,30.2,10.6,7.4,2.3,9.7,79.7,1.8,98.0,681.1,720.9,718.4,41.6,679.3,772.0,51.4,21.0,5.84,-2.0,1,1
5096,Brione sopra Minusio,TI,TI_H2,2,4.745801315727837,114.1,0.0,42.1,37.3,13.6,4.8,2.2,7.0,79.4,1.5,6.0,637.5,672.6,671.4,43.3,622.9,725.5,50.9,21.0,5.51,-2.0,1,1
5097,Brissago,TI,TI_H1,1,4.516338972281476,90.5,0.0,48.7,35.3,7.6,6.3,2.1,8.4,84.0,0.9,15.0,681.1,720.9,718.4,41.6,679.3,772.0,51.4,21.0,5.84,-2.0,1,1
5108,Gordola,TI,TI_H2,2,6.545493328174621,695.1,0.0,35.6,33.8,14.5,12.3,3.8,16.1,69.4,1.5,74.0,637.5,672.6,671.4,43.3,622.9,725.5,50.9,21.0,5.51,-2.0,1,1
5112,Lavertezzo,TI,TI_H2,2,7.250564537059231,1407.9,1.0,36.2,28.6,14.9,14.1,6.3,20.4,64.80000000000001,5.3,65.0,637.5,672.6,671.4,43.3,622.9,725.5,50.9,21.0,5.51,-2.0,1,1
5113,Locarno,TI,TI_H1,1,6.764923629874595,865.9,0.0,47.9,29.2,11.6,8.6,2.8,11.399999999999999,77.1,4.3,709.0,681.1,720.9,718.4,41.6,679.3,772.0,51.4,21.0,5.84,-2.0,1,1
5115,Losone,TI,TI_H1,1,6.589613999045648,726.5,0.0,40.0,31.5,14.8,11.1,2.7,13.8,71.5,2.1,141.0,681.1,720.9,718.4,41.6,679.3,772.0,51.4,21.0,5.84,-2.0,1,1
5117,Mergoscia,TI,TI_H2,2,2.8622008809294686,16.5,0.0,36.1,40.2,14.4,5.2,4.1,9.3,76.30000000000001,1.5,0.0,637.5,672.6,671.4,43.3,622.9,725.5,50.9,21.0,5.51,-2.0,1,1
5118,Minusio,TI,TI_H1,1,7.131138801500954,1249.3,1.0,45.8,30.5,11.8,9.1,2.8,11.899999999999999,76.3,2.4,175.0,681.1,720.9,718.4,41.6,679.3,772.0,51.4,21.0,5.84,-2.0,1,1
5120,Muralto,TI,TI_H1,1,8.380296141315414,4359.3,1.0,57.2,26.2,9.1,5.9,1.7,7.6000000000000005,83.4,4.8,124.0,681.1,720.9,718.4,41.6,679.3,772.0,51.4,21.0,5.84,-2.0,1,1
5121,Orselina,TI,TI_H1,1,5.872399439949042,354.1,0.0,49.1,36.7,8.4,4.7,1.0,5.7,85.80000000000001,0.9,6.0,681.1,720.9,718.4,41.6,679.3,772.0,51.4,21.0,5.84,-2.0,1,1
5125,Ronco sopra Ascona,TI,TI_H1,1,4.65586330030361,104.2,0.0,46.7,38.1,8.2,5.8,1.0,6.8,84.80000000000001,1.4,7.0,681.1,720.9,718.4,41.6,679.3,772.0,51.4,21.0,5.84,-2.0,1,1
5131,Tenero-Contra,TI,TI_H1,1,6.822197390620491,917.0,0.0,41.2,30.7,12.4,11.6,4.1,15.7,71.9,3.7,126.0,681.1,720.9,718.4,41.6,679.3,772.0,51.4,21.0,5.84,-2.0,1,1
5136,Onsernone,TI,TI_H2,2,1.9878743481543455,6.3,0.0,50.4,33.4,7.6,6.2,2.3,8.5,83.8,1.6,11.0,637.5,672.6,671.4,43.3,622.9,725.5,50.9,21.0,5.51,-2.0,1,1
5138,Cugnasco-Gerra,TI,TI_H2,2,5.061961921261596,156.9,0.0,30.9,34.7,15.9,13.9,4.5,18.4,65.6,0.8,22.0,637.5,672.6,671.4,43.3,622.9,725.5,50.9,21.0,5.51,-2.0,1,1
5141,Agno,TI,TI_H1,1,7.512016599533641,1828.9,1.0,42.8,30.7,13.0,10.5,3.0,13.5,73.5,3.7,167.0,681.1,720.9,718.4,41.6,679.3,772.0,51.4,21.0,5.84,-2.0,1,1
5143,Aranno,TI,TI_H1,1,4.916324614625014,135.5,0.0,36.2,25.7,17.8,15.8,4.6,20.4,61.900000000000006,2.8,10.0,681.1,720.9,718.4,41.6,679.3,772.0,51.4,21.0,5.84,-2.0,1,1
5144,Arogno,TI,TI_H1,1,4.7140245909001735,110.5,0.0,42.2,30.2,13.8,8.6,5.2,13.8,72.4,1.1,11.0,681.1,720.9,718.4,41.6,679.3,772.0,51.4,21.0,5.84,-2.0,1,1
5148,Bedano,TI,TI_H1,1,6.695180679017161,807.5,0.0,29.8,27.8,19.7,18.9,3.7,22.599999999999998,57.6,1.4,21.0,681.1,720.9,718.4,41.6,679.3,772.0,51.4,21.0,5.84,-2.0,1,1
5151,Bioggio,TI,TI_H1,1,6.083815808172168,437.7,0.0,37.3,32.7,15.0,11.0,4.0,15.0,70.0,1.0,29.0,681.1,720.9,718.4,41.6,679.3,772.0,51.4,21.0,5.84,-2.0,1,1
5154,Bissone,TI,TI_H1,1,6.221980852751605,502.7,0.0,45.1,29.5,15.2,8.2,2.1,10.299999999999999,74.6,1.3,13.0,681.1,720.9,718.4,41.6,679.3,772.0,51.4,21.0,5.84,-2.0,1,1
5160,Brusino Arsizio,TI,TI_H1,1,4.7535901911063645,115.0,0.0,40.7,31.9,14.2,9.3,4.0,13.3,72.6,2.9,14.0,681.1,720.9,718.4,41.6,679.3,772.0,51.4,21.0,5.84,-2.0,1,1
5161,Cademario,TI,TI_H1,1,5.300814246746624,199.5,0.0,32.7,31.0,16.4,15.8,4.2,20.0,63.7,1.6,13.0,681.1,720.9,718.4,41.6,679.3,772.0,51.4,21.0,5.84,-2.0,1,1
5162,Cadempino,TI,TI_H1,1,7.643243300031608,2085.5,1.0,35.3,30.2,16.3,14.0,4.3,18.3,65.5,1.8,29.0,681.1,720.9,718.4,41.6,679.3,772.0,51.4,21.0,5.84,-2.0,1,1
5167,Canobbio,TI,TI_H1,1,7.538548217795107,1878.1,1.0,40.3,28.5,16.1,11.9,3.3,15.2,68.8,2.1,50.0,681.1,720.9,718.4,41.6,679.3,772.0,51.4,21.0,5.84,-2.0,1,1
5171,Caslano,TI,TI_H1,1,7.363976870754087,1577.1,1.0,41.5,29.2,13.4,11.3,4.6,15.9,70.7,2.7,117.0,681.1,720.9,718.4,41.6,679.3,772.0,51.4,21.0,5.84,-2.0,1,1
5176,Comano,TI,TI_H1,1,6.968097507988299,1061.2,1.0,32.4,30.6,15.6,15.3,6.2,21.5,63.0,0.5,12.0,681.1,720.9,718.4,41.6,679.3,772.0,51.4,21.0,5.84,-2.0,1,1
5180,Cureglia,TI,TI_H1,1,7.24429894162388,1399.1,1.0,34.7,31.4,16.6,13.4,3.8,17.2,66.1,0.6,9.0,681.1,720.9,718.4,41.6,679.3,772.0,51.4,21.0,5.84,-2.0,1,1
5186,Grancia,TI,TI_H1,1,6.644050115911805,767.2,0.0,35.5,27.6,20.2,10.3,6.4,16.700000000000003,63.1,2.4,11.0,681.1,720.9,718.4,41.6,679.3,772.0,51.4,21.0,5.84,-2.0,1,1
5187,Gravesano,TI,TI_H1,1,7.585788821732034,1969.0,1.0,34.2,29.0,18.9,13.8,4.1,17.9,63.2,0.9,12.0,681.1,720.9,718.4,41.6,679.3,772.0,51.4,21.0,5.84,-2.0,1,1
5189,Lamone,TI,TI_H1,1,6.851819646651834,944.6,0.0,41.0,28.6,15.7,10.5,4.2,14.7,69.6,3.3,58.0,681.1,720.9,718.4,41.6,679.3,772.0,51.4,21.0,5.84,-2.0,1,1
5192,Lugano,TI,TI_H1,1,6.733163768250093,838.8,0.0,46.4,27.9,12.7,9.6,3.4,13.0,74.3,3.6,2268.0,681.1,720.9,718.4,41.6,679.3,772.0,51.4,21.0,5.84,-2.0,1,1
5193,Magliaso,TI,TI_H1,1,7.296752194382994,1474.5,1.0,38.1,31.5,14.7,13.5,2.2,15.7,69.6,1.7,27.0,681.1,720.9,718.4,41.6,679.3,772.0,51.4,21.0,5.84,-2.0,1,1
5194,Manno,TI,TI_H1,1,6.363545211196563,579.3,0.0,32.3,31.4,17.2,15.1,4.0,19.1,63.699999999999996,1.4,18.0,681.1,720.9,718.4,41.6,679.3,772.0,51.4,21.0,5.84,-2.0,1,1
5196,Massagno,TI,TI_H1,1,9.125740630110032,9187.8,1.0,46.6,28.0,12.1,9.7,3.6,13.299999999999999,74.6,4.8,322.0,681.1,720.9,718.4,41.6,679.3,772.0,51.4,21.0,5.84,-2.0,1,1
5198,Melide,TI,TI_H1,1,6.9812845122702525,1075.3,1.0,43.1,31.2,13.9,9.1,2.7,11.8,74.3,1.1,20.0,681.1,720.9,718.4,41.6,679.3,772.0,51.4,21.0,5.84,-2.0,1,1
5199,Mezzovico-Vira,TI,TI_H1,1,4.8346933442663405,124.8,0.0,28.8,29.3,19.5,17.5,4.9,22.4,58.1,0.7,10.0,681.1,720.9,718.4,41.6,679.3,772.0,51.4,21.0,5.84,-2.0,1,1
5203,Morcote,TI,TI_H1,1,5.547518452181536,255.6,0.0,46.6,34.6,10.7,6.0,2.1,8.1,81.2,1.5,11.0,681.1,720.9,718.4,41.6,679.3,772.0,51.4,21.0,5.84,-2.0,1,1
5205,Muzzano,TI,TI_H1,1,6.25459774663835,519.4,0.0,35.5,35.8,12.1,12.6,4.0,16.6,71.3,1.5,0.0,681.1,720.9,718.4,41.6,679.3,772.0,51.4,21.0,5.84,-2.0,1,1
5206,Neggio,TI,TI_H1,1,5.912150740388256,368.5,0.0,42.4,27.2,14.6,10.6,5.3,15.899999999999999,69.6,1.5,0.0,681.1,720.9,718.4,41.6,679.3,772.0,51.4,21.0,5.84,-2.0,1,1
5208,Origlio,TI,TI_H1,1,6.599462252626232,733.7,0.0,29.2,30.1,16.4,16.4,7.9,24.299999999999997,59.3,0.5,7.0,681.1,720.9,718.4,41.6,679.3,772.0,51.4,21.0,5.84,-2.0,1,1
5210,Paradiso,TI,TI_H1,1,8.604067892399462,5452.8,1.0,52.8,25.5,11.7,7.1,2.8,9.899999999999999,78.3,3.6,174.0,681.1,720.9,718.4,41.6,679.3,772.0,51.4,21.0,5.84,-2.0,1,1
5212,Ponte Capriasca,TI,TI_H1,1,5.762994334288047,317.3,0.0,32.3,29.7,15.3,16.5,6.2,22.7,62.0,1.9,37.0,681.1,720.9,718.4,41.6,679.3,772.0,51.4,21.0,5.84,-2.0,1,1
5214,Porza,TI,TI_H1,1,7.004518947414445,1100.6,1.0,38.9,31.0,15.6,11.5,2.9,14.4,69.9,1.4,24.0,681.1,720.9,718.4,41.6,679.3,772.0,51.4,21.0,5.84,-2.0,1,1
5216,Pura,TI,TI_H1,1,6.101887228358073,445.7,0.0,36.0,30.9,16.4,11.9,4.7,16.6,66.9,1.7,22.0,681.1,720.9,718.4,41.6,679.3,772.0,51.4,21.0,5.84,-2.0,1,1
5221,Savosa,TI,TI_H1,1,8.031612873006285,3075.7,1.0,39.6,29.8,13.5,11.9,5.2,17.1,69.4,2.6,59.0,681.1,720.9,718.4,41.6,679.3,772.0,51.4,21.0,5.84,-2.0,1,1
5225,Sorengo,TI,TI_H1,1,7.851349845383638,2568.2,1.0,44.1,25.2,12.7,13.9,4.1,18.0,69.3,1.2,25.0,681.1,720.9,718.4,41.6,679.3,772.0,51.4,21.0,5.84,-2.0,1,1
5226,Capriasca,TI,TI_H1,1,5.2235938203521,184.6,0.0,36.1,30.4,15.5,12.6,5.4,18.0,66.5,1.6,106.0,681.1,720.9,718.4,41.6,679.3,772.0,51.4,21.0,5.84,-2.0,1,1
5227,Torricella-Taverne,TI,TI_H1,1,6.3784261836515865,588.0,0.0,30.3,33.2,17.4,13.4,5.7,19.1,63.5,2.4,73.0,681.1,720.9,718.4,41.6,679.3,772.0,51.4,21.0,5.84,-2.0,1,1
5230,Vernate,TI,TI_H1,1,6.008813185442595,406.0,0.0,41.4,30.0,13.8,12.1,2.7,14.8,71.4,1.0,6.0,681.1,720.9,718.4,41.6,679.3,772.0,51.4,21.0,5.84,-2.0,1,1
5231,Vezia,TI,TI_H1,1,7.251061255181915,1408.6,1.0,39.2,27.0,13.7,14.7,5.3,20.0,66.2,2.5,51.0,681.1,720.9,718.4,41.6,679.3,772.0,51.4,21.0,5.84,-2.0,1,1
5233,Vico Morcote,TI,TI_H1,1,5.338018733399589,207.1,0.0,43.5,30.5,12.0,10.5,3.5,14.0,74.0,1.5,0.0,681.1,720.9,718.4,41.6,679.3,772.0,51.4,21.0,5.84,-2.0,1,1
5236,Collina d'Oro,TI,TI_H1,1,6.683986532274009,798.5,0.0,33.5,31.9,16.5,12.5,5.6,18.1,65.4,0.7,32.0,681.1,720.9,718.4,41.6,679.3,772.0,51.4,21.0,5.84,-2.0,1,1
5237,Alto Malcantone,TI,TI_H1,1,4.1588830833596715,63.0,0.0,38.0,33.0,15.0,10.0,4.0,14.0,71.0,1.9,26.0,681.1,720.9,718.4,41.6,679.3,772.0,51.4,21.0,5.84,-2.0,1,1
5238,Monteceneri,TI,TI_H1,1,4.883559211528279,131.1,0.0,35.6,31.0,15.2,13.5,4.7,18.2,66.6,2.0,93.0,681.1,720.9,718.4,41.6,679.3,772.0,51.4,21.0,5.84,-2.0,1,1
5239,Tresa,TI,TI_H1,1,5.649678215663,283.2,0.0,45.0,31.3,11.9,8.1,3.8,11.899999999999999,76.3,3.0,93.0,681.1,720.9,718.4,41.6,679.3,772.0,51.4,21.0,5.84,-2.0,1,1
5240,Val Mara,TI,TI_H1,1,5.599532453282402,269.3,0.0,39.8,30.9,13.9,11.9,3.5,15.4,70.69999999999999,2.1,62.0,681.1,720.9,718.4,41.6,679.3,772.0,51.4,21.0,5.84,-2.0,1,1
5242,Balerna,TI,TI_H1,1,7.191052753116094,1326.5,1.0,47.4,26.7,14.0,8.7,3.1,11.799999999999999,74.1,4.1,136.0,681.1,720.9,718.4,41.6,679.3,772.0,51.4,21.0,5.84,-2.0,1,1
5249,Castel San Pietro,TI,TI_H1,1,5.2574953720277815,191.0,0.0,34.2,32.0,15.5,13.4,4.8,18.2,66.2,1.3,30.0,681.1,720.9,718.4,41.6,679.3,772.0,51.4,21.0,5.84,-2.0,1,1
5250,Chiasso,TI,TI_H1,1,7.254743457331325,1413.8,1.0,54.0,26.1,10.4,6.4,3.1,9.5,80.1,8.1,615.0,681.1,720.9,718.4,41.6,679.3,772.0,51.4,21.0,5.84,-2.0,1,1
5251,Coldrerio,TI,TI_H1,1,7.050122520269059,1152.0,1.0,37.7,33.7,15.0,10.8,2.8,13.600000000000001,71.4,2.1,61.0,681.1,720.9,718.4,41.6,679.3,772.0,51.4,21.0,5.84,-2.0,1,1
5254,Mendrisio,TI,TI_H1,1,6.164997597868857,474.8,0.0,43.6,29.5,13.5,10.2,3.2,13.399999999999999,73.1,3.3,501.0,681.1,720.9,718.4,41.6,679.3,772.0,51.4,21.0,5.84,-2.0,1,1
5257,Morbio Inferiore,TI,TI_H1,1,7.577224332187505,1952.2,1.0,37.8,31.4,14.4,11.9,4.5,16.4,69.19999999999999,3.9,173.0,681.1,720.9,718.4,41.6,679.3,772.0,51.4,21.0,5.84,-2.0,1,1
5260,Novazzano,TI,TI_H1,1,6.105685691198005,447.4,0.0,35.7,32.6,16.2,12.3,3.2,15.5,68.30000000000001,2.5,58.0,681.1,720.9,718.4,41.6,679.3,772.0,51.4,21.0,5.84,-2.0,1,1
5263,Riva San Vitale,TI,TI_H1,1,6.101439400316553,445.5,0.0,37.5,32.0,15.1,11.1,4.3,15.399999999999999,69.5,2.0,52.0,681.1,720.9,718.4,41.6,679.3,772.0,51.4,21.0,5.84,-2.0,1,1
5266,Stabio,TI,TI_H1,1,6.601637644374671,735.3,0.0,34.0,30.4,17.3,14.7,3.6,18.3,64.4,2.8,127.0,681.1,720.9,718.4,41.6,679.3,772.0,51.4,21.0,5.84,-2.0,1,1
5268,Vacallo,TI,TI_H1,1,7.663736403713449,2128.7,1.0,38.8,30.9,15.7,11.0,3.5,14.5,69.69999999999999,2.9,102.0,681.1,720.9,718.4,41.6,679.3,772.0,51.4,21.0,5.84,-2.0,1,1
5269,Breggia,TI,TI_H1,1,4.318820558770089,74.1,0.0,36.1,34.1,14.4,12.3,3.1,15.4,70.2,0.5,10.0,681.1,720.9,718.4,41.6,679.3,772.0,51.4,21.0,5.84,-2.0,1,1
5281,Biasca,TI,TI_H2,2,4.662495252607361,104.9,0.0,38.2,29.4,14.3,12.9,5.2,18.1,67.6,3.6,224.0,637.5,672.6,671.4,43.3,622.9,725.5,50.9,21.0,5.51,-2.0,1,1
5287,Riviera,TI,TI_H2,2,3.9180050771056933,49.3,0.0,35.6,29.3,15.6,14.4,5.1,19.5,64.9,1.9,82.0,637.5,672.6,671.4,43.3,622.9,725.5,50.9,21.0,5.51,-2.0,1,1
5304,Bosco/Gurin,TI,TI_H2,2,1.1314021114911006,2.1,0.0,60.7,25.0,3.6,7.1,3.6,10.7,85.7,0.0,0.0,637.5,672.6,671.4,43.3,622.9,725.5,50.9,21.0,5.51,-2.0,0,0
5307,Campo (Vallemaggia),TI,TI_H2,2,0.7419373447293773,1.1,0.0,64.5,22.6,9.7,0.0,3.2,3.2,87.1,0.0,0.0,637.5,672.6,671.4,43.3,622.9,725.5,50.9,21.0,5.51,-2.0,0,0
5309,Cerentino,TI,TI_H2,2,1.0296194171811581,1.8,0.0,72.0,24.0,0.0,0.0,4.0,4.0,96.0,0.0,0.0,637.5,672.6,671.4,43.3,622.9,725.5,50.9,21.0,5.51,-2.0,0,0
5310,Cevio,TI,TI_H2,2,2.1162555148025524,7.3,0.0,46.1,28.0,11.2,11.0,3.8,14.8,74.1,1.7,19.0,637.5,672.6,671.4,43.3,622.9,725.5,50.9,21.0,5.51,-2.0,1,1
5315,Linescio,TI,TI_H2,2,1.9740810260220096,6.2,0.0,61.5,26.9,7.7,3.8,0.0,3.8,88.4,1.5,0.0,637.5,672.6,671.4,43.3,622.9,725.5,50.9,21.0,5.51,-2.0,1,1
5317,Maggia,TI,TI_H2,2,3.2228678461377385,24.1,0.0,37.5,32.0,14.9,11.3,4.2,15.5,69.5,1.1,30.0,637.5,672.6,671.4,43.3,622.9,725.5,50.9,21.0,5.51,-2.0,1,1
5323,Lavizzara,TI,TI_H2,2,1.308332819650179,2.7,0.0,36.7,35.7,8.1,11.8,7.7,19.5,72.4,1.5,0.0,637.5,672.6,671.4,43.3,622.9,725.5,50.9,21.0,5.51,-2.0,1,1
5324,Avegno Gordevio,TI,TI_H2,2,4.044804116661965,56.1,0.0,31.9,29.3,17.3,15.9,5.6,21.5,61.2,1.2,18.0,637.5,672.6,671.4,43.3,622.9,725.5,50.9,21.0,5.51,-2.0,1,1
5395,Astano,TI,TI_H1,1,5.070914758313443,158.32,0.0,38.54,31.159999999999997,15.080000000000002,10.32,4.9399999999999995,15.26,69.69999999999999,2.26,59.0,681.1,720.9,718.4,41.6,679.3,772.0,51.4,21.0,5.84,-2.0,1,1
5396,Terre di Pedemonte,TI,TI_H2,2,5.449750070308246,231.7,0.0,31.4,36.6,13.7,14.7,3.6,18.3,68.0,0.9,24.0,637.5,672.6,671.4,43.3,622.9,725.5,50.9,21.0,5.51,-2.0,1,1
5397,Centovalli,TI,TI_H2,2,3.044522437723423,20.0,0.0,44.9,34.7,9.7,7.6,3.1,10.7,79.6,1.0,11.0,637.5,672.6,671.4,43.3,622.9,725.5,50.9,21.0,5.51,-2.0,1,1
5398,Gambarogno,TI,TI_H1,1,4.584967478670572,97.0,0.0,41.2,30.7,13.8,10.1,4.3,14.399999999999999,71.9,1.5,78.0,681.1,720.9,718.4,41.6,679.3,772.0,51.4,21.0,5.84,-2.0,1,1
5399,Verzasca,TI,TI_H2,2,1.5260563034950492,3.6,0.0,49.5,30.0,9.4,7.2,4.0,11.2,79.5,1.5,0.0,637.5,672.6,671.4,43.3,622.9,725.5,50.9,21.0,5.51,-2.0,1,1
5401,Aigle,VD,VD_H2,2,6.575215300888529,716.1,0.0,40.0,28.0,13.7,11.3,7.0,18.3,68.0,8.4,959.0,622.5,636.9,630.0,35.4,592.9,671.0,49.2,21.0,2.31,-2.0,1,1
5402,Bex,VD,VD_H2,2,4.528289141652134,91.6,0.0,40.6,28.5,12.3,11.7,6.9,18.6,69.1,11.3,971.0,622.5,636.9,630.0,35.4,592.9,671.0,49.2,21.0,2.31,-2.0,1,1
5403,Chessel,VD,VD_H2,2,5.003946305945459,148.0,0.0,37.2,31.2,14.1,10.7,6.8,17.5,68.4,4.9,25.0,622.5,636.9,630.0,35.4,592.9,671.0,49.2,21.0,2.31,-2.0,1,1
5404,Corbeyrier,VD,VD_H2,2,3.068052935133617,20.5,0.0,40.3,37.5,9.7,9.3,3.2,12.5,77.8,1.4,6.0,622.5,636.9,630.0,35.4,592.9,671.0,49.2,21.0,2.31,-2.0,1,1
5405,Gryon,VD,VD_H2,2,4.613138355637268,99.8,0.0,39.3,31.5,12.8,11.6,4.7,16.3,70.8,2.6,39.0,622.5,636.9,630.0,35.4,592.9,671.0,49.2,21.0,2.31,-2.0,1,1
5406,Lavey-Morcles,VD,VD_H2,2,4.283586561860629,71.5,0.0,37.3,31.7,14.4,9.5,7.1,16.6,69.0,6.9,71.0,622.5,636.9,630.0,35.4,592.9,671.0,49.2,21.0,2.31,-2.0,1,1
5407,Leysin,VD,VD_H2,2,5.288267030694535,197.0,0.0,47.3,28.3,10.6,10.5,3.3,13.8,75.6,3.4,127.0,622.5,636.9,630.0,35.4,592.9,671.0,49.2,21.0,2.31,-2.0,1,1
5408,Noville,VD,VD_H2,2,4.772378104971998,117.2,0.0,27.5,31.6,16.8,16.8,7.2,24.0,59.1,2.2,26.0,622.5,636.9,630.0,35.4,592.9,671.0,49.2,21.0,2.31,-2.0,1,1
5409,Ollon,VD,VD_H2,2,4.9344739331306915,138.0,0.0,36.8,31.2,13.9,12.9,5.2,18.1,68.0,1.6,133.0,622.5,636.9,630.0,35.4,592.9,671.0,49.2,21.0,2.31,-2.0,1,1
5410,Ormont-Dessous,VD,VD_H2,2,3.0155349008501706,19.4,0.0,44.4,31.8,9.4,9.9,4.5,14.4,76.2,3.7,45.0,622.5,636.9,630.0,35.4,592.9,671.0,49.2,21.0,2.31,-2.0,1,1
5411,Ormont-Dessus,VD,VD_H2,2,3.190476350346503,23.3,0.0,46.6,32.0,9.4,9.0,2.9,11.9,78.6,0.6,8.0,622.5,636.9,630.0,35.4,592.9,671.0,49.2,21.0,2.31,-2.0,1,1
5412,Rennaz,VD,VD_H2,2,6.073735539540777,433.3,0.0,36.3,31.4,12.8,13.1,6.4,19.5,67.69999999999999,9.3,87.0,622.5,636.9,630.0,35.4,592.9,671.0,49.2,21.0,2.31,-2.0,1,1
5413,Roche (VD),VD,VD_H2,2,5.736894826106403,309.1,0.0,32.7,28.5,16.0,15.9,7.0,22.9,61.2,6.9,134.0,622.5,636.9,630.0,35.4,592.9,671.0,49.2,21.0,2.31,-2.0,1,1
5414,Villeneuve (VD),VD,VD_H2,2,5.245970886175828,188.8,0.0,37.6,28.2,14.7,12.4,7.0,19.4,65.8,8.1,492.0,622.5,636.9,630.0,35.4,592.9,671.0,49.2,21.0,2.31,-2.0,1,1
5415,Yvorne,VD,VD_H2,2,4.520701029361642,90.9,0.0,33.3,34.1,14.7,13.5,4.4,17.9,67.4,3.4,38.0,622.5,636.9,630.0,35.4,592.9,671.0,49.2,21.0,2.31,-2.0,1,1
5422,Aubonne,VD,VD_H1,1,5.59879226079857,269.1,0.0,31.9,31.0,16.6,14.7,5.9,20.6,62.9,1.6,61.0,662.3,678.1,677.6,38.8,629.3,726.5,49.3,21.0,2.39,-2.0,1,1
5423,Ballens,VD,VD_H1,1,4.241326752570746,68.5,0.0,24.3,34.9,16.6,20.0,4.3,24.3,59.2,1.7,10.0,662.3,678.1,677.6,38.8,629.3,726.5,49.3,21.0,2.39,-2.0,1,1
5424,Berolle,VD,VD_H1,1,3.481240089335692,31.5,0.0,24.1,21.4,25.9,22.3,6.2,28.5,45.5,3.1,10.0,662.3,678.1,677.6,38.8,629.3,726.5,49.3,21.0,2.39,-2.0,1,1
5425,Bière,VD,VD_H1,1,4.213607983048918,66.6,0.0,36.7,28.3,17.1,14.0,4.0,18.0,65.0,4.4,76.0,662.3,678.1,677.6,38.8,629.3,726.5,49.3,21.0,2.39,-2.0,1,1
5426,Bougy-Villars,VD,VD_H1,1,5.674696893761104,290.4,0.0,18.0,44.4,16.6,14.6,6.3,20.9,62.4,1.4,7.0,662.3,678.1,677.6,38.8,629.3,726.5,49.3,21.0,2.39,-2.0,1,1
5427,Féchy,VD,VD_H1,1,5.837438859468874,341.9,0.0,27.4,29.4,18.9,16.9,7.3,24.2,56.8,0.7,6.0,662.3,678.1,677.6,38.8,629.3,726.5,49.3,21.0,2.39,-2.0,1,1
5428,Gimel,VD,VD_H1,1,4.875960390769654,130.1,0.0,34.1,28.4,15.1,15.2,7.2,22.4,62.5,2.1,53.0,662.3,678.1,677.6,38.8,629.3,726.5,49.3,21.0,2.39,-2.0,1,1
5429,Longirod,VD,VD_H1,1,4.091005660956586,58.8,0.0,28.3,29.7,15.5,20.5,5.9,26.4,58.0,1.2,6.0,662.3,678.1,677.6,38.8,629.3,726.5,49.3,21.0,2.39,-2.0,1,1
5430,Marchissy,VD,VD_H1,1,3.770459441106359,42.4,0.0,30.4,32.7,12.1,20.6,4.2,24.8,63.1,1.5,0.0,662.3,678.1,677.6,38.8,629.3,726.5,49.3,21.0,2.39,-2.0,1,1
5431,Mollens (VD),VD,VD_H1,1,3.417726683613366,29.5,0.0,27.3,34.1,19.7,9.8,9.1,18.9,61.400000000000006,1.5,0.0,662.3,678.1,677.6,38.8,629.3,726.5,49.3,21.0,2.39,-2.0,1,1
5434,Saint-George,VD,VD_H1,1,4.485259889315534,87.7,0.0,29.3,33.7,16.7,15.0,5.2,20.2,63.0,0.7,7.0,662.3,678.1,677.6,38.8,629.3,726.5,49.3,21.0,2.39,-2.0,1,1
5435,Saint-Livres,VD,VD_H1,1,4.489759334476764,88.1,0.0,30.3,33.6,17.6,13.7,4.9,18.6,63.900000000000006,0.9,6.0,662.3,678.1,677.6,38.8,629.3,726.5,49.3,21.0,2.39,-2.0,1,1
5436,Saint-Oyens,VD,VD_H1,1,5.012633296758929,149.3,0.0,17.8,35.1,17.8,25.9,3.4,29.299999999999997,52.900000000000006,1.5,0.0,662.3,678.1,677.6,38.8,629.3,726.5,49.3,21.0,2.39,-2.0,1,1
5437,Saubraz,VD,VD_H1,1,4.799914262780603,120.5,0.0,25.6,23.2,20.1,20.7,10.4,31.1,48.8,0.0,0.0,662.3,678.1,677.6,38.8,629.3,726.5,49.3,21.0,2.39,-2.0,0,0
5451,Avenches,VD,VD_H2,2,5.527045296156147,250.4,0.0,36.8,30.6,14.4,11.3,6.9,18.200000000000003,67.4,6.4,309.0,622.5,636.9,630.0,35.4,592.9,671.0,49.2,21.0,2.31,-2.0,1,1
5456,Cudrefin,VD,VD_H2,2,4.789157022101107,119.2,0.0,30.8,35.0,15.8,13.9,4.5,18.4,65.8,1.0,19.0,622.5,636.9,630.0,35.4,592.9,671.0,49.2,21.0,2.31,-2.0,1,1
5458,Faoug,VD,VD_H2,2,5.5506312951620265,256.4,0.0,36.6,36.1,9.7,11.4,6.3,17.7,72.7,0.8,7.0,622.5,636.9,630.0,35.4,592.9,671.0,49.2,21.0,2.31,-2.0,1,1
5464,Vully-les-Lacs,VD,VD_H2,2,5.152134856369956,171.8,0.0,33.3,35.2,14.2,12.5,4.8,17.3,68.5,2.7,98.0,622.5,636.9,630.0,35.4,592.9,671.0,49.2,21.0,2.31,-2.0,1,1
5471,Bettens,VD,VD_H2,2,5.157329673247059,172.7,0.0,27.8,35.5,14.7,17.9,4.0,21.9,63.3,3.9,25.0,622.5,636.9,630.0,35.4,592.9,671.0,49.2,21.0,2.31,-2.0,1,1
5472,Bournens,VD,VD_H2,2,4.918520005188451,135.8,0.0,26.5,29.8,19.5,19.1,5.1,24.200000000000003,56.3,2.0,11.0,622.5,636.9,630.0,35.4,592.9,671.0,49.2,21.0,2.31,-2.0,1,1
5473,Boussens,VD,VD_H2,2,5.766444235780912,318.4,0.0,19.1,32.9,21.1,21.4,5.5,26.9,52.0,1.4,15.0,622.5,636.9,630.0,35.4,592.9,671.0,49.2,21.0,2.31,-2.0,1,1
5474,La Chaux (Cossonay),VD,VD_H2,2,4.175924549214524,64.1,0.0,29.3,28.7,19.5,12.1,10.3,22.4,58.0,1.5,0.0,622.5,636.9,630.0,35.4,592.9,671.0,49.2,21.0,2.31,-2.0,1,1
5475,Chavannes-le-Veyron,VD,VD_H2,2,4.120661870539474,60.6,0.0,20.7,39.7,8.6,19.0,12.1,31.1,60.400000000000006,1.5,0.0,622.5,636.9,630.0,35.4,592.9,671.0,49.2,21.0,2.31,-2.0,1,1
5476,Chevilly,VD,VD_H2,2,4.498697941477575,88.9,0.0,29.2,29.2,18.7,19.4,3.5,22.9,58.4,1.5,0.0,622.5,636.9,630.0,35.4,592.9,671.0,49.2,21.0,2.31,-2.0,1,1
5477,Cossonay,VD,VD_H2,2,6.3833377016966795,590.9,0.0,36.2,30.9,14.4,14.1,4.3,18.4,67.1,3.3,155.0,622.5,636.9,630.0,35.4,592.9,671.0,49.2,21.0,2.31,-2.0,1,1
5479,Cuarnens,VD,VD_H2,2,4.378269585796169,78.7,0.0,26.9,35.2,12.8,18.1,7.0,25.1,62.1,3.1,17.0,622.5,636.9,630.0,35.4,592.9,671.0,49.2,21.0,2.31,-2.0,1,1
5480,Daillens,VD,VD_H2,2,5.296816240421769,198.7,0.0,24.5,33.6,18.4,18.8,4.8,23.6,58.1,0.8,8.0,622.5,636.9,630.0,35.4,592.9,671.0,49.2,21.0,2.31,-2.0,1,1
5481,Dizy,VD,VD_H2,2,4.373238128640803,78.3,0.0,22.8,30.4,19.6,19.6,7.6,27.200000000000003,53.2,1.5,0.0,622.5,636.9,630.0,35.4,592.9,671.0,49.2,21.0,2.31,-2.0,1,1
5482,Eclépens,VD,VD_H2,2,5.345200952446887,208.6,0.0,29.6,31.3,17.5,16.1,5.6,21.700000000000003,60.900000000000006,1.7,20.0,622.5,636.9,630.0,35.4,592.9,671.0,49.2,21.0,2.31,-2.0,1,1
5483,Ferreyres,VD,VD_H2,2,4.593097604753822,97.8,0.0,20.5,42.5,18.1,11.8,7.1,18.9,63.0,1.5,0.0,622.5,636.9,630.0,35.4,592.9,671.0,49.2,21.0,2.31,-2.0,1,1
5484,Gollion,VD,VD_H2,2,5.281171207713066,195.6,0.0,33.6,31.9,15.7,13.8,4.9,18.700000000000003,65.5,0.6,6.0,622.5,636.9,630.0,35.4,592.9,671.0,49.2,21.0,2.31,-2.0,1,1
5485,Grancy,VD,VD_H2,2,4.563305981889393,94.9,0.0,29.2,26.3,17.7,15.3,11.5,26.8,55.5,2.3,13.0,622.5,636.9,630.0,35.4,592.9,671.0,49.2,21.0,2.31,-2.0,1,1
5486,L'Isle,VD,VD_H2,2,4.225372824628505,67.4,0.0,35.2,30.8,14.5,13.3,6.2,19.5,66.0,2.8,31.0,622.5,636.9,630.0,35.4,592.9,671.0,49.2,21.0,2.31,-2.0,1,1
5487,Lussery-Villars,VD,VD_H2,2,4.841822087327094,125.7,0.0,33.5,34.9,15.8,12.1,3.7,15.8,68.4,1.5,0.0,622.5,636.9,630.0,35.4,592.9,671.0,49.2,21.0,2.31,-2.0,1,1
5488,Mauraz,VD,VD_H2,2,4.90527477843843,134.0,0.0,16.7,29.2,20.8,25.0,8.3,33.3,45.9,0.0,0.0,622.5,636.9,630.0,35.4,592.9,671.0,49.2,21.0,2.31,-2.0,0,0
5489,Mex (VD),VD,VD_H2,2,5.65669086712235,285.2,0.0,27.2,37.9,16.8,13.6,4.6,18.2,65.1,1.7,14.0,622.5,636.9,630.0,35.4,592.9,671.0,49.2,21.0,2.31,-2.0,1,1
5490,Moiry,VD,VD_H2,2,3.828641396489095,45.0,0.0,25.8,40.3,15.3,8.9,9.7,18.6,66.1,2.5,7.0,622.5,636.9,630.0,35.4,592.9,671.0,49.2,21.0,2.31,-2.0,1,1
5491,Mont-la-Ville,VD,VD_H2,2,3.261935314328648,25.1,0.0,25.0,35.5,14.5,18.5,6.5,25.0,60.5,1.5,0.0,622.5,636.9,630.0,35.4,592.9,671.0,49.2,21.0,2.31,-2.0,1,1
5492,Montricher,VD,VD_H2,2,3.616308761279101,36.2,0.0,33.2,32.9,18.4,11.1,4.5,15.6,66.1,1.3,13.0,622.5,636.9,630.0,35.4,592.9,671.0,49.2,21.0,2.31,-2.0,1,1
5493,Orny,VD,VD_H2,2,4.505349850705881,89.5,0.0,26.7,31.3,18.5,17.4,6.2,23.599999999999998,58.0,1.3,6.0,622.5,636.9,630.0,35.4,592.9,671.0,49.2,21.0,2.31,-2.0,1,1
5495,Penthalaz,VD,VD_H2,2,6.709182381602132,818.9,0.0,34.1,32.6,14.5,14.4,4.4,18.8,66.7,3.5,111.0,622.5,636.9,630.0,35.4,592.9,671.0,49.2,21.0,2.31,-2.0,1,1
5496,Penthaz,VD,VD_H2,2,6.229496710915942,506.5,0.0,27.2,29.5,16.4,22.0,4.9,26.9,56.7,0.8,16.0,622.5,636.9,630.0,35.4,592.9,671.0,49.2,21.0,2.31,-2.0,1,1
5497,Pompaples,VD,VD_H2,2,5.351384087484729,209.9,0.0,36.4,28.8,13.0,15.2,6.5,21.7,65.2,3.0,27.0,622.5,636.9,630.0,35.4,592.9,671.0,49.2,21.0,2.31,-2.0,1,1
5498,La Sarraz,VD,VD_H2,2,5.830708768228588,339.6,0.0,34.9,29.3,16.3,14.4,5.1,19.5,64.2,3.3,87.0,622.5,636.9,630.0,35.4,592.9,671.0,49.2,21.0,2.31,-2.0,1,1
5499,Senarclens,VD,VD_H2,2,4.803201036487226,120.9,0.0,28.2,29.2,20.5,17.9,4.1,22.0,57.4,1.5,0.0,622.5,636.9,630.0,35.4,592.9,671.0,49.2,21.0,2.31,-2.0,1,1
5501,Sullens,VD,VD_H2,2,5.751301990624177,313.6,0.0,24.3,33.2,16.1,21.0,5.4,26.4,57.5,1.6,19.0,622.5,636.9,630.0,35.4,592.9,671.0,49.2,21.0,2.31,-2.0,1,1
5503,Vufflens-la-Ville,VD,VD_H2,2,5.523059639225943,249.4,0.0,29.5,29.1,16.9,20.4,4.2,24.599999999999998,58.6,0.6,7.0,622.5,636.9,630.0,35.4,592.9,671.0,49.2,21.0,2.31,-2.0,1,1
5511,Assens,VD,VD_H2,2,5.318119993844216,203.0,0.0,28.1,31.2,17.9,18.5,4.3,22.8,59.3,0.9,15.0,622.5,636.9,630.0,35.4,592.9,671.0,49.2,21.0,2.31,-2.0,1,1
5512,Bercher,VD,VD_H2,2,5.7551091018215415,314.8,0.0,28.3,32.8,14.9,15.6,8.4,24.0,61.099999999999994,2.1,29.0,622.5,636.9,630.0,35.4,592.9,671.0,49.2,21.0,2.31,-2.0,1,1
5514,Bottens,VD,VD_H2,2,5.287256419188612,196.8,0.0,25.6,33.4,16.4,17.9,6.6,24.5,59.0,1.5,21.0,622.5,636.9,630.0,35.4,592.9,671.0,49.2,21.0,2.31,-2.0,1,1
5515,Bretigny-sur-Morrens,VD,VD_H2,2,5.750029725821521,313.2,0.0,30.6,30.6,16.1,17.4,5.3,22.7,61.2,2.4,21.0,622.5,636.9,630.0,35.4,592.9,671.0,49.2,21.0,2.31,-2.0,1,1
5516,Cugy (VD),VD,VD_H2,2,6.865578200082951,957.7,0.0,29.6,29.4,15.7,17.2,8.1,25.299999999999997,59.0,1.6,42.0,622.5,636.9,630.0,35.4,592.9,671.0,49.2,21.0,2.31,-2.0,1,1
5518,Echallens,VD,VD_H2,2,6.917606595032511,1008.9,1.0,32.4,29.6,15.7,16.4,6.0,22.4,62.0,3.2,208.0,622.5,636.9,630.0,35.4,592.9,671.0,49.2,21.0,2.31,-2.0,1,1
5520,Essertines-sur-Yverdon,VD,VD_H2,2,4.771531723203316,117.1,0.0,23.7,33.5,16.1,20.5,6.2,26.7,57.2,1.5,17.0,622.5,636.9,630.0,35.4,592.9,671.0,49.2,21.0,2.31,-2.0,1,1
5521,Etagnières,VD,VD_H2,2,5.756058619221572,315.1,0.0,30.3,29.9,17.0,17.0,5.9,22.9,60.2,2.1,24.0,622.5,636.9,630.0,35.4,592.9,671.0,49.2,21.0,2.31,-2.0,1,1
5522,Fey,VD,VD_H2,2,4.686750172980514,107.5,0.0,23.3,29.7,17.2,20.9,8.8,29.7,53.0,1.2,10.0,622.5,636.9,630.0,35.4,592.9,671.0,49.2,21.0,2.31,-2.0,1,1
5523,Froideville,VD,VD_H2,2,5.957131868027477,385.5,0.0,29.4,30.0,16.1,18.6,5.9,24.5,59.4,1.9,51.0,622.5,636.9,630.0,35.4,592.9,671.0,49.2,21.0,2.31,-2.0,1,1
5527,Morrens (VD),VD,VD_H2,2,5.754792395563946,314.7,0.0,26.8,32.0,14.2,20.3,6.8,27.1,58.8,1.2,14.0,622.5,636.9,630.0,35.4,592.9,671.0,49.2,21.0,2.31,-2.0,1,1
5529,Oulens-sous-Echallens,VD,VD_H2,2,4.641502115235482,102.7,0.0,27.6,35.0,14.6,18.5,4.3,22.8,62.6,1.5,0.0,622.5,636.9,630.0,35.4,592.9,671.0,49.2,21.0,2.31,-2.0,1,1
5530,Pailly,VD,VD_H2,2,4.612145799724517,99.7,0.0,22.1,34.1,13.8,20.7,9.2,29.9,56.2,1.5,0.0,622.5,636.9,630.0,35.4,592.9,671.0,49.2,21.0,2.31,-2.0,1,1
5531,Penthéréaz,VD,VD_H2,2,4.33990170837321,75.7,0.0,24.0,34.9,18.3,17.1,5.7,22.8,58.9,2.2,10.0,622.5,636.9,630.0,35.4,592.9,671.0,49.2,21.0,2.31,-2.0,1,1
5533,Poliez-Pittet,VD,VD_H2,2,5.139907629800395,169.7,0.0,28.7,32.1,16.0,17.2,6.0,23.2,60.8,2.5,22.0,622.5,636.9,630.0,35.4,592.9,671.0,49.2,21.0,2.31,-2.0,1,1
5534,Rueyres,VD,VD_H2,2,5.030437921392435,152.0,0.0,27.9,35.2,11.5,13.9,11.5,25.4,63.1,0.0,0.0,622.5,636.9,630.0,35.4,592.9,671.0,49.2,21.0,2.31,-2.0,0,0
5535,Saint-Barthélemy (VD),VD,VD_H2,2,5.315174483614459,202.4,0.0,20.0,35.3,18.0,19.3,7.3,26.6,55.3,1.0,8.0,622.5,636.9,630.0,35.4,592.9,671.0,49.2,21.0,2.31,-2.0,1,1
5537,Villars-le-Terroir,VD,VD_H2,2,5.22305488204749,184.5,0.0,26.0,32.3,16.8,18.3,6.7,25.0,58.3,2.1,27.0,622.5,636.9,630.0,35.4,592.9,671.0,49.2,21.0,2.31,-2.0,1,1
5539,Vuarrens,VD,VD_H2,2,4.8338981155962015,124.7,0.0,23.8,27.4,18.4,21.6,8.7,30.3,51.2,1.5,0.0,622.5,636.9,630.0,35.4,592.9,671.0,49.2,21.0,2.31,-2.0,1,1
5540,Montilliez,VD,VD_H2,2,5.067645548813036,157.8,0.0,28.6,33.9,16.4,16.5,4.5,21.0,62.5,1.9,36.0,622.5,636.9,630.0,35.4,592.9,671.0,49.2,21.0,2.31,-2.0,1,1
5541,Goumoëns,VD,VD_H2,2,4.73444252169223,112.8,0.0,25.5,31.2,14.7,20.9,7.7,28.599999999999998,56.7,1.0,12.0,622.5,636.9,630.0,35.4,592.9,671.0,49.2,21.0,2.31,-2.0,1,1
5551,Bonvillars,VD,VD_H2,2,4.244200317766478,68.7,0.0,23.2,44.1,14.1,14.1,4.5,18.6,67.3,1.5,0.0,622.5,636.9,630.0,35.4,592.9,671.0,49.2,21.0,2.31,-2.0,1,1
5552,Bullet,VD,VD_H2,2,3.7256934272366524,40.5,0.0,39.9,36.6,8.5,10.6,4.5,15.1,76.5,1.4,10.0,622.5,636.9,630.0,35.4,592.9,671.0,49.2,21.0,2.31,-2.0,1,1
5553,Champagne,VD,VD_H2,2,5.615679593101228,273.7,0.0,31.3,28.6,16.1,18.8,5.1,23.9,59.900000000000006,2.8,30.0,622.5,636.9,630.0,35.4,592.9,671.0,49.2,21.0,2.31,-2.0,1,1
5554,Concise,VD,VD_H2,2,4.511957804265912,90.1,0.0,35.5,32.4,15.4,12.8,4.0,16.8,67.9,2.7,27.0,622.5,636.9,630.0,35.4,592.9,671.0,49.2,21.0,2.31,-2.0,1,1
5555,Corcelles-près-Concise,VD,VD_H2,2,4.681204872264089,106.9,0.0,30.3,36.0,10.3,17.1,6.3,23.400000000000002,66.3,1.5,0.0,622.5,636.9,630.0,35.4,592.9,671.0,49.2,21.0,2.31,-2.0,1,1
5556,Fiez,VD,VD_H2,2,4.163559631243574,63.3,0.0,29.3,30.9,15.5,21.5,2.8,24.3,60.2,1.5,6.0,622.5,636.9,630.0,35.4,592.9,671.0,49.2,21.0,2.31,-2.0,1,1
5557,Fontaines-sur-Grandson,VD,VD_H2,2,3.3638415951183864,27.9,0.0,33.3,28.0,16.1,15.1,7.5,22.6,61.3,3.2,6.0,622.5,636.9,630.0,35.4,592.9,671.0,49.2,21.0,2.31,-2.0,1,1
5559,Giez,VD,VD_H2,2,4.590056548178043,97.5,0.0,29.3,30.9,18.8,14.7,6.3,21.0,60.2,3.0,14.0,622.5,636.9,630.0,35.4,592.9,671.0,49.2,21.0,2.31,-2.0,1,1
5560,Grandevent,VD,VD_H2,2,4.264087336809195,70.1,0.0,21.9,41.7,14.6,13.5,8.3,21.8,63.6,0.0,0.0,622.5,636.9,630.0,35.4,592.9,671.0,49.2,21.0,2.31,-2.0,0,0
5561,Grandson,VD,VD_H2,2,6.069119791673586,431.3,0.0,39.3,30.1,14.3,11.5,4.8,16.3,69.4,3.8,128.0,622.5,636.9,630.0,35.4,592.9,671.0,49.2,21.0,2.31,-2.0,1,1
5562,Mauborget,VD,VD_H2,2,3.3068867021909143,26.3,0.0,37.7,34.8,13.0,8.7,5.8,14.5,72.5,4.7,6.0,622.5,636.9,630.0,35.4,592.9,671.0,49.2,21.0,2.31,-2.0,1,1
5563,Mutrux,VD,VD_H2,2,3.8264651170664994,44.9,0.0,32.2,28.8,15.3,15.3,8.5,23.8,61.0,0.0,0.0,622.5,636.9,630.0,35.4,592.9,671.0,49.2,21.0,2.31,-2.0,0,0
5564,Novalles,VD,VD_H2,2,3.960813169597578,51.5,0.0,21.4,38.1,11.9,23.8,4.8,28.6,59.5,0.0,0.0,622.5,636.9,630.0,35.4,592.9,671.0,49.2,21.0,2.31,-2.0,0,0
5565,Onnens (VD),VD,VD_H2,2,4.611152257665639,99.6,0.0,28.6,31.8,19.8,15.7,4.1,19.799999999999997,60.400000000000006,1.9,10.0,622.5,636.9,630.0,35.4,592.9,671.0,49.2,21.0,2.31,-2.0,1,1
5566,Provence,VD,VD_H2,2,2.624668592163159,12.8,0.0,44.1,30.8,9.7,10.3,5.1,15.4,74.9,4.1,17.0,622.5,636.9,630.0,35.4,592.9,671.0,49.2,21.0,2.31,-2.0,1,1
5568,Sainte-Croix,VD,VD_H2,2,4.876722876509988,130.2,0.0,53.6,26.3,8.2,8.0,3.9,11.9,79.9,9.8,498.0,622.5,636.9,630.0,35.4,592.9,671.0,49.2,21.0,2.31,-2.0,1,1
5571,Tévenon,VD,VD_H2,2,4.117409835153096,60.4,0.0,30.3,34.4,16.0,14.0,5.2,19.2,64.7,2.1,18.0,622.5,636.9,630.0,35.4,592.9,671.0,49.2,21.0,2.31,-2.0,1,1
5581,Belmont-sur-Lausanne,VD,VD_H1,1,7.29871570088742,1477.4,1.0,25.7,33.5,18.2,17.6,5.0,22.6,59.2,1.7,65.0,662.3,678.1,677.6,38.8,629.3,726.5,49.3,21.0,2.39,-2.0,1,1
5582,Cheseaux-sur-Lausanne,VD,VD_H1,1,6.963189985870238,1056.0,1.0,33.6,32.3,16.9,13.0,4.1,17.1,65.9,2.2,106.0,662.3,678.1,677.6,38.8,629.3,726.5,49.3,21.0,2.39,-2.0,1,1
5583,Crissier,VD,VD_H1,1,7.5715251408314055,1941.1,1.0,36.0,29.4,15.0,13.7,5.9,19.6,65.4,5.0,464.0,662.3,678.1,677.6,38.8,629.3,726.5,49.3,21.0,2.39,-2.0,1,1
5584,Epalinges,VD,VD_H1,1,7.681744847386184,2167.4,1.0,35.1,28.0,14.7,16.2,5.9,22.1,63.1,2.2,218.0,662.3,678.1,677.6,38.8,629.3,726.5,49.3,21.0,2.39,-2.0,1,1
5585,Jouxtens-Mézery,VD,VD_H1,1,6.6422260111714895,765.8,0.0,18.2,35.2,17.7,20.9,7.9,28.799999999999997,53.400000000000006,5.6,84.0,662.3,678.1,677.6,38.8,629.3,726.5,49.3,21.0,2.39,-2.0,1,1
5586,Lausanne,VD,VD_H1,1,8.161346475830266,3501.9,1.0,48.9,26.3,11.7,9.1,4.0,13.1,75.2,7.2,10420.0,662.3,678.1,677.6,38.8,629.3,726.5,49.3,21.0,2.39,-2.0,1,1
5587,Le Mont-sur-Lausanne,VD,VD_H1,1,6.881000541673317,972.6,0.0,27.0,27.9,19.1,18.6,7.4,26.0,54.9,2.7,246.0,662.3,678.1,677.6,38.8,629.3,726.5,49.3,21.0,2.39,-2.0,1,1
5588,Paudex,VD,VD_H1,1,8.05350557410765,3143.8,1.0,41.1,29.8,15.1,10.6,3.3,13.899999999999999,70.9,3.2,49.0,662.3,678.1,677.6,38.8,629.3,726.5,49.3,21.0,2.39,-2.0,1,1
5589,Prilly,VD,VD_H1,1,8.66563043776519,5799.1,1.0,45.6,27.6,13.5,9.8,3.6,13.4,73.2,5.3,656.0,662.3,678.1,677.6,38.8,629.3,726.5,49.3,21.0,2.39,-2.0,1,1
5590,Pully,VD,VD_H1,1,8.112257942907679,3334.1,1.0,39.6,29.3,14.6,12.6,3.9,16.5,68.9,2.1,408.0,662.3,678.1,677.6,38.8,629.3,726.5,49.3,21.0,2.39,-2.0,1,1
5591,Renens (VD),VD,VD_H1,1,8.89604050162011,7302.0,1.0,41.8,28.0,13.7,10.9,5.5,16.4,69.8,6.7,1427.0,662.3,678.1,677.6,38.8,629.3,726.5,49.3,21.0,2.39,-2.0,1,1
5592,Romanel-sur-Lausanne,VD,VD_H1,1,7.314086678418259,1500.3,1.0,34.0,32.4,15.5,13.2,4.9,18.1,66.4,3.7,148.0,662.3,678.1,677.6,38.8,629.3,726.5,49.3,21.0,2.39,-2.0,1,1
5601,Chexbres,VD,VD_H1,1,6.959018572919678,1051.6,1.0,40.6,28.3,14.4,11.7,5.0,16.7,68.9,2.3,51.0,662.3,678.1,677.6,38.8,629.3,726.5,49.3,21.0,2.39,-2.0,1,1
5604,Forel (Lavaux),VD,VD_H1,1,4.73356340075649,112.7,0.0,31.7,32.9,15.6,14.4,5.4,19.8,64.6,1.4,29.0,662.3,678.1,677.6,38.8,629.3,726.5,49.3,21.0,2.39,-2.0,1,1
5606,Lutry,VD,VD_H1,1,7.148188498833307,1270.8,1.0,36.2,31.1,14.2,13.9,4.7,18.6,67.30000000000001,1.2,133.0,662.3,678.1,677.6,38.8,629.3,726.5,49.3,21.0,2.39,-2.0,1,1
5607,Puidoux,VD,VD_H1,1,4.875960390769654,130.1,0.0,32.9,32.4,14.5,13.9,6.2,20.1,65.3,2.7,81.0,662.3,678.1,677.6,38.8,629.3,726.5,49.3,21.0,2.39,-2.0,1,1
5609,Rivaz,VD,VD_H1,1,6.968191647785968,1061.3,1.0,32.7,37.3,14.0,12.0,4.0,16.0,70.0,1.9,6.0,662.3,678.1,677.6,38.8,629.3,726.5,49.3,21.0,2.39,-2.0,1,1
5610,Saint-Saphorin (Lavaux),VD,VD_H1,1,6.088591257838705,439.8,0.0,31.5,33.3,15.5,14.9,4.8,19.7,64.8,1.5,0.0,662.3,678.1,677.6,38.8,629.3,726.5,49.3,21.0,2.39,-2.0,1,1
5611,Savigny,VD,VD_H1,1,5.396804313262691,219.7,0.0,29.2,32.0,15.6,17.5,5.7,23.2,61.2,2.7,92.0,662.3,678.1,677.6,38.8,629.3,726.5,49.3,21.0,2.39,-2.0,1,1
5613,Bourg-en-Lavaux,VD,VD_H1,1,6.341769244038871,566.8,0.0,33.0,32.9,15.2,14.1,4.8,18.9,65.9,1.1,59.0,662.3,678.1,677.6,38.8,629.3,726.5,49.3,21.0,2.39,-2.0,1,1
5621,Aclens,VD,VD_H1,1,5.017279836814924,150.0,0.0,30.0,30.8,13.7,19.6,5.8,25.400000000000002,60.8,1.5,8.0,662.3,678.1,677.6,38.8,629.3,726.5,49.3,21.0,2.39,-2.0,1,1
5622,Bremblens,VD,VD_H1,1,5.356586274672012,211.0,0.0,20.1,34.9,14.4,22.7,7.9,30.6,55.0,1.6,10.0,662.3,678.1,677.6,38.8,629.3,726.5,49.3,21.0,2.39,-2.0,1,1
5623,Buchillon,VD,VD_H1,1,5.782593655080491,323.6,0.0,25.5,31.6,19.6,16.0,7.3,23.3,57.1,1.5,0.0,662.3,678.1,677.6,38.8,629.3,726.5,49.3,21.0,2.39,-2.0,1,1
5624,Bussigny,VD,VD_H1,1,7.791233521109742,2418.3,1.0,34.9,31.5,15.9,12.9,4.8,17.7,66.4,4.4,470.0,662.3,678.1,677.6,38.8,629.3,726.5,49.3,21.0,2.39,-2.0,1,1
5627,Chavannes-près-Renens,VD,VD_H1,1,8.686868453175869,5923.6,1.0,38.7,27.8,14.9,12.3,6.4,18.700000000000003,66.5,4.6,429.0,662.3,678.1,677.6,38.8,629.3,726.5,49.3,21.0,2.39,-2.0,1,1
5628,Chigny,VD,VD_H1,1,6.15888394964983,471.9,0.0,19.2,24.7,19.2,25.3,11.6,36.9,43.9,1.5,6.0,662.3,678.1,677.6,38.8,629.3,726.5,49.3,21.0,2.39,-2.0,1,1
5629,Clarmont,VD,VD_H1,1,5.413875707182309,223.5,0.0,43.4,26.4,12.3,12.3,5.7,18.0,69.8,1.5,0.0,662.3,678.1,677.6,38.8,629.3,726.5,49.3,21.0,2.39,-2.0,1,1
5631,Denens,VD,VD_H1,1,5.419649651715562,224.8,0.0,24.7,35.1,17.6,15.2,7.4,22.6,59.8,1.9,14.0,662.3,678.1,677.6,38.8,629.3,726.5,49.3,21.0,2.39,-2.0,1,1
5632,Denges,VD,VD_H1,1,7.00615160083833,1102.4,1.0,32.2,31.2,15.1,16.1,5.4,21.5,63.400000000000006,1.7,32.0,662.3,678.1,677.6,38.8,629.3,726.5,49.3,21.0,2.39,-2.0,1,1
5633,Echandens,VD,VD_H1,1,6.651442666276413,772.9,0.0,37.8,31.5,14.1,11.9,4.6,16.5,69.3,1.4,41.0,662.3,678.1,677.6,38.8,629.3,726.5,49.3,21.0,2.39,-2.0,1,1
5634,Echichens,VD,VD_H1,1,5.496348217047172,242.8,0.0,25.7,32.4,16.9,18.3,6.6,24.9,58.099999999999994,0.9,30.0,662.3,678.1,677.6,38.8,629.3,726.5,49.3,21.0,2.39,-2.0,1,1
5635,Ecublens (VD),VD,VD_H1,1,7.756794479499057,2336.4,1.0,37.1,29.4,14.7,13.6,5.2,18.8,66.5,3.4,448.0,662.3,678.1,677.6,38.8,629.3,726.5,49.3,21.0,2.39,-2.0,1,1
5636,Etoy,VD,VD_H1,1,6.401917196727186,602.0,0.0,30.0,27.9,20.6,16.7,4.8,21.5,57.9,2.0,58.0,662.3,678.1,677.6,38.8,629.3,726.5,49.3,21.0,2.39,-2.0,1,1
5637,Lavigny,VD,VD_H1,1,5.619675965359201,274.8,0.0,19.3,29.0,22.3,22.3,7.2,29.5,48.3,1.3,14.0,662.3,678.1,677.6,38.8,629.3,726.5,49.3,21.0,2.39,-2.0,1,1
5638,Lonay,VD,VD_H1,1,6.601094239932554,734.9,0.0,28.3,30.0,18.3,17.5,5.8,23.3,58.3,0.7,18.0,662.3,678.1,677.6,38.8,629.3,726.5,49.3,21.0,2.39,-2.0,1,1
5639,Lully (VD),VD,VD_H1,1,6.013226038889495,407.8,0.0,22.7,31.3,18.2,16.3,11.5,27.8,54.0,1.5,0.0,662.3,678.1,677.6,38.8,629.3,726.5,49.3,21.0,2.39,-2.0,1,1
5640,Lussy-sur-Morges,VD,VD_H1,1,5.731073334892105,307.3,0.0,20.2,30.7,17.9,21.4,9.7,31.099999999999998,50.9,1.5,0.0,662.3,678.1,677.6,38.8,629.3,726.5,49.3,21.0,2.39,-2.0,1,1
5642,Morges,VD,VD_H1,1,8.436113279365495,4609.6,1.0,42.1,31.1,13.5,9.7,3.6,13.299999999999999,73.2,3.0,525.0,662.3,678.1,677.6,38.8,629.3,726.5,49.3,21.0,2.39,-2.0,1,1
5643,Préverenges,VD,VD_H1,1,7.942291161943113,2812.8,1.0,36.0,30.3,15.5,13.8,4.4,18.200000000000003,66.3,2.1,110.0,662.3,678.1,677.6,38.8,629.3,726.5,49.3,21.0,2.39,-2.0,1,1
5645,Romanel-sur-Morges,VD,VD_H1,1,5.556828061699537,258.0,0.0,20.9,42.4,20.4,11.5,4.7,16.2,63.3,1.5,0.0,662.3,678.1,677.6,38.8,629.3,726.5,49.3,21.0,2.39,-2.0,1,1
5646,Saint-Prex,VD,VD_H1,1,6.967532483017997,1060.6,1.0,33.8,30.0,15.9,15.6,4.7,20.3,63.8,2.5,148.0,662.3,678.1,677.6,38.8,629.3,726.5,49.3,21.0,2.39,-2.0,1,1
5648,Saint-Sulpice (VD),VD,VD_H1,1,7.9275047192245225,2771.5,1.0,40.5,28.8,14.1,13.0,3.6,16.6,69.3,0.8,41.0,662.3,678.1,677.6,38.8,629.3,726.5,49.3,21.0,2.39,-2.0,1,1
5649,Tolochenaz,VD,VD_H1,1,7.104472716059824,1216.4,1.0,32.1,30.1,16.4,15.5,5.9,21.4,62.2,3.0,57.0,662.3,678.1,677.6,38.8,629.3,726.5,49.3,21.0,2.39,-2.0,1,1
5650,Vaux-sur-Morges,VD,VD_H1,1,4.489759334476764,88.1,0.0,21.7,31.9,20.3,15.9,10.1,26.0,53.599999999999994,1.5,0.0,662.3,678.1,677.6,38.8,629.3,726.5,49.3,21.0,2.39,-2.0,1,1
5651,Villars-Sainte-Croix,VD,VD_H1,1,6.360611392542035,577.6,0.0,23.3,33.2,18.2,20.1,5.3,25.400000000000002,56.5,1.6,16.0,662.3,678.1,677.6,38.8,629.3,726.5,49.3,21.0,2.39,-2.0,1,1
5652,Villars-sous-Yens,VD,VD_H1,1,5.293304824724492,198.0,0.0,31.6,31.2,13.6,17.6,6.0,23.6,62.8,1.6,10.0,662.3,678.1,677.6,38.8,629.3,726.5,49.3,21.0,2.39,-2.0,1,1
5653,Vufflens-le-Château,VD,VD_H1,1,5.971516909298286,391.1,0.0,21.0,35.1,14.7,21.0,8.2,29.2,56.1,1.5,0.0,662.3,678.1,677.6,38.8,629.3,726.5,49.3,21.0,2.39,-2.0,1,1
5654,Vullierens,VD,VD_H1,1,4.394449154672439,80.0,0.0,30.9,34.3,16.1,12.7,5.9,18.6,65.19999999999999,1.5,0.0,662.3,678.1,677.6,38.8,629.3,726.5,49.3,21.0,2.39,-2.0,1,1
5655,Yens,VD,VD_H1,1,5.065754593317335,157.5,0.0,26.7,30.8,17.3,17.0,8.2,25.2,57.5,0.6,10.0,662.3,678.1,677.6,38.8,629.3,726.5,49.3,21.0,2.39,-2.0,1,1
5656,Hautemorges,VD,VD_H2,2,4.897839799950911,133.0,0.0,28.2,31.4,16.4,17.1,6.9,24.0,59.599999999999994,1.2,52.0,622.5,636.9,630.0,35.4,592.9,671.0,49.2,21.0,2.31,-2.0,1,1
5661,Boulens,VD,VD_H2,2,4.687671407499835,107.6,0.0,30.6,33.1,11.5,21.7,3.2,24.9,63.7,1.5,0.0,622.5,636.9,630.0,35.4,592.9,671.0,49.2,21.0,2.31,-2.0,1,1
5663,Bussy-sur-Moudon,VD,VD_H2,2,4.442651256490317,84.0,0.0,31.2,33.0,13.8,16.5,5.5,22.0,64.2,1.5,0.0,622.5,636.9,630.0,35.4,592.9,671.0,49.2,21.0,2.31,-2.0,1,1
5665,Chavannes-sur-Moudon,VD,VD_H2,2,3.817712325956905,44.5,0.0,30.3,37.4,11.1,14.1,7.1,21.2,67.7,1.5,0.0,622.5,636.9,630.0,35.4,592.9,671.0,49.2,21.0,2.31,-2.0,1,1
5669,Curtilles,VD,VD_H2,2,4.144720769547168,62.1,0.0,34.1,29.6,14.1,18.5,3.7,22.2,63.7,2.8,8.0,622.5,636.9,630.0,35.4,592.9,671.0,49.2,21.0,2.31,-2.0,1,1
5671,Dompierre (VD),VD,VD_H2,2,4.328098292648326,74.8,0.0,32.4,32.4,12.7,17.6,4.9,22.5,64.8,1.5,0.0,622.5,636.9,630.0,35.4,592.9,671.0,49.2,21.0,2.31,-2.0,1,1
5673,Hermenches,VD,VD_H2,2,4.37197629882038,78.2,0.0,21.7,38.5,15.4,18.2,6.3,24.5,60.2,2.2,8.0,622.5,636.9,630.0,35.4,592.9,671.0,49.2,21.0,2.31,-2.0,1,1
5674,Lovatens,VD,VD_H2,2,3.763522997109702,42.1,0.0,30.8,33.8,21.5,10.8,3.1,13.9,64.6,1.5,0.0,622.5,636.9,630.0,35.4,592.9,671.0,49.2,21.0,2.31,-2.0,1,1
5675,Lucens,VD,VD_H2,2,5.507767590730244,245.6,0.0,35.5,27.7,14.1,14.9,7.8,22.7,63.2,9.6,442.0,622.5,636.9,630.0,35.4,592.9,671.0,49.2,21.0,2.31,-2.0,1,1
5678,Moudon,VD,VD_H2,2,6.053734872834107,424.7,0.0,35.1,25.9,14.5,14.7,9.8,24.5,61.0,9.4,603.0,622.5,636.9,630.0,35.4,592.9,671.0,49.2,21.0,2.31,-2.0,1,1
5680,Ogens,VD,VD_H2,2,4.618086411254637,100.3,0.0,21.5,36.9,15.4,16.9,9.2,26.099999999999998,58.4,1.5,0.0,622.5,636.9,630.0,35.4,592.9,671.0,49.2,21.0,2.31,-2.0,1,1
5683,Prévonloup,VD,VD_H2,2,4.836281906951478,125.0,0.0,28.4,35.8,7.4,24.2,4.2,28.4,64.19999999999999,4.7,11.0,622.5,636.9,630.0,35.4,592.9,671.0,49.2,21.0,2.31,-2.0,1,1
5684,Rossenges,VD,VD_H2,2,4.446174454497633,84.3,0.0,34.1,40.9,13.6,6.8,4.5,11.3,75.0,0.0,0.0,622.5,636.9,630.0,35.4,592.9,671.0,49.2,21.0,2.31,-2.0,0,0
5688,Syens,VD,VD_H2,2,4.109233174715851,59.9,0.0,30.6,33.9,11.3,11.3,12.9,24.200000000000003,64.5,5.8,10.0,622.5,636.9,630.0,35.4,592.9,671.0,49.2,21.0,2.31,-2.0,1,1
5690,Villars-le-Comte,VD,VD_H2,2,3.481240089335692,31.5,0.0,37.9,29.3,15.5,8.6,8.6,17.2,67.2,0.0,0.0,622.5,636.9,630.0,35.4,592.9,671.0,49.2,21.0,2.31,-2.0,0,0
5692,Vucherens,VD,VD_H2,2,5.248601774302104,189.3,0.0,31.1,29.5,15.4,16.9,7.1,24.0,60.6,1.5,0.0,622.5,636.9,630.0,35.4,592.9,671.0,49.2,21.0,2.31,-2.0,1,1
5693,Montanaire,VD,VD_H2,2,4.45898767581001,85.4,0.0,32.3,29.5,15.6,15.8,6.8,22.6,61.8,2.6,75.0,622.5,636.9,630.0,35.4,592.9,671.0,49.2,21.0,2.31,-2.0,1,1
5701,Arnex-sur-Nyon,VD,VD_H1,1,4.893352133481524,132.4,0.0,24.8,33.0,19.3,17.4,5.5,22.9,57.8,0.0,0.0,662.3,678.1,677.6,38.8,629.3,726.5,49.3,21.0,2.39,-2.0,0,0
5702,Arzier-Le Muids,VD,VD_H1,1,4.063885354737392,57.2,0.0,22.6,32.4,17.7,21.6,5.8,27.400000000000002,55.0,0.6,19.0,662.3,678.1,677.6,38.8,629.3,726.5,49.3,21.0,2.39,-2.0,1,1
5703,Bassins,VD,VD_H1,1,4.282206299391671,71.4,0.0,27.3,29.9,18.0,17.0,7.8,24.8,57.2,0.7,11.0,662.3,678.1,677.6,38.8,629.3,726.5,49.3,21.0,2.39,-2.0,1,1
5704,Begnins,VD,VD_H1,1,6.053969752459379,424.8,0.0,32.6,32.4,15.6,14.9,4.4,19.3,65.0,1.1,22.0,662.3,678.1,677.6,38.8,629.3,726.5,49.3,21.0,2.39,-2.0,1,1
5705,Bogis-Bossey,VD,VD_H1,1,6.005120873555468,404.5,0.0,19.7,26.1,17.4,26.4,10.4,36.8,45.8,1.5,0.0,662.3,678.1,677.6,38.8,629.3,726.5,49.3,21.0,2.39,-2.0,1,1
5706,Borex,VD,VD_H1,1,6.357668941262844,575.9,0.0,30.0,28.7,15.7,20.2,5.3,25.5,58.7,0.9,11.0,662.3,678.1,677.6,38.8,629.3,726.5,49.3,21.0,2.39,-2.0,1,1
5707,Chavannes-de-Bogis,VD,VD_H1,1,6.183942684111306,483.9,0.0,21.2,31.6,22.3,18.0,7.0,25.0,52.8,0.6,8.0,662.3,678.1,677.6,38.8,629.3,726.5,49.3,21.0,2.39,-2.0,1,1
5708,Chavannes-des-Bois,VD,VD_H1,1,6.141392036090933,463.7,0.0,16.6,22.3,27.0,24.3,9.8,34.1,38.900000000000006,0.0,0.0,662.3,678.1,677.6,38.8,629.3,726.5,49.3,21.0,2.39,-2.0,0,0
5709,Chéserex,VD,VD_H1,1,4.803201036487226,120.9,0.0,29.6,33.8,15.2,14.9,6.5,21.4,63.4,1.5,0.0,662.3,678.1,677.6,38.8,629.3,726.5,49.3,21.0,2.39,-2.0,1,1
5710,Coinsins,VD,VD_H1,1,5.1896179496246955,178.4,0.0,29.3,32.9,18.9,15.8,3.2,19.0,62.2,1.5,0.0,662.3,678.1,677.6,38.8,629.3,726.5,49.3,21.0,2.39,-2.0,1,1
5711,Commugny,VD,VD_H1,1,6.123150487933357,455.3,0.0,20.7,28.1,14.8,25.3,11.2,36.5,48.8,0.7,20.0,662.3,678.1,677.6,38.8,629.3,726.5,49.3,21.0,2.39,-2.0,1,1
5712,Coppet,VD,VD_H1,1,7.455471981331876,1728.3,1.0,29.7,26.9,16.6,21.4,5.3,26.7,56.599999999999994,0.3,10.0,662.3,678.1,677.6,38.8,629.3,726.5,49.3,21.0,2.39,-2.0,1,1
5713,Crans (VD),VD,VD_H1,1,6.342649448303075,567.3,0.0,25.2,28.5,19.2,19.9,7.2,27.099999999999998,53.7,0.9,21.0,662.3,678.1,677.6,38.8,629.3,726.5,49.3,21.0,2.39,-2.0,1,1
5714,Crassier,VD,VD_H1,1,6.444290226575984,628.1,0.0,22.0,28.8,18.6,22.0,8.5,30.5,50.8,1.5,0.0,662.3,678.1,677.6,38.8,629.3,726.5,49.3,21.0,2.39,-2.0,1,1
5715,Duillier,VD,VD_H1,1,5.629058928460265,277.4,0.0,22.1,31.2,18.7,22.1,5.9,28.0,53.3,1.5,0.0,662.3,678.1,677.6,38.8,629.3,726.5,49.3,21.0,2.39,-2.0,1,1
5716,Eysins,VD,VD_H1,1,6.615261649533134,745.4,0.0,27.5,31.6,19.7,16.3,4.9,21.200000000000003,59.1,0.9,16.0,662.3,678.1,677.6,38.8,629.3,726.5,49.3,21.0,2.39,-2.0,1,1
5717,Founex,VD,VD_H1,1,6.667719859997709,785.6,0.0,21.4,27.7,19.6,22.5,8.8,31.3,49.099999999999994,0.4,17.0,662.3,678.1,677.6,38.8,629.3,726.5,49.3,21.0,2.39,-2.0,1,1
5718,Genolier,VD,VD_H1,1,6.028278520230698,414.0,0.0,19.2,34.4,18.7,20.6,7.1,27.700000000000003,53.599999999999994,0.8,16.0,662.3,678.1,677.6,38.8,629.3,726.5,49.3,21.0,2.39,-2.0,1,1
5719,Gingins,VD,VD_H1,1,4.61512051684126,100.0,0.0,27.2,32.0,16.6,17.9,6.3,24.2,59.2,0.5,6.0,662.3,678.1,677.6,38.8,629.3,726.5,49.3,21.0,2.39,-2.0,1,1
5720,Givrins,VD,VD_H1,1,5.601011196620256,269.7,0.0,23.4,37.7,18.4,14.5,5.9,20.4,61.1,0.6,6.0,662.3,678.1,677.6,38.8,629.3,726.5,49.3,21.0,2.39,-2.0,1,1
5721,Gland,VD,VD_H1,1,7.429045952595891,1683.2,1.0,31.2,30.9,17.5,15.8,4.6,20.4,62.099999999999994,2.0,279.0,662.3,678.1,677.6,38.8,629.3,726.5,49.3,21.0,2.39,-2.0,1,1
5722,Grens,VD,VD_H1,1,5.038898759369115,153.3,0.0,23.2,29.1,20.5,21.9,5.3,27.2,52.3,1.5,0.0,662.3,678.1,677.6,38.8,629.3,726.5,49.3,21.0,2.39,-2.0,1,1
5723,Mies,VD,VD_H1,1,6.447464328590194,630.1,0.0,23.7,25.4,17.1,22.4,11.5,33.9,49.099999999999994,0.6,14.0,662.3,678.1,677.6,38.8,629.3,726.5,49.3,21.0,2.39,-2.0,1,1
5724,Nyon,VD,VD_H1,1,8.14177220465645,3434.0,1.0,39.8,28.8,15.0,12.1,4.3,16.4,68.6,2.2,507.0,662.3,678.1,677.6,38.8,629.3,726.5,49.3,21.0,2.39,-2.0,1,1
5725,Prangins,VD,VD_H1,1,6.556067876554444,702.5,0.0,29.3,31.2,17.0,16.0,6.5,22.5,60.5,1.2,53.0,662.3,678.1,677.6,38.8,629.3,726.5,49.3,21.0,2.39,-2.0,1,1
5726,La Rippe,VD,VD_H1,1,4.291828366755733,72.1,0.0,25.7,30.6,18.1,20.9,4.6,25.5,56.3,0.6,7.0,662.3,678.1,677.6,38.8,629.3,726.5,49.3,21.0,2.39,-2.0,1,1
5727,Saint-Cergue,VD,VD_H1,1,4.827513417131532,123.9,0.0,39.8,29.7,14.3,11.7,4.6,16.299999999999997,69.5,3.0,87.0,662.3,678.1,677.6,38.8,629.3,726.5,49.3,21.0,2.39,-2.0,1,1
5728,Signy-Avenex,VD,VD_H1,1,5.7506660605550515,313.4,0.0,26.8,31.2,16.0,16.5,9.5,26.0,58.0,1.5,0.0,662.3,678.1,677.6,38.8,629.3,726.5,49.3,21.0,2.39,-2.0,1,1
5729,Tannay,VD,VD_H1,1,6.878326468291325,970.0,0.0,19.9,31.3,17.0,22.1,9.7,31.8,51.2,0.5,8.0,662.3,678.1,677.6,38.8,629.3,726.5,49.3,21.0,2.39,-2.0,1,1
5730,Trélex,VD,VD_H1,1,5.513831890697755,247.1,0.0,22.2,31.0,17.9,22.5,6.4,28.9,53.2,1.5,0.0,662.3,678.1,677.6,38.8,629.3,726.5,49.3,21.0,2.39,-2.0,1,1
5731,Le Vaud,VD,VD_H1,1,6.0879104453762345,439.5,0.0,22.0,33.3,16.7,19.2,8.8,28.0,55.3,1.3,18.0,662.3,678.1,677.6,38.8,629.3,726.5,49.3,21.0,2.39,-2.0,1,1
5732,Vich,VD,VD_H1,1,6.638044091851593,762.6,0.0,28.5,33.3,16.4,16.4,5.5,21.9,61.8,0.7,8.0,662.3,678.1,677.6,38.8,629.3,726.5,49.3,21.0,2.39,-2.0,1,1
5741,L'Abergement,VD,VD_H2,2,3.8628327612373745,46.6,0.0,25.7,34.9,13.8,19.3,6.4,25.700000000000003,60.599999999999994,1.5,0.0,622.5,636.9,630.0,35.4,592.9,671.0,49.2,21.0,2.31,-2.0,1,1
5742,Agiez,VD,VD_H2,2,4.235554730773624,68.1,0.0,26.6,35.7,9.1,18.9,9.8,28.7,62.300000000000004,1.7,6.0,622.5,636.9,630.0,35.4,592.9,671.0,49.2,21.0,2.31,-2.0,1,1
5743,Arnex-sur-Orbe,VD,VD_H2,2,4.522874943261261,91.1,0.0,28.5,32.3,18.1,15.6,5.6,21.2,60.8,2.7,18.0,622.5,636.9,630.0,35.4,592.9,671.0,49.2,21.0,2.31,-2.0,1,1
5744,Ballaigues,VD,VD_H2,2,4.9082333604781745,134.4,0.0,37.9,29.6,13.2,12.8,6.6,19.4,67.5,4.8,57.0,622.5,636.9,630.0,35.4,592.9,671.0,49.2,21.0,2.31,-2.0,1,1
5745,Baulmes,VD,VD_H2,2,3.966511190712216,51.8,0.0,36.3,29.9,14.6,14.6,4.6,19.2,66.19999999999999,4.0,45.0,622.5,636.9,630.0,35.4,592.9,671.0,49.2,21.0,2.31,-2.0,1,1
5746,Bavois,VD,VD_H2,2,4.721173861744398,111.3,0.0,33.7,31.3,16.1,16.3,2.6,18.900000000000002,65.0,1.7,18.0,622.5,636.9,630.0,35.4,592.9,671.0,49.2,21.0,2.31,-2.0,1,1
5747,Bofflens,VD,VD_H2,2,3.8815637979434374,47.5,0.0,23.8,38.1,19.0,14.3,4.8,19.1,61.900000000000006,1.5,0.0,622.5,636.9,630.0,35.4,592.9,671.0,49.2,21.0,2.31,-2.0,1,1
5748,Bretonnières,VD,VD_H2,2,3.8897773964808264,47.9,0.0,24.5,34.3,12.7,20.6,7.8,28.400000000000002,58.8,1.5,0.0,622.5,636.9,630.0,35.4,592.9,671.0,49.2,21.0,2.31,-2.0,1,1
5749,Chavornay,VD,VD_H2,2,5.6461533618195645,282.2,0.0,31.9,29.9,14.5,16.9,6.7,23.599999999999998,61.8,3.4,182.0,622.5,636.9,630.0,35.4,592.9,671.0,49.2,21.0,2.31,-2.0,1,1
5750,Les Clées,VD,VD_H2,2,3.3463891451671604,27.4,0.0,19.8,48.1,16.0,9.9,6.2,16.1,67.9,3.9,7.0,622.5,636.9,630.0,35.4,592.9,671.0,49.2,21.0,2.31,-2.0,1,1
5752,Croy,VD,VD_H2,2,4.51085950651685,90.0,0.0,40.1,28.0,16.5,13.2,2.2,15.399999999999999,68.1,1.5,0.0,622.5,636.9,630.0,35.4,592.9,671.0,49.2,21.0,2.31,-2.0,1,1
5754,Juriens,VD,VD_H2,2,3.6428355156125294,37.2,0.0,28.4,41.9,13.5,11.6,4.5,16.1,70.3,1.5,0.0,622.5,636.9,630.0,35.4,592.9,671.0,49.2,21.0,2.31,-2.0,1,1
5755,Lignerolle,VD,VD_H2,2,3.7909846770510898,43.3,0.0,22.3,37.7,13.1,16.0,10.9,26.9,60.0,4.6,21.0,622.5,636.9,630.0,35.4,592.9,671.0,49.2,21.0,2.31,-2.0,1,1
5756,Montcherand,VD,VD_H2,2,5.0770470596155075,159.3,0.0,26.5,28.6,20.9,18.4,5.6,24.0,55.1,3.9,19.0,622.5,636.9,630.0,35.4,592.9,671.0,49.2,21.0,2.31,-2.0,1,1
5757,Orbe,VD,VD_H2,2,6.496925808374822,662.1,0.0,38.3,28.6,14.0,13.9,5.2,19.1,66.9,5.3,418.0,622.5,636.9,630.0,35.4,592.9,671.0,49.2,21.0,2.31,-2.0,1,1
5758,La Praz,VD,VD_H2,2,3.7232808808312687,40.4,0.0,18.5,44.4,17.3,11.1,8.6,19.7,62.9,1.5,0.0,622.5,636.9,630.0,35.4,592.9,671.0,49.2,21.0,2.31,-2.0,1,1
5759,Premier,VD,VD_H2,2,3.6454498961866,37.3,0.0,33.0,31.0,17.0,14.0,5.0,19.0,64.0,0.0,0.0,622.5,636.9,630.0,35.4,592.9,671.0,49.2,21.0,2.31,-2.0,0,0
5760,Rances,VD,VD_H2,2,3.966511190712216,51.8,0.0,26.2,34.3,17.1,18.1,4.3,22.400000000000002,60.5,1.2,6.0,622.5,636.9,630.0,35.4,592.9,671.0,49.2,21.0,2.31,-2.0,1,1
5761,Romainmôtier-Envy,VD,VD_H2,2,4.396915247167632,80.2,0.0,38.1,33.5,12.8,10.5,5.1,15.6,71.6,3.7,21.0,622.5,636.9,630.0,35.4,592.9,671.0,49.2,21.0,2.31,-2.0,1,1
5762,Sergey,VD,VD_H2,2,4.522874943261261,91.1,0.0,32.2,39.0,10.2,8.5,10.2,18.7,71.2,1.5,0.0,622.5,636.9,630.0,35.4,592.9,671.0,49.2,21.0,2.31,-2.0,1,1
5763,Valeyres-sous-Rances,VD,VD_H2,2,4.523960130562548,91.2,0.0,22.4,38.0,16.9,19.4,3.4,22.799999999999997,60.4,1.8,11.0,622.5,636.9,630.0,35.4,592.9,671.0,49.2,21.0,2.31,-2.0,1,1
5764,Vallorbe,VD,VD_H2,2,5.232177564043492,186.2,0.0,41.6,28.2,12.9,10.2,7.0,17.2,69.8,8.7,356.0,622.5,636.9,630.0,35.4,592.9,671.0,49.2,21.0,2.31,-2.0,1,1
5765,Vaulion,VD,VD_H2,2,3.6402142821326553,37.1,0.0,37.4,35.7,12.6,8.3,6.1,14.4,73.1,3.7,18.0,622.5,636.9,630.0,35.4,592.9,671.0,49.2,21.0,2.31,-2.0,1,1
5766,Vuiteboeuf,VD,VD_H2,2,4.797442073635214,120.2,0.0,30.6,31.0,15.1,16.3,7.1,23.4,61.6,2.2,13.0,622.5,636.9,630.0,35.4,592.9,671.0,49.2,21.0,2.31,-2.0,1,1
5785,Corcelles-le-Jorat,VD,VD_H2,2,4.155753190350744,62.8,0.0,34.7,33.8,11.4,12.3,7.8,20.1,68.5,1.9,10.0,622.5,636.9,630.0,35.4,592.9,671.0,49.2,21.0,2.31,-2.0,1,1
5790,Maracon,VD,VD_H2,2,4.874433672915854,129.9,0.0,31.1,31.1,17.4,13.3,7.1,20.4,62.2,2.1,12.0,622.5,636.9,630.0,35.4,592.9,671.0,49.2,21.0,2.31,-2.0,1,1
5792,Montpreveyres,VD,VD_H2,2,5.076423034634259,159.2,0.0,29.7,29.7,17.5,16.4,6.7,23.099999999999998,59.4,1.5,0.0,622.5,636.9,630.0,35.4,592.9,671.0,49.2,21.0,2.31,-2.0,1,1
5798,Ropraz,VD,VD_H2,2,4.711330381816482,110.2,0.0,31.6,33.3,12.0,16.4,6.7,23.099999999999998,64.9,1.8,10.0,622.5,636.9,630.0,35.4,592.9,671.0,49.2,21.0,2.31,-2.0,1,1
5799,Servion,VD,VD_H2,2,5.867883485336628,352.5,0.0,26.7,29.3,18.3,20.1,5.7,25.8,56.0,3.0,65.0,622.5,636.9,630.0,35.4,592.9,671.0,49.2,21.0,2.31,-2.0,1,1
5803,Vulliens,VD,VD_H2,2,4.5612182984589085,94.7,0.0,28.5,32.4,14.1,17.2,7.8,25.0,60.9,2.6,17.0,622.5,636.9,630.0,35.4,592.9,671.0,49.2,21.0,2.31,-2.0,1,1
5804,Jorat-Menthue,VD,VD_H2,2,4.502029427068578,89.2,0.0,27.6,33.5,17.5,15.9,5.5,21.4,61.1,1.2,18.0,622.5,636.9,630.0,35.4,592.9,671.0,49.2,21.0,2.31,-2.0,1,1
5805,Oron,VD,VD_H2,2,5.49017662782248,241.3,0.0,33.4,29.8,14.6,15.6,6.6,22.2,63.2,4.6,282.0,622.5,636.9,630.0,35.4,592.9,671.0,49.2,21.0,2.31,-2.0,1,1
5806,Jorat-Mézières,VD,VD_H2,2,5.665041646339771,287.6,0.0,34.0,31.1,12.7,16.2,6.0,22.2,65.1,2.5,80.0,622.5,636.9,630.0,35.4,592.9,671.0,49.2,21.0,2.31,-2.0,1,1
5812,Champtauroz,VD,VD_H2,2,4.178992036282385,64.3,0.0,19.7,28.8,18.2,18.2,15.2,33.4,48.5,1.5,0.0,622.5,636.9,630.0,35.4,592.9,671.0,49.2,21.0,2.31,-2.0,1,1
5813,Chevroux,VD,VD_H2,2,4.745801315727837,114.1,0.0,27.7,38.0,14.6,15.5,4.2,19.7,65.7,2.0,11.0,622.5,636.9,630.0,35.4,592.9,671.0,49.2,21.0,2.31,-2.0,1,1
5816,Corcelles-près-Payerne,VD,VD_H2,2,5.510197725583535,246.2,0.0,31.7,31.3,15.1,14.5,7.3,21.8,63.0,5.8,168.0,622.5,636.9,630.0,35.4,592.9,671.0,49.2,21.0,2.31,-2.0,1,1
5817,Grandcour,VD,VD_H2,2,4.571613402459248,95.7,0.0,35.8,26.7,14.7,16.6,6.2,22.8,62.5,5.1,51.0,622.5,636.9,630.0,35.4,592.9,671.0,49.2,21.0,2.31,-2.0,1,1
5819,Henniez,VD,VD_H2,2,5.196838197598183,179.7,0.0,34.1,25.3,9.3,17.6,13.7,31.3,59.400000000000006,7.0,32.0,622.5,636.9,630.0,35.4,592.9,671.0,49.2,21.0,2.31,-2.0,1,1
5821,Missy,VD,VD_H2,2,4.821893169499378,123.2,0.0,26.7,34.7,14.0,13.3,11.3,24.6,61.400000000000006,2.6,10.0,622.5,636.9,630.0,35.4,592.9,671.0,49.2,21.0,2.31,-2.0,1,1
5822,Payerne,VD,VD_H2,2,6.100094711633431,444.9,0.0,38.8,27.4,14.3,12.1,7.4,19.5,66.19999999999999,8.4,888.0,622.5,636.9,630.0,35.4,592.9,671.0,49.2,21.0,2.31,-2.0,1,1
5827,Trey,VD,VD_H2,2,4.441474093317302,83.9,0.0,35.1,28.2,12.2,14.5,9.9,24.4,63.3,2.7,8.0,622.5,636.9,630.0,35.4,592.9,671.0,49.2,21.0,2.31,-2.0,1,1
5828,Treytorrens (Payerne),VD,VD_H2,2,3.5890591188317256,35.2,0.0,28.3,37.0,10.9,21.7,2.2,23.9,65.3,1.5,0.0,622.5,636.9,630.0,35.4,592.9,671.0,49.2,21.0,2.31,-2.0,1,1
5830,Villarzel,VD,VD_H2,2,4.238444906195857,68.3,0.0,29.0,31.9,11.9,19.5,7.6,27.1,60.9,1.4,7.0,622.5,636.9,630.0,35.4,592.9,671.0,49.2,21.0,2.31,-2.0,1,1
5831,Valbroye,VD,VD_H2,2,4.635699391022914,102.1,0.0,32.7,31.7,14.3,13.5,7.8,21.3,64.4,3.7,126.0,622.5,636.9,630.0,35.4,592.9,671.0,49.2,21.0,2.31,-2.0,1,1
5841,Château-d'Oex,VD,VD_H2,2,3.4995332823830174,32.1,0.0,41.8,29.5,12.5,10.1,6.1,16.2,71.3,0.8,27.0,622.5,636.9,630.0,35.4,592.9,671.0,49.2,21.0,2.31,-2.0,1,1
5842,Rossinière,VD,VD_H2,2,3.109060958860994,21.4,0.0,35.2,32.9,10.6,13.0,8.3,21.3,68.1,1.5,0.0,622.5,636.9,630.0,35.4,592.9,671.0,49.2,21.0,2.31,-2.0,1,1
5843,Rougemont,VD,VD_H2,2,2.8735646395797834,16.7,0.0,47.6,32.0,9.2,6.4,4.7,11.100000000000001,79.6,1.5,0.0,622.5,636.9,630.0,35.4,592.9,671.0,49.2,21.0,2.31,-2.0,1,1
5851,Allaman,VD,VD_H1,1,5.110782242701195,164.8,0.0,27.3,38.3,15.8,13.1,5.5,18.6,65.6,1.7,7.0,662.3,678.1,677.6,38.8,629.3,726.5,49.3,21.0,2.39,-2.0,1,1
5852,Bursinel,VD,VD_H1,1,5.703449085754963,298.9,0.0,25.8,31.6,14.8,20.6,7.2,27.8,57.400000000000006,1.5,0.0,662.3,678.1,677.6,38.8,629.3,726.5,49.3,21.0,2.39,-2.0,1,1
5853,Bursins,VD,VD_H1,1,5.491001710377538,241.5,0.0,30.4,30.7,18.0,16.5,4.3,20.8,61.099999999999994,2.3,18.0,662.3,678.1,677.6,38.8,629.3,726.5,49.3,21.0,2.39,-2.0,1,1
5854,Burtigny,VD,VD_H1,1,4.2710950739666,70.6,0.0,31.6,28.4,15.5,14.8,9.7,24.5,60.0,1.5,0.0,662.3,678.1,677.6,38.8,629.3,726.5,49.3,21.0,2.39,-2.0,1,1
5855,Dully,VD,VD_H1,1,5.937536205082426,378.0,0.0,23.9,33.7,18.1,15.6,8.6,24.2,57.6,0.0,0.0,662.3,678.1,677.6,38.8,629.3,726.5,49.3,21.0,2.39,-2.0,0,0
5856,Essertines-sur-Rolle,VD,VD_H1,1,4.735320870453137,112.9,0.0,24.6,28.1,17.4,21.0,8.9,29.9,52.7,0.8,6.0,662.3,678.1,677.6,38.8,629.3,726.5,49.3,21.0,2.39,-2.0,1,1
5857,Gilly,VD,VD_H1,1,5.2295030505476765,185.7,0.0,30.2,32.1,17.1,15.8,4.7,20.5,62.3,0.4,6.0,662.3,678.1,677.6,38.8,629.3,726.5,49.3,21.0,2.39,-2.0,1,1
5858,Luins,VD,VD_H1,1,5.472690753492817,237.1,0.0,28.9,33.8,14.4,17.9,4.9,22.799999999999997,62.699999999999996,1.9,12.0,662.3,678.1,677.6,38.8,629.3,726.5,49.3,21.0,2.39,-2.0,1,1
5859,Mont-sur-Rolle,VD,VD_H1,1,6.570882962339584,713.0,0.0,27.7,29.0,17.6,19.4,6.3,25.7,56.7,1.0,29.0,662.3,678.1,677.6,38.8,629.3,726.5,49.3,21.0,2.39,-2.0,1,1
5860,Perroy,VD,VD_H1,1,6.298029706561264,542.5,0.0,30.8,32.0,15.8,15.4,6.0,21.4,62.8,1.2,19.0,662.3,678.1,677.6,38.8,629.3,726.5,49.3,21.0,2.39,-2.0,1,1
5861,Rolle,VD,VD_H1,1,7.774519575705891,2378.2,1.0,34.0,31.1,15.9,14.2,4.8,19.0,65.1,1.9,123.0,662.3,678.1,677.6,38.8,629.3,726.5,49.3,21.0,2.39,-2.0,1,1
5862,Tartegnin,VD,VD_H1,1,5.37805233456689,215.6,0.0,25.5,33.0,20.2,16.0,5.3,21.3,58.5,0.0,0.0,662.3,678.1,677.6,38.8,629.3,726.5,49.3,21.0,2.39,-2.0,0,0
5863,Vinzel,VD,VD_H1,1,5.865901324132636,351.8,0.0,26.9,37.7,16.8,15.0,3.6,18.6,64.6,0.0,0.0,662.3,678.1,677.6,38.8,629.3,726.5,49.3,21.0,2.39,-2.0,0,0
5871,L'Abbaye,VD,VD_H2,2,3.899950424193877,48.4,0.0,42.0,34.2,9.0,10.2,4.5,14.7,76.2,3.4,52.0,622.5,636.9,630.0,35.4,592.9,671.0,49.2,21.0,2.31,-2.0,1,1
5872,Le Chenit,VD,VD_H2,2,3.8897773964808264,47.9,0.0,42.8,30.7,12.1,9.4,5.1,14.5,73.5,3.0,140.0,622.5,636.9,630.0,35.4,592.9,671.0,49.2,21.0,2.31,-2.0,1,1
5873,Le Lieu,VD,VD_H2,2,3.374168709274236,28.2,0.0,40.3,30.8,11.0,11.9,6.1,18.0,71.1,3.3,30.0,622.5,636.9,630.0,35.4,592.9,671.0,49.2,21.0,2.31,-2.0,1,1
5882,Chardonne,VD,VD_H1,1,5.7829016791088,323.7,0.0,36.0,34.2,15.9,10.5,3.5,14.0,70.2,1.5,49.0,662.3,678.1,677.6,38.8,629.3,726.5,49.3,21.0,2.39,-2.0,1,1
5883,Corseaux,VD,VD_H1,1,7.691519827125696,2188.7,1.0,33.9,37.6,13.0,11.4,4.0,15.4,71.5,2.4,56.0,662.3,678.1,677.6,38.8,629.3,726.5,49.3,21.0,2.39,-2.0,1,1
5884,Corsier-sur-Vevey,VD,VD_H1,1,6.22098770538623,502.2,0.0,39.6,29.4,14.7,11.0,5.2,16.2,69.0,4.6,158.0,662.3,678.1,677.6,38.8,629.3,726.5,49.3,21.0,2.39,-2.0,1,1
5885,Jongny,VD,VD_H1,1,6.795258247754991,892.6,0.0,27.5,35.6,16.3,15.3,5.3,20.6,63.1,0.7,14.0,662.3,678.1,677.6,38.8,629.3,726.5,49.3,21.0,2.39,-2.0,1,1
5886,Montreux,VD,VD_H1,1,6.694314503129313,806.8,0.0,45.2,28.9,12.4,9.0,4.4,13.4,74.1,7.3,1971.0,662.3,678.1,677.6,38.8,629.3,726.5,49.3,21.0,2.39,-2.0,1,1
5889,La Tour-de-Peilz,VD,VD_H1,1,8.276674563917938,3930.1,1.0,41.4,29.5,13.9,10.9,4.2,15.100000000000001,70.9,5.1,638.0,662.3,678.1,677.6,38.8,629.3,726.5,49.3,21.0,2.39,-2.0,1,1
5890,Vevey,VD,VD_H1,1,9.035212875762468,8392.5,1.0,47.4,27.2,12.4,9.4,3.7,13.100000000000001,74.6,8.2,1652.0,662.3,678.1,677.6,38.8,629.3,726.5,49.3,21.0,2.39,-2.0,1,1
5891,Veytaux,VD,VD_H1,1,5.038898759369115,153.3,0.0,52.1,27.2,9.1,7.6,4.0,11.6,79.3,7.7,77.0,662.3,678.1,677.6,38.8,629.3,726.5,49.3,21.0,2.39,-2.0,1,1
5892,Blonay - Saint-Légier,VD,VD_H1,1,5.9909644220663,398.8,0.0,29.2,31.7,15.5,18.1,5.6,23.700000000000003,60.9,1.3,165.0,662.3,678.1,677.6,38.8,629.3,726.5,49.3,21.0,2.39,-2.0,1,1
5902,Belmont-sur-Yverdon,VD,VD_H2,2,4.2456340097683265,68.8,0.0,28.6,29.1,14.8,24.2,3.3,27.5,57.7,1.4,6.0,622.5,636.9,630.0,35.4,592.9,671.0,49.2,21.0,2.31,-2.0,1,1
5903,Bioley-Magnoux,VD,VD_H2,2,4.109233174715851,59.9,0.0,29.9,33.6,10.3,19.6,6.5,26.1,63.5,1.5,0.0,622.5,636.9,630.0,35.4,592.9,671.0,49.2,21.0,2.31,-2.0,1,1
5904,Chamblon,VD,VD_H2,2,5.271459912378154,193.7,0.0,28.3,36.7,16.2,16.2,2.5,18.7,65.0,1.3,7.0,622.5,636.9,630.0,35.4,592.9,671.0,49.2,21.0,2.31,-2.0,1,1
5905,Champvent,VD,VD_H2,2,4.396915247167632,80.2,0.0,23.7,32.9,19.1,16.3,8.1,24.4,56.599999999999994,1.6,12.0,622.5,636.9,630.0,35.4,592.9,671.0,49.2,21.0,2.31,-2.0,1,1
5907,Chavannes-le-Chêne,VD,VD_H2,2,4.400603020246817,80.5,0.0,38.3,37.0,7.8,11.7,5.2,16.9,75.3,1.5,0.0,622.5,636.9,630.0,35.4,592.9,671.0,49.2,21.0,2.31,-2.0,1,1
5908,Chêne-Pâquier,VD,VD_H2,2,4.418840607796598,82.0,0.0,23.4,31.3,15.6,14.1,15.6,29.7,54.7,0.0,0.0,622.5,636.9,630.0,35.4,592.9,671.0,49.2,21.0,2.31,-2.0,0,0
5909,Cheseaux-Noréaz,VD,VD_H2,2,4.819474788635096,122.9,0.0,17.0,36.2,15.5,25.5,5.9,31.4,53.2,2.0,15.0,622.5,636.9,630.0,35.4,592.9,671.0,49.2,21.0,2.31,-2.0,1,1
5910,Cronay,VD,VD_H2,2,4.185098925490565,64.7,0.0,29.7,34.1,15.9,15.4,4.9,20.3,63.8,1.5,6.0,622.5,636.9,630.0,35.4,592.9,671.0,49.2,21.0,2.31,-2.0,1,1
5911,Cuarny,VD,VD_H2,2,3.9871304779149512,52.9,0.0,29.5,35.2,13.3,20.0,1.9,21.9,64.7,1.5,0.0,622.5,636.9,630.0,35.4,592.9,671.0,49.2,21.0,2.31,-2.0,1,1
5912,Démoret,VD,VD_H2,2,3.7232808808312687,40.4,0.0,23.3,47.9,12.3,5.5,11.0,16.5,71.2,0.0,0.0,622.5,636.9,630.0,35.4,592.9,671.0,49.2,21.0,2.31,-2.0,0,0
5913,Donneloye,VD,VD_H2,2,4.631812116934513,101.7,0.0,26.9,33.2,14.4,15.2,10.2,25.4,60.1,2.5,23.0,622.5,636.9,630.0,35.4,592.9,671.0,49.2,21.0,2.31,-2.0,1,1
5914,Ependes (VD),VD,VD_H2,2,4.379523504455763,78.8,0.0,34.7,30.5,13.2,16.8,4.8,21.6,65.2,3.0,12.0,622.5,636.9,630.0,35.4,592.9,671.0,49.2,21.0,2.31,-2.0,1,1
5919,Mathod,VD,VD_H2,2,4.709530201312334,110.0,0.0,29.4,33.1,12.8,17.2,7.4,24.6,62.5,2.2,16.0,622.5,636.9,630.0,35.4,592.9,671.0,49.2,21.0,2.31,-2.0,1,1
5921,Molondin,VD,VD_H2,2,3.912023005428146,49.0,0.0,25.5,36.8,11.3,16.0,10.4,26.4,62.3,1.5,0.0,622.5,636.9,630.0,35.4,592.9,671.0,49.2,21.0,2.31,-2.0,1,1
5922,Montagny-près-Yverdon,VD,VD_H2,2,5.4053764388414445,221.6,0.0,28.5,31.7,15.4,18.9,5.4,24.299999999999997,60.2,1.1,8.0,622.5,636.9,630.0,35.4,592.9,671.0,49.2,21.0,2.31,-2.0,1,1
5923,Oppens,VD,VD_H2,2,4.044804116661965,56.1,0.0,29.7,28.4,14.9,14.9,12.2,27.1,58.099999999999994,1.5,0.0,622.5,636.9,630.0,35.4,592.9,671.0,49.2,21.0,2.31,-2.0,1,1
5924,Orges,VD,VD_H2,2,4.66814498514948,105.5,0.0,29.4,32.9,12.4,17.6,7.6,25.200000000000003,62.3,3.8,16.0,622.5,636.9,630.0,35.4,592.9,671.0,49.2,21.0,2.31,-2.0,1,1
5925,Orzens,VD,VD_H2,2,3.9512437185814275,51.0,0.0,30.2,37.5,15.6,12.5,4.2,16.7,67.7,1.5,0.0,622.5,636.9,630.0,35.4,592.9,671.0,49.2,21.0,2.31,-2.0,1,1
5926,Pomy,VD,VD_H2,2,5.055608659738987,155.9,0.0,19.0,35.0,16.0,21.8,8.3,30.1,54.0,1.5,0.0,622.5,636.9,630.0,35.4,592.9,671.0,49.2,21.0,2.31,-2.0,1,1
5928,Rovray,VD,VD_H2,2,4.120661870539474,60.6,0.0,25.3,40.5,11.4,8.9,13.9,22.8,65.8,0.0,0.0,622.5,636.9,630.0,35.4,592.9,671.0,49.2,21.0,2.31,-2.0,0,0
5929,Suchy,VD,VD_H2,2,4.613138355637268,99.8,0.0,25.6,31.3,16.4,21.8,5.0,26.8,56.900000000000006,1.5,0.0,622.5,636.9,630.0,35.4,592.9,671.0,49.2,21.0,2.31,-2.0,1,1
5930,Suscévaz,VD,VD_H2,2,4.048300623720694,56.3,0.0,26.4,33.3,9.2,16.1,14.9,31.0,59.699999999999996,4.9,11.0,622.5,636.9,630.0,35.4,592.9,671.0,49.2,21.0,2.31,-2.0,1,1
5931,Treycovagnes,VD,VD_H2,2,5.515845179076611,247.6,0.0,25.9,32.3,15.4,19.4,7.0,26.4,58.199999999999996,1.5,0.0,622.5,636.9,630.0,35.4,592.9,671.0,49.2,21.0,2.31,-2.0,1,1
5932,Ursins,VD,VD_H2,2,4.248495242049359,69.0,0.0,23.4,37.2,22.3,9.6,7.4,17.0,60.6,1.5,0.0,622.5,636.9,630.0,35.4,592.9,671.0,49.2,21.0,2.31,-2.0,1,1
5933,Valeyres-sous-Montagny,VD,VD_H2,2,5.740114403903592,310.1,0.0,29.7,35.6,15.0,15.7,3.9,19.599999999999998,65.3,2.9,20.0,622.5,636.9,630.0,35.4,592.9,671.0,49.2,21.0,2.31,-2.0,1,1
5934,Valeyres-sous-Ursins,VD,VD_H2,2,4.417635062141249,81.9,0.0,34.3,33.3,9.8,17.6,4.9,22.5,67.6,1.5,0.0,622.5,636.9,630.0,35.4,592.9,671.0,49.2,21.0,2.31,-2.0,1,1
5935,Villars-Epeney,VD,VD_H2,2,4.841032509710076,125.6,0.0,24.4,22.0,34.1,7.3,12.2,19.5,46.4,1.5,0.0,622.5,636.9,630.0,35.4,592.9,671.0,49.2,21.0,2.31,-2.0,1,1
5937,Vugelles-La Mothe,VD,VD_H2,2,3.883623530906448,47.6,0.0,35.0,28.3,15.0,11.7,10.0,21.7,63.3,1.5,0.0,622.5,636.9,630.0,35.4,592.9,671.0,49.2,21.0,2.31,-2.0,1,1
5938,Yverdon-les-Bains,VD,VD_H2,2,7.712712134594088,2235.6,1.0,41.8,28.1,13.0,11.5,5.6,17.1,69.9,7.7,2338.0,622.5,636.9,630.0,35.4,592.9,671.0,49.2,21.0,2.31,-2.0,1,1
5939,Yvonand,VD,VD_H2,2,5.574432802628352,262.6,0.0,36.4,29.8,13.0,14.6,6.1,20.7,66.2,4.5,159.0,622.5,636.9,630.0,35.4,592.9,671.0,49.2,21.0,2.31,-2.0,1,1
6002,Brig-Glis,VS,VS_H2,2,5.926659323741866,373.9,0.0,39.4,33.3,10.9,11.5,4.8,16.3,72.69999999999999,1.9,268.0,491.0,510.3,506.8,39.7,464.2,563.6,50.4,28.0,3.93,-2.0,1,1
6004,Eggerberg,VS,VS_H2,2,4.041295341132285,55.9,0.0,40.0,42.4,9.4,4.1,4.1,8.2,82.4,1.5,0.0,491.0,510.3,506.8,39.7,464.2,563.6,50.4,28.0,3.93,-2.0,0,0
6007,Naters,VS,VS_H2,2,4.297285406218791,72.5,0.0,36.6,35.4,10.4,12.4,5.3,17.7,72.0,1.4,148.0,491.0,510.3,506.8,39.7,464.2,563.6,50.4,28.0,3.93,-2.0,1,1
6008,Ried-Brig,VS,VS_H2,2,3.903990833730882,48.6,0.0,27.4,36.3,12.5,17.9,6.0,23.9,63.699999999999996,0.7,15.0,491.0,510.3,506.8,39.7,464.2,563.6,50.4,28.0,3.93,-2.0,0,0
6009,Simplon,VS,VS_H2,2,1.410986973710262,3.1,0.0,33.1,37.8,11.0,12.6,5.5,18.1,70.9,0.0,0.0,491.0,510.3,506.8,39.7,464.2,563.6,50.4,28.0,3.93,-2.0,0,0
6010,Termen,VS,VS_H2,2,4.1588830833596715,63.0,0.0,25.9,33.8,13.3,18.5,8.5,27.0,59.699999999999996,1.5,0.0,491.0,510.3,506.8,39.7,464.2,563.6,50.4,28.0,3.93,-2.0,0,0
6011,Zwischbergen,VS,VS_H2,2,0.5877866649021191,0.8,0.0,53.5,37.2,9.3,0.0,0.0,0.0,90.7,0.0,0.0,491.0,510.3,506.8,39.7,464.2,563.6,50.4,28.0,3.93,-2.0,0,0
6021,Ardon,VS,VS_H1,1,5.242275975664412,188.1,0.0,34.1,30.0,14.6,15.1,6.2,21.3,64.1,1.6,60.0,542.7,565.9,561.9,29.9,526.1,603.1,40.1,26.0,4.27,-2.0,1,1
6022,Chamoson,VS,VS_H1,1,4.9141243937154115,135.2,0.0,38.1,33.8,11.6,12.4,4.2,16.6,71.9,1.3,55.0,542.7,565.9,561.9,29.9,526.1,603.1,40.1,26.0,4.27,-2.0,1,1
6023,Conthey,VS,VS_H1,1,4.715816706075155,110.7,0.0,34.0,32.1,14.5,12.9,6.5,19.4,66.1,3.2,293.0,542.7,565.9,561.9,29.9,526.1,603.1,40.1,26.0,4.27,-2.0,1,1
6024,Nendaz,VS,VS_H1,1,4.455509411433685,85.1,0.0,37.8,33.7,12.9,11.8,3.9,15.700000000000001,71.5,0.7,50.0,542.7,565.9,561.9,29.9,526.1,603.1,40.1,26.0,4.27,-2.0,1,1
6025,Vétroz,VS,VS_H1,1,6.4525220286398515,633.3,0.0,29.5,32.1,15.7,15.6,7.1,22.7,61.6,0.7,47.0,542.7,565.9,561.9,29.9,526.1,603.1,40.1,26.0,4.27,-2.0,1,1
6032,Bourg-Saint-Pierre,VS,VS_H1,1,1.252762968495368,2.5,0.0,44.0,33.0,10.0,7.0,6.0,13.0,77.0,1.5,0.0,542.7,565.9,561.9,29.9,526.1,603.1,40.1,26.0,4.27,-2.0,0,0
6033,Liddes,VS,VS_H1,1,2.6461747973841225,13.1,0.0,34.9,35.4,12.4,11.2,6.1,17.299999999999997,70.3,1.5,0.0,542.7,565.9,561.9,29.9,526.1,603.1,40.1,26.0,4.27,-2.0,0,0
6034,Orsières,VS,VS_H1,1,3.044522437723423,20.0,0.0,39.9,27.5,12.5,11.6,8.4,20.0,67.4,0.5,16.0,542.7,565.9,561.9,29.9,526.1,603.1,40.1,26.0,4.27,-2.0,0,0
6035,Sembrancher,VS,VS_H1,1,4.1588830833596715,63.0,0.0,43.5,26.7,12.4,11.0,6.4,17.4,70.2,0.6,7.0,542.7,565.9,561.9,29.9,526.1,603.1,40.1,26.0,4.27,-2.0,0,0
6037,Val de Bagnes,VS,VS_H1,1,3.6136169696133895,36.1,0.0,39.5,31.3,12.1,11.2,5.8,17.0,70.8,0.4,42.0,542.7,565.9,561.9,29.9,526.1,603.1,40.1,26.0,4.27,-2.0,1,1
6052,Bellwald,VS,VS_H2,2,3.295836866004329,26.0,0.0,44.9,30.8,13.0,7.6,3.8,11.399999999999999,75.7,1.5,0.0,491.0,510.3,506.8,39.7,464.2,563.6,50.4,28.0,3.93,-2.0,0,0
6054,Binn,VS,VS_H2,2,1.0986122886681098,2.0,0.0,40.4,33.3,10.5,7.0,8.8,15.8,73.69999999999999,0.0,0.0,491.0,510.3,506.8,39.7,464.2,563.6,50.4,28.0,3.93,-2.0,0,0
6056,Ernen,VS,VS_H2,2,2.797281334830153,15.4,0.0,39.9,41.0,7.3,9.2,2.6,11.799999999999999,80.9,1.5,0.0,491.0,510.3,506.8,39.7,464.2,563.6,50.4,28.0,3.93,-2.0,0,0
6057,Fiesch,VS,VS_H2,2,4.42484663185681,82.5,0.0,42.0,35.1,10.8,7.9,4.3,12.2,77.1,0.7,6.0,491.0,510.3,506.8,39.7,464.2,563.6,50.4,28.0,3.93,-2.0,0,0
6058,Fieschertal,VS,VS_H2,2,1.1314021114911006,2.1,0.0,32.9,30.9,14.5,14.5,7.2,21.7,63.8,1.9,7.0,491.0,510.3,506.8,39.7,464.2,563.6,50.4,28.0,3.93,-2.0,0,0
6061,Lax,VS,VS_H2,2,4.151039905898646,62.5,0.0,39.6,33.1,9.1,8.4,9.7,18.1,72.7,0.0,0.0,491.0,510.3,506.8,39.7,464.2,563.6,50.4,28.0,3.93,-2.0,0,0
6076,Obergoms,VS,VS_H2,2,1.667706820558076,4.3,0.0,40.9,38.1,8.2,9.5,3.4,12.9,79.0,0.0,0.0,491.0,510.3,506.8,39.7,464.2,563.6,50.4,28.0,3.93,-2.0,0,0
6077,Goms,VS,VS_H2,2,2.2925347571405443,8.9,0.0,37.9,38.8,11.0,9.0,3.4,12.4,76.69999999999999,0.6,7.0,491.0,510.3,506.8,39.7,464.2,563.6,50.4,28.0,3.93,-2.0,0,0
6082,Ayent,VS,VS_H1,1,4.399375273008495,80.4,0.0,38.5,32.2,11.9,13.0,4.3,17.3,70.7,0.6,28.0,542.7,565.9,561.9,29.9,526.1,603.1,40.1,26.0,4.27,-2.0,1,1
6083,Evolène,VS,VS_H2,2,2.186051276738094,7.9,0.0,45.6,32.9,9.9,10.3,1.3,11.600000000000001,78.5,0.5,9.0,491.0,510.3,506.8,39.7,464.2,563.6,50.4,28.0,3.93,-2.0,0,0
6084,Hérémence,VS,VS_H2,2,2.7343675094195836,14.4,0.0,39.0,37.4,10.1,10.3,3.2,13.5,76.4,1.5,0.0,491.0,510.3,506.8,39.7,464.2,563.6,50.4,28.0,3.93,-2.0,0,0
6087,Saint-Martin (VS),VS,VS_H2,2,3.1822118404966093,23.1,0.0,41.9,36.0,9.8,7.4,5.0,12.4,77.9,1.5,0.0,491.0,510.3,506.8,39.7,464.2,563.6,50.4,28.0,3.93,-2.0,0,0
6089,Vex,VS,VS_H2,2,5.028475212224587,151.7,0.0,40.7,29.6,12.6,12.2,5.0,17.2,70.30000000000001,0.6,11.0,491.0,510.3,506.8,39.7,464.2,563.6,50.4,28.0,3.93,-2.0,0,0
6090,Mont-Noble,VS,VS_H2,2,3.342861804649192,27.3,0.0,45.2,33.6,11.6,6.8,2.8,9.6,78.80000000000001,0.9,10.0,491.0,510.3,506.8,39.7,464.2,563.6,50.4,28.0,3.93,-2.0,1,1
6101,Agarn,VS,VS_H2,2,4.589040804058207,97.4,0.0,34.2,35.2,12.1,13.9,4.5,18.4,69.4,1.5,0.0,491.0,510.3,506.8,39.7,464.2,563.6,50.4,28.0,3.93,-2.0,0,0
6102,Albinen,VS,VS_H2,2,2.8678989020441064,16.6,0.0,45.5,38.5,9.8,3.5,2.8,6.3,84.0,1.5,0.0,491.0,510.3,506.8,39.7,464.2,563.6,50.4,28.0,3.93,-2.0,0,0
6104,Ergisch,VS,VS_H2,2,1.9740810260220096,6.2,0.0,39.6,41.8,9.9,5.5,3.3,8.8,81.4,0.0,0.0,491.0,510.3,506.8,39.7,464.2,563.6,50.4,28.0,3.93,-2.0,0,0
6109,Inden,VS,VS_H2,2,2.667228206581955,13.4,0.0,54.4,32.4,7.4,2.9,2.9,5.8,86.8,0.0,0.0,491.0,510.3,506.8,39.7,464.2,563.6,50.4,28.0,3.93,-2.0,0,0
6110,Leuk,VS,VS_H2,2,4.378269585796169,78.7,0.0,34.8,35.1,12.2,12.3,5.6,17.9,69.9,1.4,59.0,491.0,510.3,506.8,39.7,464.2,563.6,50.4,28.0,3.93,-2.0,1,1
6111,Leukerbad,VS,VS_H2,2,3.100092288878234,21.2,0.0,48.8,33.2,9.7,5.6,2.7,8.3,82.0,1.4,19.0,491.0,510.3,506.8,39.7,464.2,563.6,50.4,28.0,3.93,-2.0,1,1
6112,Oberems,VS,VS_H2,2,1.33500106673234,2.8,0.0,47.8,29.0,7.2,11.6,4.3,15.899999999999999,76.8,1.5,0.0,491.0,510.3,506.8,39.7,464.2,563.6,50.4,28.0,3.93,-2.0,0,0
6113,Salgesch,VS,VS_H2,2,5.033700567027251,152.5,0.0,31.7,36.4,13.0,13.3,5.7,19.0,68.1,0.5,9.0,491.0,510.3,506.8,39.7,464.2,563.6,50.4,28.0,3.93,-2.0,0,0
6116,Varen,VS,VS_H2,2,4.018183201256536,54.6,0.0,38.4,35.3,12.1,10.6,3.6,14.2,73.69999999999999,1.5,0.0,491.0,510.3,506.8,39.7,464.2,563.6,50.4,28.0,3.93,-2.0,0,0
6117,Guttet-Feschel,VS,VS_H2,2,3.765840495250065,42.2,0.0,38.6,35.7,8.7,13.0,3.9,16.9,74.30000000000001,0.0,0.0,491.0,510.3,506.8,39.7,464.2,563.6,50.4,28.0,3.93,-2.0,0,0
6118,Gampel-Bratsch,VS,VS_H2,2,4.590056548178043,97.5,0.0,36.0,37.3,11.1,11.3,4.3,15.600000000000001,73.3,0.8,17.0,491.0,510.3,506.8,39.7,464.2,563.6,50.4,28.0,3.93,-2.0,1,1
6119,Turtmann-Unterems,VS,VS_H2,2,3.3877743613300146,28.6,0.0,31.8,38.6,11.3,11.7,6.6,18.299999999999997,70.4,2.0,24.0,491.0,510.3,506.8,39.7,464.2,563.6,50.4,28.0,3.93,-2.0,1,1
6131,Bovernier,VS,VS_H1,1,4.301358731606427,72.8,0.0,34.4,33.9,12.9,13.6,5.2,18.8,68.3,0.8,7.0,542.7,565.9,561.9,29.9,526.1,603.1,40.1,26.0,4.27,-2.0,0,0
6133,Fully,VS,VS_H1,1,5.510197725583535,246.2,0.0,36.0,30.5,13.8,14.0,5.6,19.6,66.5,1.6,147.0,542.7,565.9,561.9,29.9,526.1,603.1,40.1,26.0,4.27,-2.0,1,1
6134,Isérables,VS,VS_H1,1,3.983413001514819,52.7,0.0,43.9,29.2,10.9,10.9,5.2,16.1,73.1,1.5,0.0,542.7,565.9,561.9,29.9,526.1,603.1,40.1,26.0,4.27,-2.0,0,0
6135,Leytron,VS,VS_H1,1,4.887337077751762,131.6,0.0,40.1,34.7,10.7,10.9,3.7,14.600000000000001,74.80000000000001,0.5,18.0,542.7,565.9,561.9,29.9,526.1,603.1,40.1,26.0,4.27,-2.0,1,1
6136,Martigny,VS,VS_H1,1,6.527372951241436,682.6,0.0,42.3,29.2,12.9,10.5,5.1,15.6,71.5,4.1,899.0,542.7,565.9,561.9,29.9,526.1,603.1,40.1,26.0,4.27,-2.0,1,1
6137,Martigny-Combe,VS,VS_H1,1,4.162003210695915,63.2,0.0,41.4,31.0,11.7,12.2,3.8,16.0,72.4,0.9,22.0,542.7,565.9,561.9,29.9,526.1,603.1,40.1,26.0,4.27,-2.0,1,1
6139,Riddes,VS,VS_H1,1,5.061961921261596,156.9,0.0,35.6,32.7,13.5,12.6,5.7,18.3,68.30000000000001,1.7,62.0,542.7,565.9,561.9,29.9,526.1,603.1,40.1,26.0,4.27,-2.0,1,1
6140,Saillon,VS,VS_H1,1,5.441118165179708,229.7,0.0,36.2,30.5,14.2,14.1,5.0,19.1,66.7,1.1,35.0,542.7,565.9,561.9,29.9,526.1,603.1,40.1,26.0,4.27,-2.0,0,0
6141,Saxon,VS,VS_H1,1,5.770506106699109,319.7,0.0,38.7,29.4,13.8,12.1,6.0,18.1,68.1,2.7,189.0,542.7,565.9,561.9,29.9,526.1,603.1,40.1,26.0,4.27,-2.0,1,1
6142,Trient,VS,VS_H1,1,1.6863989535702288,4.4,0.0,41.3,30.0,10.0,11.3,7.5,18.8,71.3,1.5,0.0,542.7,565.9,561.9,29.9,526.1,603.1,40.1,26.0,4.27,-2.0,0,0
6151,Champéry,VS,VS_H1,1,3.6136169696133895,36.1,0.0,47.3,32.6,8.1,7.6,4.4,12.0,79.9,0.8,11.0,542.7,565.9,561.9,29.9,526.1,603.1,40.1,26.0,4.27,-2.0,0,0
6152,Collombey-Muraz,VS,VS_H1,1,5.8254099627779,337.8,0.0,29.9,30.2,16.6,16.7,6.5,23.2,60.099999999999994,1.6,159.0,542.7,565.9,561.9,29.9,526.1,603.1,40.1,26.0,4.27,-2.0,1,1
6153,Monthey,VS,VS_H1,1,6.500688889506999,664.6,0.0,38.3,28.9,15.2,12.2,5.5,17.7,67.19999999999999,4.2,788.0,542.7,565.9,561.9,29.9,526.1,603.1,40.1,26.0,4.27,-2.0,1,1
6154,Port-Valais,VS,VS_H1,1,5.7623657987550985,317.1,0.0,34.3,34.2,14.4,11.8,5.4,17.200000000000003,68.5,1.7,74.0,542.7,565.9,561.9,29.9,526.1,603.1,40.1,26.0,4.27,-2.0,1,1
6155,Saint-Gingolph,VS,VS_H1,1,4.334672938290411,75.3,0.0,40.8,30.5,14.3,10.6,3.9,14.5,71.3,2.3,24.0,542.7,565.9,561.9,29.9,526.1,603.1,40.1,26.0,4.27,-2.0,1,1
6156,Troistorrents,VS,VS_H1,1,4.919250732294404,135.9,0.0,35.8,31.9,14.2,12.5,5.5,18.0,67.69999999999999,0.9,45.0,542.7,565.9,561.9,29.9,526.1,603.1,40.1,26.0,4.27,-2.0,0,0
6157,Val-d'Illiez,VS,VS_H1,1,4.018183201256536,54.6,0.0,40.1,30.8,11.6,13.8,3.7,17.5,70.9,0.7,14.0,542.7,565.9,561.9,29.9,526.1,603.1,40.1,26.0,4.27,-2.0,0,0
6158,Vionnaz,VS,VS_H1,1,4.9788005705762375,144.3,0.0,37.2,31.0,13.9,12.0,6.0,18.0,68.2,1.4,40.0,542.7,565.9,561.9,29.9,526.1,603.1,40.1,26.0,4.27,-2.0,0,0
6159,Vouvry,VS,VS_H1,1,4.971894465779825,143.3,0.0,36.2,28.6,15.0,14.1,6.2,20.3,64.80000000000001,2.2,101.0,542.7,565.9,561.9,29.9,526.1,603.1,40.1,26.0,4.27,-2.0,1,1
6172,Bister,VS,VS_H2,2,2.0014800002101243,6.4,0.0,44.4,33.3,5.6,16.7,0.0,16.7,77.69999999999999,1.5,0.0,491.0,510.3,506.8,39.7,464.2,563.6,50.4,28.0,3.93,-2.0,0,0
6173,Bitsch,VS,VS_H2,2,5.289276621895888,197.2,0.0,27.8,33.1,16.6,16.1,6.4,22.5,60.900000000000006,1.5,0.0,491.0,510.3,506.8,39.7,464.2,563.6,50.4,28.0,3.93,-2.0,0,0
6177,Grengiols,VS,VS_H2,2,2.0918640616783932,7.1,0.0,26.1,40.9,15.9,10.2,6.8,17.0,67.0,1.5,0.0,491.0,510.3,506.8,39.7,464.2,563.6,50.4,28.0,3.93,-2.0,0,0
6181,Riederalp,VS,VS_H2,2,3.1780538303479458,23.0,0.0,36.5,32.0,13.5,13.0,5.0,18.0,68.5,1.4,6.0,491.0,510.3,506.8,39.7,464.2,563.6,50.4,28.0,3.93,-2.0,0,0
6191,Ausserberg,VS,VS_H2,2,3.768152635008444,42.3,0.0,34.3,32.9,14.5,13.4,4.9,18.3,67.19999999999999,1.5,0.0,491.0,510.3,506.8,39.7,464.2,563.6,50.4,28.0,3.93,-2.0,0,0
6192,Blatten,VS,VS_H2,2,1.4586150226995167,3.3,0.0,30.8,38.5,9.2,15.4,6.2,21.6,69.3,0.0,0.0,491.0,510.3,506.8,39.7,464.2,563.6,50.4,28.0,3.93,-2.0,0,0
6193,Bürchen,VS,VS_H2,2,4.05871738457895,56.9,0.0,35.4,40.9,10.1,9.8,3.8,13.600000000000001,76.3,0.8,6.0,491.0,510.3,506.8,39.7,464.2,563.6,50.4,28.0,3.93,-2.0,0,0
6194,Eischoll,VS,VS_H2,2,3.5115454388310208,32.5,0.0,30.0,44.8,10.5,11.4,3.3,14.7,74.8,1.5,0.0,491.0,510.3,506.8,39.7,464.2,563.6,50.4,28.0,3.93,-2.0,0,0
6195,Ferden,VS,VS_H2,2,2.2925347571405443,8.9,0.0,37.3,35.6,12.7,11.0,3.4,14.4,72.9,0.0,0.0,491.0,510.3,506.8,39.7,464.2,563.6,50.4,28.0,3.93,-2.0,0,0
6197,Kippel,VS,VS_H2,2,3.374168709274236,28.2,0.0,33.6,32.9,15.1,15.1,3.4,18.5,66.5,0.0,0.0,491.0,510.3,506.8,39.7,464.2,563.6,50.4,28.0,3.93,-2.0,0,0
6198,Niedergesteln,VS,VS_H2,2,3.7727609380946383,42.5,0.0,29.7,34.4,16.3,15.3,4.4,19.700000000000003,64.1,1.5,0.0,491.0,510.3,506.8,39.7,464.2,563.6,50.4,28.0,3.93,-2.0,0,0
6199,Raron,VS,VS_H2,2,4.213607983048918,66.6,0.0,31.4,34.9,13.3,12.9,7.5,20.4,66.3,0.4,7.0,491.0,510.3,506.8,39.7,464.2,563.6,50.4,28.0,3.93,-2.0,1,1
6201,Unterbäch,VS,VS_H2,2,3.122364924487357,21.7,0.0,38.4,36.2,12.9,9.5,3.0,12.5,74.6,1.5,0.0,491.0,510.3,506.8,39.7,464.2,563.6,50.4,28.0,3.93,-2.0,0,0
6202,Wiler (Lötschen),VS,VS_H2,2,3.597312260588446,35.5,0.0,37.2,29.2,9.7,15.0,8.8,23.8,66.4,0.0,0.0,491.0,510.3,506.8,39.7,464.2,563.6,50.4,28.0,3.93,-2.0,0,0
6203,Mörel-Filet,VS,VS_H2,2,4.497584975308154,88.8,0.0,35.1,34.8,10.7,13.7,5.7,19.4,69.9,0.9,7.0,491.0,510.3,506.8,39.7,464.2,563.6,50.4,28.0,3.93,-2.0,0,0
6204,Steg-Hohtenn,VS,VS_H2,2,4.820281565605037,123.0,0.0,38.0,36.3,10.3,10.4,5.1,15.5,74.3,1.1,19.0,491.0,510.3,506.8,39.7,464.2,563.6,50.4,28.0,3.93,-2.0,1,1
6205,Bettmeralp,VS,VS_H2,2,2.8791984572980396,16.8,0.0,38.9,32.8,12.7,13.1,2.6,15.7,71.69999999999999,0.0,0.0,491.0,510.3,506.8,39.7,464.2,563.6,50.4,28.0,3.93,-2.0,0,0
6211,Collonges,VS,VS_H1,1,4.279440045898781,71.2,0.0,44.4,27.5,10.3,12.5,5.4,17.9,71.9,1.6,14.0,542.7,565.9,561.9,29.9,526.1,603.1,40.1,26.0,4.27,-2.0,0,0
6212,Dorénaz,VS,VS_H1,1,4.4942386252808095,88.5,0.0,36.0,30.1,14.6,14.2,5.1,19.299999999999997,66.1,2.0,22.0,542.7,565.9,561.9,29.9,526.1,603.1,40.1,26.0,4.27,-2.0,0,0
6213,Evionnaz,VS,VS_H1,1,3.4719664525503626,31.2,0.0,40.4,30.1,13.3,10.7,5.6,16.299999999999997,70.5,2.0,30.0,542.7,565.9,561.9,29.9,526.1,603.1,40.1,26.0,4.27,-2.0,0,0
6214,Finhaut,VS,VS_H1,1,2.9601050959108397,18.3,0.0,43.6,31.5,9.9,8.3,6.6,14.9,75.1,1.8,7.0,542.7,565.9,561.9,29.9,526.1,603.1,40.1,26.0,4.27,-2.0,1,1
6215,Massongex,VS,VS_H1,1,5.7720639820726065,320.2,0.0,33.7,32.7,13.3,13.2,7.1,20.299999999999997,66.4,2.1,42.0,542.7,565.9,561.9,29.9,526.1,603.1,40.1,26.0,4.27,-2.0,1,1
6217,Saint-Maurice,VS,VS_H1,1,5.739471317064708,309.9,0.0,35.9,30.0,14.7,12.6,6.8,19.4,65.9,2.9,135.0,542.7,565.9,561.9,29.9,526.1,603.1,40.1,26.0,4.27,-2.0,1,1
6218,Salvan,VS,VS_H1,1,3.367295829986474,28.0,0.0,41.0,33.2,11.9,9.7,4.1,13.799999999999999,74.2,1.6,23.0,542.7,565.9,561.9,29.9,526.1,603.1,40.1,26.0,4.27,-2.0,1,1
6219,Vernayaz,VS,VS_H1,1,5.846149715943123,344.9,0.0,37.8,30.4,14.1,12.4,5.4,17.8,68.19999999999999,2.8,51.0,542.7,565.9,561.9,29.9,526.1,603.1,40.1,26.0,4.27,-2.0,1,1
6220,Vérossaz,VS,VS_H1,1,4.160444363926624,63.1,0.0,30.0,33.2,12.6,19.6,4.6,24.200000000000003,63.2,0.0,0.0,542.7,565.9,561.9,29.9,526.1,603.1,40.1,26.0,4.27,-2.0,0,0
6232,Chalais,VS,VS_H1,1,5.089446474520545,161.3,0.0,37.2,32.4,12.4,12.8,5.2,18.0,69.6,0.9,34.0,542.7,565.9,561.9,29.9,526.1,603.1,40.1,26.0,4.27,-2.0,1,1
6235,Chippis,VS,VS_H1,1,6.710279474416505,819.8,0.0,35.3,29.3,16.7,12.8,5.9,18.700000000000003,64.6,1.3,21.0,542.7,565.9,561.9,29.9,526.1,603.1,40.1,26.0,4.27,-2.0,0,0
6238,Grône,VS,VS_H1,1,4.822697998516666,123.3,0.0,33.8,31.2,15.3,14.1,5.5,19.6,65.0,1.6,40.0,542.7,565.9,561.9,29.9,526.1,603.1,40.1,26.0,4.27,-2.0,1,1
6239,Icogne,VS,VS_H1,1,3.288401887516811,25.8,0.0,37.4,32.7,13.5,13.1,3.4,16.5,70.1,1.5,0.0,542.7,565.9,561.9,29.9,526.1,603.1,40.1,26.0,4.27,-2.0,0,0
6240,Lens,VS,VS_H1,1,5.792708683850602,326.9,0.0,42.1,33.3,11.2,9.7,3.8,13.5,75.4,0.4,16.0,542.7,565.9,561.9,29.9,526.1,603.1,40.1,26.0,4.27,-2.0,1,1
6246,Saint-Léonard,VS,VS_H1,1,6.519589667952034,677.3,0.0,30.8,32.5,16.0,16.6,4.0,20.6,63.3,0.7,17.0,542.7,565.9,561.9,29.9,526.1,603.1,40.1,26.0,4.27,-2.0,0,0
6248,Sierre,VS,VS_H1,1,6.838405200847344,932.0,0.0,41.7,30.1,13.1,10.5,4.6,15.1,71.80000000000001,3.5,612.0,542.7,565.9,561.9,29.9,526.1,603.1,40.1,26.0,4.27,-2.0,1,1
6252,Anniviers,VS,VS_H2,2,2.5257286443082556,11.5,0.0,44.1,31.9,10.7,9.2,4.0,13.2,76.0,1.5,0.0,491.0,510.3,506.8,39.7,464.2,563.6,50.4,28.0,3.93,-2.0,0,0
6253,Crans-Montana,VS,VS_H1,1,5.17558460116574,175.9,0.0,43.8,31.8,12.1,9.3,3.1,12.4,75.6,0.3,35.0,542.7,565.9,561.9,29.9,526.1,603.1,40.1,26.0,4.27,-2.0,0,0
6254,Noble-Contrée,VS,VS_H1,1,6.583409222158765,722.0,0.0,32.8,32.2,14.5,14.1,6.5,20.6,65.0,0.5,25.0,542.7,565.9,561.9,29.9,526.1,603.1,40.1,26.0,4.27,-2.0,1,1
6261,Arbaz,VS,VS_H1,1,4.3476939555933765,76.3,0.0,33.4,37.5,13.7,11.6,3.8,15.399999999999999,70.9,1.6,23.0,542.7,565.9,561.9,29.9,526.1,603.1,40.1,26.0,4.27,-2.0,0,0
6263,Grimisuat,VS,VS_H1,1,6.792681071136672,890.3,0.0,29.3,31.7,15.3,16.6,7.0,23.6,61.0,1.0,39.0,542.7,565.9,561.9,29.9,526.1,603.1,40.1,26.0,4.27,-2.0,1,1
6265,Savièse,VS,VS_H1,1,4.767289035464526,116.6,0.0,36.3,33.3,13.6,12.2,4.6,16.799999999999997,69.6,0.7,59.0,542.7,565.9,561.9,29.9,526.1,603.1,40.1,26.0,4.27,-2.0,0,0
6266,Sion,VS,VS_H1,1,6.9724187923078595,1065.8,1.0,44.1,28.4,12.1,10.6,4.9,15.5,72.5,5.0,1815.0,542.7,565.9,561.9,29.9,526.1,603.1,40.1,26.0,4.27,-2.0,1,1
6267,Veysonnaz,VS,VS_H1,1,6.290828124333601,538.6,0.0,40.8,34.2,8.2,12.3,4.5,16.8,75.0,1.5,0.0,542.7,565.9,561.9,29.9,526.1,603.1,40.1,26.0,4.27,-2.0,0,0
6281,Baltschieder,VS,VS_H2,2,3.8155121050473024,44.4,0.0,26.4,33.8,14.0,18.3,7.4,25.700000000000003,60.199999999999996,1.5,0.0,491.0,510.3,506.8,39.7,464.2,563.6,50.4,28.0,3.93,-2.0,0,0
6282,Eisten,VS,VS_H2,2,1.8082887711792655,5.1,0.0,40.8,38.8,14.3,4.1,2.0,6.1,79.6,0.0,0.0,491.0,510.3,506.8,39.7,464.2,563.6,50.4,28.0,3.93,-2.0,0,0
6283,Embd,VS,VS_H2,2,3.0587070727153796,20.3,0.0,25.0,42.2,14.7,14.7,3.4,18.099999999999998,67.2,1.5,0.0,491.0,510.3,506.8,39.7,464.2,563.6,50.4,28.0,3.93,-2.0,0,0
6285,Grächen,VS,VS_H2,2,4.534747721691546,92.2,0.0,40.7,33.4,12.4,10.2,3.3,13.5,74.1,1.5,0.0,491.0,510.3,506.8,39.7,464.2,563.6,50.4,28.0,3.93,-2.0,0,0
6286,Lalden,VS,VS_H2,2,6.3726369626471016,584.6,0.0,29.9,38.3,10.8,13.9,7.1,21.0,68.19999999999999,1.5,0.0,491.0,510.3,506.8,39.7,464.2,563.6,50.4,28.0,3.93,-2.0,0,0
6287,Randa,VS,VS_H2,2,2.2617630984737906,8.6,0.0,40.8,27.5,10.9,17.1,3.8,20.900000000000002,68.3,1.5,0.0,491.0,510.3,506.8,39.7,464.2,563.6,50.4,28.0,3.93,-2.0,0,0
6288,Saas-Almagell,VS,VS_H2,2,1.5040773967762742,3.5,0.0,35.3,31.2,15.3,14.1,4.1,18.2,66.5,1.5,0.0,491.0,510.3,506.8,39.7,464.2,563.6,50.4,28.0,3.93,-2.0,0,0
6289,Saas-Balen,VS,VS_H2,2,2.509599262378372,11.3,0.0,36.2,37.4,12.9,11.7,1.8,13.5,73.6,1.5,0.0,491.0,510.3,506.8,39.7,464.2,563.6,50.4,28.0,3.93,-2.0,0,0
6290,Saas-Fee,VS,VS_H2,2,3.728100167267218,40.6,0.0,46.6,30.8,10.1,9.3,3.2,12.5,77.4,0.6,10.0,491.0,510.3,506.8,39.7,464.2,563.6,50.4,28.0,3.93,-2.0,0,0
6291,Saas-Grund,VS,VS_H2,2,3.775057150354989,42.6,0.0,37.6,30.8,12.7,16.2,2.7,18.9,68.4,0.8,9.0,491.0,510.3,506.8,39.7,464.2,563.6,50.4,28.0,3.93,-2.0,0,0
6292,St. Niklaus,VS,VS_H2,2,3.288401887516811,25.8,0.0,29.6,37.4,12.8,15.1,5.1,20.2,67.0,0.6,13.0,491.0,510.3,506.8,39.7,464.2,563.6,50.4,28.0,3.93,-2.0,0,0
6293,Stalden (VS),VS,VS_H2,2,4.671893818030999,105.9,0.0,35.4,36.8,11.5,12.9,3.4,16.3,72.19999999999999,1.5,0.0,491.0,510.3,506.8,39.7,464.2,563.6,50.4,28.0,3.93,-2.0,0,0
6294,Staldenried,VS,VS_H2,2,3.696351468952637,39.3,0.0,32.6,33.1,15.3,14.9,4.1,19.0,65.7,1.5,0.0,491.0,510.3,506.8,39.7,464.2,563.6,50.4,28.0,3.93,-2.0,0,0
6295,Täsch,VS,VS_H2,2,3.1441522786722644,22.2,0.0,35.9,31.3,16.3,12.3,4.2,16.5,67.2,0.7,10.0,491.0,510.3,506.8,39.7,464.2,563.6,50.4,28.0,3.93,-2.0,0,0
6296,Törbel,VS,VS_H2,2,3.414442608412176,29.4,0.0,28.6,39.5,12.4,15.2,4.3,19.5,68.1,1.5,0.0,491.0,510.3,506.8,39.7,464.2,563.6,50.4,28.0,3.93,-2.0,0,0
6297,Visp,VS,VS_H2,2,6.508023702721733,669.5,0.0,38.4,32.0,12.2,11.7,5.8,17.5,70.4,2.0,170.0,491.0,510.3,506.8,39.7,464.2,563.6,50.4,28.0,3.93,-2.0,1,1
6298,Visperterminen,VS,VS_H2,2,3.2771447329921766,25.5,0.0,34.7,33.3,10.2,17.1,4.8,21.900000000000002,68.0,1.5,0.0,491.0,510.3,506.8,39.7,464.2,563.6,50.4,28.0,3.93,-2.0,0,0
6299,Zeneggen,VS,VS_H2,2,3.871201010907891,47.0,0.0,28.6,34.7,19.0,9.5,8.2,17.7,63.300000000000004,0.0,0.0,491.0,510.3,506.8,39.7,464.2,563.6,50.4,28.0,3.93,-2.0,0,0
6300,Zermatt,VS,VS_H2,2,3.261935314328648,25.1,0.0,49.3,28.6,11.0,8.6,2.4,11.0,77.9,0.3,17.0,491.0,510.3,506.8,39.7,464.2,563.6,50.4,28.0,3.93,-2.0,0,0
